{"type":"FeatureCollection","metadata":{"source":"api.pota.app","entity":"KR (137)","fetched_at":"2026-04-20T05:41:05.904Z","count":1269},"features":[{"type":"Feature","geometry":{"type":"Point","coordinates":[127.731,35.337]},"properties":{"ref":"KR-0001","name":"지리산국립공원 Mountain Park","grid":"PM35ui","locations":"KR-CB,KR-CN,KR-KN","activations":34,"attempts":34,"qsos":451}},{"type":"Feature","geometry":{"type":"Point","coordinates":[129.345,35.8018]},"properties":{"ref":"KR-0002","name":"경주국립공원 National Historical Park","grid":"PM45qt","locations":"KR-KB","activations":17,"attempts":18,"qsos":270}},{"type":"Feature","geometry":{"type":"Point","coordinates":[127.2,36.3519]},"properties":{"ref":"KR-0003","name":"계룡산국립공원 Mountain Park","grid":"PM36oi","locations":"KR-HN","activations":8,"attempts":8,"qsos":142}},{"type":"Feature","geometry":{"type":"Point","coordinates":[127.982,34.7541]},"properties":{"ref":"KR-0004","name":"한려해상국립공원 National Marine Park","grid":"PM34xs","locations":"KR-CN,KR-KN","activations":29,"attempts":30,"qsos":824}},{"type":"Feature","geometry":{"type":"Point","coordinates":[128.465,38.1191]},"properties":{"ref":"KR-0005","name":"설악산국립공원 Mountain Park","grid":"PM48fc","locations":"KR-KW","activations":8,"attempts":8,"qsos":113}},{"type":"Feature","geometry":{"type":"Point","coordinates":[127.871,36.5433]},"properties":{"ref":"KR-0006","name":"속리산국립공원 Mountain Park","grid":"PM36wn","locations":"KR-HB,KR-KB","activations":7,"attempts":10,"qsos":137}},{"type":"Feature","geometry":{"type":"Point","coordinates":[126.536,33.3612]},"properties":{"ref":"KR-0007","name":"한라산국립공원 Mountain Park","grid":"PM33gi","locations":"KR-CJ","activations":27,"attempts":75,"qsos":781}},{"type":"Feature","geometry":{"type":"Point","coordinates":[126.889,35.4784]},"properties":{"ref":"KR-0008","name":"내장산국립공원 Mountain Park","grid":"PM35kl","locations":"KR-CB,KR-CN","activations":8,"attempts":11,"qsos":127}},{"type":"Feature","geometry":{"type":"Point","coordinates":[128.123,35.8226]},"properties":{"ref":"KR-0009","name":"가야산국립공원 Mountain Park","grid":"PM45bt","locations":"KR-KB,KR-KN","activations":11,"attempts":11,"qsos":182}},{"type":"Feature","geometry":{"type":"Point","coordinates":[127.746,35.86]},"properties":{"ref":"KR-0010","name":"덕유산국립공원 Mountain Park","grid":"PM35uu","locations":"KR-CB,KR-KN","activations":30,"attempts":31,"qsos":416}},{"type":"Feature","geometry":{"type":"Point","coordinates":[128.544,37.7946]},"properties":{"ref":"KR-0011","name":"오대산국립공원 Mountain Park","grid":"PM47gt","locations":"KR-KW","activations":3,"attempts":3,"qsos":38}},{"type":"Feature","geometry":{"type":"Point","coordinates":[129.208,36.4078]},"properties":{"ref":"KR-0012","name":"주왕산국립공원 Mountain Park","grid":"PM46oj","locations":"KR-KB","activations":3,"attempts":3,"qsos":38}},{"type":"Feature","geometry":{"type":"Point","coordinates":[126.297,36.6539]},"properties":{"ref":"KR-0013","name":"태안해안국립공원 National Marine Park","grid":"PM36dp","locations":"KR-HN","activations":10,"attempts":11,"qsos":2262}},{"type":"Feature","geometry":{"type":"Point","coordinates":[126.792,34.2579]},"properties":{"ref":"KR-0014","name":"다도해해상국립공원 National Marine Park","grid":"PM34jg","locations":"KR-CN","activations":16,"attempts":17,"qsos":6610}},{"type":"Feature","geometry":{"type":"Point","coordinates":[126.978,37.6587]},"properties":{"ref":"KR-0015","name":"북한산국립공원 Bukhansan National Park National Park","grid":"PM37lp","locations":"KR-KG,KR-SO","activations":12,"attempts":12,"qsos":303}},{"type":"Feature","geometry":{"type":"Point","coordinates":[128.056,37.365]},"properties":{"ref":"KR-0016","name":"치악산국립공원 Mountain Park","grid":"PM47ai","locations":"KR-KW","activations":4,"attempts":4,"qsos":46}},{"type":"Feature","geometry":{"type":"Point","coordinates":[128.106,36.8861]},"properties":{"ref":"KR-0017","name":"월악산 국립공원 Mountain Park","grid":"PM46bv","locations":"KR-HB,KR-KB","activations":10,"attempts":12,"qsos":235}},{"type":"Feature","geometry":{"type":"Point","coordinates":[128.485,36.9575]},"properties":{"ref":"KR-0018","name":"소백산국립공원 Mountain Park","grid":"PM46fw","locations":"KR-HB,KR-KB","activations":7,"attempts":7,"qsos":94}},{"type":"Feature","geometry":{"type":"Point","coordinates":[126.583,35.6232]},"properties":{"ref":"KR-0019","name":"변산반도국립공원 Mountain Park","grid":"PM35go","locations":"KR-CB","activations":2,"attempts":2,"qsos":25}},{"type":"Feature","geometry":{"type":"Point","coordinates":[126.704,34.7667]},"properties":{"ref":"KR-0020","name":"월출산국립공원 Mountain Park","grid":"PM34is","locations":"KR-CN","activations":3,"attempts":3,"qsos":33}},{"type":"Feature","geometry":{"type":"Point","coordinates":[127.003,35.1209]},"properties":{"ref":"KR-0021","name":"무등산국립공원 Mountain Park","grid":"PM35mc","locations":"KR-CN,KR-KJ","activations":9,"attempts":11,"qsos":150}},{"type":"Feature","geometry":{"type":"Point","coordinates":[128.916,37.0986]},"properties":{"ref":"KR-0022","name":"태백산국립공원 Mountain Park","grid":"PM47kc","locations":"KR-KB,KR-KW","activations":10,"attempts":10,"qsos":135}},{"type":"Feature","geometry":{"type":"Point","coordinates":[128.3,36.0918]},"properties":{"ref":"KR-0023","name":"금오산도립공원 Provincial Park","grid":"PM46dc","locations":"KR-KB","activations":8,"attempts":8,"qsos":117}},{"type":"Feature","geometry":{"type":"Point","coordinates":[127.188,37.4584]},"properties":{"ref":"KR-0024","name":"남한산성도립공원 Provincial Park","grid":"PM37ol","locations":"KR-KG","activations":30,"attempts":31,"qsos":572}},{"type":"Feature","geometry":{"type":"Point","coordinates":[127.085,35.7286]},"properties":{"ref":"KR-0025","name":"모악산도립공원 Provincial Park","grid":"PM35nr","locations":"KR-CB","activations":21,"attempts":21,"qsos":238}},{"type":"Feature","geometry":{"type":"Point","coordinates":[126.608,36.7066]},"properties":{"ref":"KR-0026","name":"덕산도립공원 Provincial Park","grid":"PM36hq","locations":"KR-HN","activations":7,"attempts":8,"qsos":144}},{"type":"Feature","geometry":{"type":"Point","coordinates":[126.885,36.413]},"properties":{"ref":"KR-0027","name":"칠갑산도립공원 Provincial Park","grid":"PM36kj","locations":"KR-HN","activations":1,"attempts":1,"qsos":11}},{"type":"Feature","geometry":{"type":"Point","coordinates":[127.32,36.1246]},"properties":{"ref":"KR-0028","name":"대둔산도립공원 Provincial Park","grid":"PM36pc","locations":"KR-CB","activations":8,"attempts":8,"qsos":141}},{"type":"Feature","geometry":{"type":"Point","coordinates":[127.411,35.7606]},"properties":{"ref":"KR-0029","name":"마이산도립공원 Provincial Park","grid":"PM35qs","locations":"KR-CB","activations":5,"attempts":6,"qsos":113}},{"type":"Feature","geometry":{"type":"Point","coordinates":[129.003,35.6203]},"properties":{"ref":"KR-0030","name":"가지산도립공원 Provincial Park","grid":"PM45mo","locations":"KR-KB,KR-KN,KR-UL","activations":20,"attempts":22,"qsos":376}},{"type":"Feature","geometry":{"type":"Point","coordinates":[127.314,35.0013]},"properties":{"ref":"KR-0031","name":"조계산도립공원 Provincial Park","grid":"PM35pa","locations":"KR-CN","activations":2,"attempts":2,"qsos":22}},{"type":"Feature","geometry":{"type":"Point","coordinates":[126.638,34.4719]},"properties":{"ref":"KR-0032","name":"두륜산도립공원 Provincial Park","grid":"PM34hl","locations":"KR-CN","activations":1,"attempts":1,"qsos":21}},{"type":"Feature","geometry":{"type":"Point","coordinates":[126.576,35.5191]},"properties":{"ref":"KR-0033","name":"선운산도립공원 Provincial Park","grid":"PM35gm","locations":"KR-CB","activations":1,"attempts":1,"qsos":14}},{"type":"Feature","geometry":{"type":"Point","coordinates":[128.648,36.0154]},"properties":{"ref":"KR-0034","name":"팔공산국립공원 National Park","grid":"PM46ha","locations":"KR-KB,KR-TG","activations":22,"attempts":23,"qsos":315}},{"type":"Feature","geometry":{"type":"Point","coordinates":[128.075,36.7624]},"properties":{"ref":"KR-0035","name":"문경세재도립공원 Provincial Park","grid":"PM46as","locations":"KR-KB","activations":2,"attempts":2,"qsos":23}},{"type":"Feature","geometry":{"type":"Point","coordinates":[128.909,37.8035]},"properties":{"ref":"KR-0036","name":"경포도립공원 Gyeongpo Provincial Park","grid":"PM47kt","locations":"KR-KW","activations":2,"attempts":2,"qsos":51}},{"type":"Feature","geometry":{"type":"Point","coordinates":[128.909,36.7943]},"properties":{"ref":"KR-0037","name":"청량산도립공원 Provincial Park","grid":"PM46kt","locations":"KR-KB","activations":1,"attempts":1,"qsos":21}},{"type":"Feature","geometry":{"type":"Point","coordinates":[128.262,35.0631]},"properties":{"ref":"KR-0038","name":"연화산도립공원 Provincial Park","grid":"PM45db","locations":"KR-KN","activations":4,"attempts":5,"qsos":94}},{"type":"Feature","geometry":{"type":"Point","coordinates":[127.238,36.6114]},"properties":{"ref":"KR-0039","name":"고복도립공원 Provincial Park","grid":"PM36oo","locations":"KR-SJ","activations":2,"attempts":2,"qsos":27}},{"type":"Feature","geometry":{"type":"Point","coordinates":[126.92,34.5317]},"properties":{"ref":"KR-0040","name":"천관산도립공원 Provincial Park","grid":"PM34lm","locations":"KR-CN","activations":1,"attempts":2,"qsos":16}},{"type":"Feature","geometry":{"type":"Point","coordinates":[127.414,37.8988]},"properties":{"ref":"KR-0041","name":"연인산도립공원 Provincial Park","grid":"PM37qv","locations":"KR-KG","activations":2,"attempts":2,"qsos":25}},{"type":"Feature","geometry":{"type":"Point","coordinates":[126.121,34.7173]},"properties":{"ref":"KR-0042","name":"신안갯벌도립공원 Provincial Park","grid":"PM34br","locations":"KR-CN","activations":5,"attempts":6,"qsos":96}},{"type":"Feature","geometry":{"type":"Point","coordinates":[126.4,35.0506]},"properties":{"ref":"KR-0043","name":"무안갯벌도립공원 Provincial Park","grid":"PM35eb","locations":"KR-CN","activations":1,"attempts":1,"qsos":12}},{"type":"Feature","geometry":{"type":"Point","coordinates":[126.268,33.1138]},"properties":{"ref":"KR-0044","name":"마라해양도립공원 Provincial Park","grid":"PM33dc","locations":"KR-CJ","activations":2,"attempts":2,"qsos":29}},{"type":"Feature","geometry":{"type":"Point","coordinates":[126.94,33.4595]},"properties":{"ref":"KR-0045","name":"성산일출해양도립공원 Provincial Park","grid":"PM33ll","locations":"KR-CJ","activations":1,"attempts":1,"qsos":10}},{"type":"Feature","geometry":{"type":"Point","coordinates":[126.56,33.2375]},"properties":{"ref":"KR-0046","name":"서귀포해양도립공원 Provincial Park","grid":"PM33gf","locations":"KR-CJ","activations":0,"attempts":1,"qsos":1}},{"type":"Feature","geometry":{"type":"Point","coordinates":[126.966,33.493]},"properties":{"ref":"KR-0048","name":"우도해양도립공원 Provincial Park","grid":"PM33ll","locations":"KR-CJ","activations":2,"attempts":2,"qsos":23}},{"type":"Feature","geometry":{"type":"Point","coordinates":[126.914,37.3729]},"properties":{"ref":"KR-0049","name":"수리산도립공원 Provincial Park","grid":"PM37ki","locations":"KR-KG","activations":5,"attempts":7,"qsos":225}},{"type":"Feature","geometry":{"type":"Point","coordinates":[126.274,33.2836]},"properties":{"ref":"KR-0050","name":"제주곶자왈도립공원 Provincial Park","grid":"PM33dg","locations":"KR-CJ","activations":5,"attempts":5,"qsos":103}},{"type":"Feature","geometry":{"type":"Point","coordinates":[127.395,34.7916]},"properties":{"ref":"KR-0051","name":"벌교갯벌도립공원 Provincial Park","grid":"PM34qs","locations":"KR-CN","activations":1,"attempts":1,"qsos":11}},{"type":"Feature","geometry":{"type":"Point","coordinates":[126.565,35.1908]},"properties":{"ref":"KR-0052","name":"불갑산도립공원 Provincial Park","grid":"PM35ge","locations":"KR-CN","activations":2,"attempts":2,"qsos":24}},{"type":"Feature","geometry":{"type":"Point","coordinates":[130.867,37.498]},"properties":{"ref":"KR-0053","name":"울릉도.독도국가지질공원 Geopark","grid":"PM57kl","locations":"KR-KB","activations":3,"attempts":3,"qsos":69}},{"type":"Feature","geometry":{"type":"Point","coordinates":[126.163,33.2951]},"properties":{"ref":"KR-0054","name":"제주도국가지질공원 Geopark","grid":"PM33bh","locations":"KR-CJ","activations":8,"attempts":8,"qsos":340}},{"type":"Feature","geometry":{"type":"Point","coordinates":[129.145,35.192]},"properties":{"ref":"KR-0055","name":"부산국가지질공원 Geopark","grid":"PM45ne","locations":"KR-PU","activations":12,"attempts":12,"qsos":496}},{"type":"Feature","geometry":{"type":"Point","coordinates":[128.984,36.3311]},"properties":{"ref":"KR-0056","name":"청송국가지질공원 Geopark","grid":"PM46lh","locations":"KR-KB","activations":1,"attempts":1,"qsos":15}},{"type":"Feature","geometry":{"type":"Point","coordinates":[127.748,38.0382]},"properties":{"ref":"KR-0057","name":"강원평화지역국가지질공원 Geopark","grid":"PM38ua","locations":"KR-KW","activations":0,"attempts":0,"qsos":0}},{"type":"Feature","geometry":{"type":"Point","coordinates":[127.091,35.1696]},"properties":{"ref":"KR-0058","name":"무등산권국가지질공원 Geopark","grid":"PM35ne","locations":"KR-CN","activations":1,"attempts":1,"qsos":26}},{"type":"Feature","geometry":{"type":"Point","coordinates":[127.288,38.1877]},"properties":{"ref":"KR-0059","name":"한탄강국가지질공원 Geopark","grid":"PM38pe","locations":"KR-KW","activations":5,"attempts":6,"qsos":186}},{"type":"Feature","geometry":{"type":"Point","coordinates":[128.434,37.2052]},"properties":{"ref":"KR-0060","name":"강원고생대국가지질공원 Geopark","grid":"PM47fe","locations":"KR-KW","activations":1,"attempts":1,"qsos":19}},{"type":"Feature","geometry":{"type":"Point","coordinates":[129.474,35.6867]},"properties":{"ref":"KR-0061","name":"경북동해안국가지질공원 Geopark","grid":"PM45rq","locations":"KR-KB","activations":0,"attempts":0,"qsos":0}},{"type":"Feature","geometry":{"type":"Point","coordinates":[126.453,35.4694]},"properties":{"ref":"KR-0062","name":"전북서해안권국가지질공원 Geopark","grid":"PM35fl","locations":"KR-CB","activations":2,"attempts":2,"qsos":36}},{"type":"Feature","geometry":{"type":"Point","coordinates":[124.703,37.8246]},"properties":{"ref":"KR-0063","name":"백령.대청국가지질공원 Geopark","grid":"PM27it","locations":"KR-KG","activations":5,"attempts":5,"qsos":2603}},{"type":"Feature","geometry":{"type":"Point","coordinates":[127.534,35.8138]},"properties":{"ref":"KR-0064","name":"진안.무주국가지질공원 Geopark","grid":"PM35st","locations":"KR-CB","activations":3,"attempts":3,"qsos":68}},{"type":"Feature","geometry":{"type":"Point","coordinates":[128.342,37.001]},"properties":{"ref":"KR-0065","name":"단양국가지질공원 Geopark","grid":"PM47ea","locations":"KR-HN","activations":0,"attempts":0,"qsos":0}},{"type":"Feature","geometry":{"type":"Point","coordinates":[127.101,38.2821]},"properties":{"ref":"KR-0067","name":"강원생태평화유네스코생물권보전지역\tGangwon(and Yeoncheon) Biosphere Reserve","grid":"PM38ng","locations":"KR-KG,KR-KW","activations":0,"attempts":0,"qsos":0}},{"type":"Feature","geometry":{"type":"Point","coordinates":[126.438,35.4482]},"properties":{"ref":"KR-0069","name":"고창유네스코생물권보전지역\tGochang Biosphere Reserve","grid":"PM35fk","locations":"KR-CB","activations":2,"attempts":2,"qsos":26}},{"type":"Feature","geometry":{"type":"Point","coordinates":[127.166,37.7548]},"properties":{"ref":"KR-0070","name":"광릉숲유네스코생물권보전지역\tGwangneung Forest Biosphere Reserve","grid":"PM37ns","locations":"KR-KG","activations":3,"attempts":3,"qsos":61}},{"type":"Feature","geometry":{"type":"Point","coordinates":[128.465,38.119]},"properties":{"ref":"KR-0071","name":"설악산유네스코생물권보전지역\tSeoraksan Mountain Biosphere Reserve","grid":"PM48fc","locations":"KR-KW","activations":7,"attempts":7,"qsos":104}},{"type":"Feature","geometry":{"type":"Point","coordinates":[127.498,34.8747]},"properties":{"ref":"KR-0072","name":"순천유네스코생물권보전지역\tSuncheon Biosphere Reserve","grid":"PM34ru","locations":"KR-CN","activations":5,"attempts":6,"qsos":55}},{"type":"Feature","geometry":{"type":"Point","coordinates":[126.101,34.8663]},"properties":{"ref":"KR-0073","name":"신안다도해유네스코생물권보전지역\tShinan Dadohae Biosphere Reserve","grid":"PM34bu","locations":"KR-CN","activations":9,"attempts":10,"qsos":6295}},{"type":"Feature","geometry":{"type":"Point","coordinates":[127.017,38.131]},"properties":{"ref":"KR-0074","name":"연천임진강유네스코생물권보전지역\tYeoncheon Biosphere Reserve","grid":"PM38md","locations":"KR-KG","activations":1,"attempts":1,"qsos":18}},{"type":"Feature","geometry":{"type":"Point","coordinates":[126.755,34.3111]},"properties":{"ref":"KR-0075","name":"완도유네스코생물권보전지역\tWando Biosphere Reserve","grid":"PM34jh","locations":"KR-CN","activations":2,"attempts":2,"qsos":21}},{"type":"Feature","geometry":{"type":"Point","coordinates":[129.286,35.843]},"properties":{"ref":"KR-0076","name":"경주보문관광단지\tGyeongju Bomun Tourist Complex National Cultural National Historic Site","grid":"PM45pu","locations":"KR-KB","activations":0,"attempts":0,"qsos":0}},{"type":"Feature","geometry":{"type":"Point","coordinates":[127.124,36.4643]},"properties":{"ref":"KR-0077","name":"공산성\tGongju Gongsanseong Fortress National Historic Site","grid":"PM36nl","locations":"KR-HN","activations":1,"attempts":1,"qsos":17}},{"type":"Feature","geometry":{"type":"Point","coordinates":[127.113,36.4614]},"properties":{"ref":"KR-0078","name":"무령왕릉과왕릉원\tTomb of King Muryeong and Royal Tombs, Gongju National Historic Site","grid":"PM36nl","locations":"KR-HN","activations":2,"attempts":2,"qsos":59}},{"type":"Feature","geometry":{"type":"Point","coordinates":[127.031,36.0123]},"properties":{"ref":"KR-0079","name":"미륵사지\tIksan Mireuksaji National Historic Site","grid":"PM36ma","locations":"KR-CB","activations":3,"attempts":3,"qsos":72}},{"type":"Feature","geometry":{"type":"Point","coordinates":[126.913,36.2847]},"properties":{"ref":"KR-0080","name":"부여관북리유적과부소산성\tBusosanseong Fortress National Historical Site","grid":"PM36kg","locations":"KR-HN","activations":1,"attempts":1,"qsos":27}},{"type":"Feature","geometry":{"type":"Point","coordinates":[126.94,36.2776]},"properties":{"ref":"KR-0081","name":"부여나성\tOuter City Wall, Buyeo National Historic Site","grid":"PM36lg","locations":"KR-HN","activations":0,"attempts":0,"qsos":0}},{"type":"Feature","geometry":{"type":"Point","coordinates":[126.942,36.277]},"properties":{"ref":"KR-0082","name":"부여왕릉원\tBuyeo Neungsan-ri Ancient Tombs National Historical Site","grid":"PM36lg","locations":"KR-HN","activations":1,"attempts":1,"qsos":17}},{"type":"Feature","geometry":{"type":"Point","coordinates":[129.33,35.7871]},"properties":{"ref":"KR-0083","name":"불국사\tBulguksa Cultural National Heritage Site","grid":"PM45ps","locations":"KR-KB","activations":0,"attempts":0,"qsos":0}},{"type":"Feature","geometry":{"type":"Point","coordinates":[129.35,35.7951]},"properties":{"ref":"KR-0084","name":"석굴암\tSeokguram National Heritage Site","grid":"PM45qt","locations":"KR-KB","activations":1,"attempts":1,"qsos":10}},{"type":"Feature","geometry":{"type":"Point","coordinates":[129.254,35.997]},"properties":{"ref":"KR-0085","name":"양동마을\tYangdong Village National Historical Site","grid":"PM45px","locations":"KR-KB","activations":0,"attempts":0,"qsos":0}},{"type":"Feature","geometry":{"type":"Point","coordinates":[127.056,35.9718]},"properties":{"ref":"KR-0086","name":"왕궁리유적\tWanggung-ri National Historical Site","grid":"PM35mx","locations":"KR-CB","activations":1,"attempts":1,"qsos":10}},{"type":"Feature","geometry":{"type":"Point","coordinates":[126.915,36.2793]},"properties":{"ref":"KR-0087","name":"정림사지\tJeongnimsaji National Heritage Site","grid":"PM36kg","locations":"KR-HN","activations":1,"attempts":1,"qsos":23}},{"type":"Feature","geometry":{"type":"Point","coordinates":[128.523,36.5411]},"properties":{"ref":"KR-0088","name":"하회마을\tHahoe Village National Historic Site","grid":"PM46gm","locations":"KR-KB","activations":0,"attempts":0,"qsos":0}},{"type":"Feature","geometry":{"type":"Point","coordinates":[128.592,35.8727]},"properties":{"ref":"KR-0089","name":"경상감영공원\tGyeongsanggamnyeong National Historical Site","grid":"PM45hu","locations":"KR-TG","activations":4,"attempts":4,"qsos":79}},{"type":"Feature","geometry":{"type":"Point","coordinates":[129.208,35.8225]},"properties":{"ref":"KR-0090","name":"경주오릉\tGyeongju Oreung Royal Tombs National Historic Site","grid":"PM45ot","locations":"KR-KB","activations":1,"attempts":1,"qsos":15}},{"type":"Feature","geometry":{"type":"Point","coordinates":[128.895,37.7882]},"properties":{"ref":"KR-0091","name":"경포가시연습지\tGyeongpogasiyeon Marsh National Historic Site","grid":"PM47ks","locations":"KR-KW","activations":0,"attempts":0,"qsos":0}},{"type":"Feature","geometry":{"type":"Point","coordinates":[127.454,36.3954]},"properties":{"ref":"KR-0092","name":"계족산공원\tGyejoksan National Historic Site","grid":"PM36rj","locations":"KR-TJ","activations":3,"attempts":4,"qsos":39}},{"type":"Feature","geometry":{"type":"Point","coordinates":[126.819,37.5244]},"properties":{"ref":"KR-0093","name":"고강선사유적\tGogang Prehistoric Remains National Historic Site","grid":"PM37jm","locations":"KR-KG","activations":2,"attempts":2,"qsos":22}},{"type":"Feature","geometry":{"type":"Point","coordinates":[127.053,37.2976]},"properties":{"ref":"KR-0094","name":"광교역사공원\tGwanggyo National Historic Site","grid":"PM37mh","locations":"KR-KG","activations":1,"attempts":1,"qsos":30}},{"type":"Feature","geometry":{"type":"Point","coordinates":[126.91,35.1471]},"properties":{"ref":"KR-0095","name":"광주공원\tGwangju Park National Historic Site","grid":"PM35kd","locations":"KR-KJ","activations":4,"attempts":4,"qsos":61}},{"type":"Feature","geometry":{"type":"Point","coordinates":[127.474,36.4737]},"properties":{"ref":"KR-0096","name":"금강로하스대청공원\tGeumgang LOHAS Daecheong National Historic Site","grid":"PM36rl","locations":"KR-TJ","activations":4,"attempts":5,"qsos":74}},{"type":"Feature","geometry":{"type":"Point","coordinates":[127.175,37.5982]},"properties":{"ref":"KR-0097","name":"남양주고인돌공원\tNamyangju Dolmen Park National Historic Site","grid":"PM37oo","locations":"KR-KG","activations":1,"attempts":1,"qsos":15}},{"type":"Feature","geometry":{"type":"Point","coordinates":[129.264,35.5627]},"properties":{"ref":"KR-0098","name":"다운역사공원\tDaun National Historical Site","grid":"PM45pn","locations":"KR-UL","activations":1,"attempts":1,"qsos":16}},{"type":"Feature","geometry":{"type":"Point","coordinates":[128.257,35.7227]},"properties":{"ref":"KR-0099","name":"대가야박물관\tDaegaya Museum National Historic Site","grid":"PM45dr","locations":"KR-KB","activations":1,"attempts":1,"qsos":10}},{"type":"Feature","geometry":{"type":"Point","coordinates":[129.211,35.8391]},"properties":{"ref":"KR-0100","name":"대릉원경주시사적공원\tDaereungwon Tomb Complex National Historic Site","grid":"PM45ou","locations":"KR-KB","activations":0,"attempts":0,"qsos":0}},{"type":"Feature","geometry":{"type":"Point","coordinates":[128.544,35.8063]},"properties":{"ref":"KR-0101","name":"도원근린공원\tDowon National Historic Site","grid":"PM45gt","locations":"KR-TJ","activations":1,"attempts":1,"qsos":13}},{"type":"Feature","geometry":{"type":"Point","coordinates":[129.227,35.8334]},"properties":{"ref":"KR-0102","name":"동궁과월지\tAnapji National Historic Site","grid":"PM45ou","locations":"KR-KB","activations":0,"attempts":0,"qsos":0}},{"type":"Feature","geometry":{"type":"Point","coordinates":[129.092,35.2118]},"properties":{"ref":"KR-0103","name":"동래사적공원\tDongnae Sajeok Park National Historic Site","grid":"PM45nf","locations":"KR-PU","activations":0,"attempts":0,"qsos":0}},{"type":"Feature","geometry":{"type":"Point","coordinates":[127.44,36.3654]},"properties":{"ref":"KR-0104","name":"동춘당역사공원\tDongchundang National Historic Site","grid":"PM36ri","locations":"KR-TJ","activations":1,"attempts":1,"qsos":25}},{"type":"Feature","geometry":{"type":"Point","coordinates":[127.758,36.5146]},"properties":{"ref":"KR-0105","name":"동학농민혁명기념공원\tDonghak Revolution Memorial Park National Historic Site","grid":"PM36vm","locations":"KR-CN","activations":0,"attempts":0,"qsos":0}},{"type":"Feature","geometry":{"type":"Point","coordinates":[127.377,35.4204]},"properties":{"ref":"KR-0106","name":"만인의총\tManin Patriotic Martyrs National Historical Site","grid":"PM35qk","locations":"KR-CB","activations":1,"attempts":1,"qsos":13}},{"type":"Feature","geometry":{"type":"Point","coordinates":[127.036,37.4707]},"properties":{"ref":"KR-0107","name":"매헌시민의숲\tYangjae Citizens Forest National Historic Site","grid":"PM37ml","locations":"KR-SO","activations":3,"attempts":3,"qsos":58}},{"type":"Feature","geometry":{"type":"Point","coordinates":[127.423,36.3087]},"properties":{"ref":"KR-0108","name":"보문산공원\tBomunsan National Historic Site","grid":"PM36rh","locations":"KR-TJ","activations":4,"attempts":5,"qsos":65}},{"type":"Feature","geometry":{"type":"Point","coordinates":[129.092,35.2074]},"properties":{"ref":"KR-0109","name":"복천동고분군공원\tBokcheondong Ancient Tombs National Historical Site","grid":"PM45ne","locations":"KR-PU","activations":1,"attempts":1,"qsos":14}},{"type":"Feature","geometry":{"type":"Point","coordinates":[127.055,37.5139]},"properties":{"ref":"KR-0110","name":"봉은역사공원\tBong-eun Park National Historic Site","grid":"PM37mm","locations":"KR-SO","activations":0,"attempts":0,"qsos":0}},{"type":"Feature","geometry":{"type":"Point","coordinates":[129.403,37.0422]},"properties":{"ref":"KR-0111","name":"봉평신라비사적공원 Bongpyeong Silla National Historic Site","grid":"PM47qb","locations":"KR-KB","activations":0,"attempts":0,"qsos":0}},{"type":"Feature","geometry":{"type":"Point","coordinates":[128.649,35.9147]},"properties":{"ref":"KR-0112","name":"불로고분공원\tBullodong Ancient Tombs National Historic Site","grid":"PM45hv","locations":"KR-TG","activations":2,"attempts":2,"qsos":20}},{"type":"Feature","geometry":{"type":"Point","coordinates":[126.949,37.5135]},"properties":{"ref":"KR-0113","name":"사육신역사공원\tSayukshin National Historic Site","grid":"PM37lm","locations":"KR-SO","activations":1,"attempts":1,"qsos":11}},{"type":"Feature","geometry":{"type":"Point","coordinates":[126.968,37.5763]},"properties":{"ref":"KR-0114","name":"사직공원\tSajik National Historic Site","grid":"PM37ln","locations":"KR-SO","activations":0,"attempts":0,"qsos":0}},{"type":"Feature","geometry":{"type":"Point","coordinates":[126.814,37.4627]},"properties":{"ref":"KR-0115","name":"산들역사문화공원\tSandeul National Historic Site","grid":"PM37jl","locations":"KR-KG","activations":0,"attempts":0,"qsos":0}},{"type":"Feature","geometry":{"type":"Point","coordinates":[127.803,35.4471]},"properties":{"ref":"KR-0116","name":"산청전구형왕릉\tTomb of King Guhyeong, Sancheong National Historic Site","grid":"PM35vk","locations":"KR-KN","activations":0,"attempts":0,"qsos":0}},{"type":"Feature","geometry":{"type":"Point","coordinates":[126.617,34.761]},"properties":{"ref":"KR-0117","name":"상대포역사공원\tSangdaepo National Historic Site","grid":"PM34hs","locations":"KR-CN","activations":0,"attempts":0,"qsos":0}},{"type":"Feature","geometry":{"type":"Point","coordinates":[126.955,37.5761]},"properties":{"ref":"KR-0118","name":"서대문독립공원\tSeodaemun Independence National Historic Site","grid":"PM37ln","locations":"KR-SO","activations":0,"attempts":0,"qsos":0}},{"type":"Feature","geometry":{"type":"Point","coordinates":[126.914,36.2715]},"properties":{"ref":"KR-0119","name":"서동공원(궁남지) Seodong Park National Historic Site","grid":"PM36kg","locations":"KR-HN","activations":3,"attempts":3,"qsos":76}},{"type":"Feature","geometry":{"type":"Point","coordinates":[126.969,37.5606]},"properties":{"ref":"KR-0120","name":"서소문역사공원\tSeosomun National Historic Site","grid":"PM37ln","locations":"KR-SO","activations":2,"attempts":2,"qsos":46}},{"type":"Feature","geometry":{"type":"Point","coordinates":[127.103,37.5021]},"properties":{"ref":"KR-0121","name":"서울석촌동고분군\tSeoul Seokchon-dong Ancient Tombs National Park","grid":"PM37nm","locations":"KR-SO","activations":3,"attempts":3,"qsos":35}},{"type":"Feature","geometry":{"type":"Point","coordinates":[128.299,35.9063]},"properties":{"ref":"KR-0122","name":"성주성산동고분군\tSeongju Seongsandong Ancient Tombs National Historic Site","grid":"PM45dv","locations":"KR-KB","activations":0,"attempts":0,"qsos":0}},{"type":"Feature","geometry":{"type":"Point","coordinates":[126.785,36.8191]},"properties":{"ref":"KR-0123","name":"솔뫼성지\tSolmoe Holy Ground National Historic Site","grid":"PM36jt","locations":"KR-HN","activations":2,"attempts":2,"qsos":38}},{"type":"Feature","geometry":{"type":"Point","coordinates":[128.878,35.2355]},"properties":{"ref":"KR-0124","name":"수로왕릉\tTomb of King Suro National Historic Trail","grid":"PM45kf","locations":"KR-KN","activations":0,"attempts":0,"qsos":0}},{"type":"Feature","geometry":{"type":"Point","coordinates":[128.094,35.0847]},"properties":{"ref":"KR-0125","name":"수양공원\tSuyang National Historic Site","grid":"PM45bc","locations":"KR-KN","activations":0,"attempts":0,"qsos":0}},{"type":"Feature","geometry":{"type":"Point","coordinates":[129.114,35.1712]},"properties":{"ref":"KR-0126","name":"수영공원\tSuyeong National Historic Site","grid":"PM45ne","locations":"KR-PU","activations":0,"attempts":0,"qsos":0}},{"type":"Feature","geometry":{"type":"Point","coordinates":[127.01,37.2782]},"properties":{"ref":"KR-0127","name":"수원화성\tSuwon Hwaseong National Historic Site","grid":"PM37mg","locations":"KR-KG","activations":3,"attempts":3,"qsos":95}},{"type":"Feature","geometry":{"type":"Point","coordinates":[126.771,36.7626]},"properties":{"ref":"KR-0128","name":"신리성지\tSinri Holy Ground National Historic Site","grid":"PM36js","locations":"KR-HN","activations":0,"attempts":0,"qsos":0}},{"type":"Feature","geometry":{"type":"Point","coordinates":[127.646,34.7786]},"properties":{"ref":"KR-0129","name":"여수선사유적공원\tYeosu Seonsa National Historic Site","grid":"PM34ts","locations":"KR-CN","activations":2,"attempts":2,"qsos":30}},{"type":"Feature","geometry":{"type":"Point","coordinates":[127.62,36.8299]},"properties":{"ref":"KR-0130","name":"연병호항일역사공원\tYeonbyungho National Historic Site","grid":"PM36tt","locations":"KR-HB","activations":0,"attempts":0,"qsos":0}},{"type":"Feature","geometry":{"type":"Point","coordinates":[126.823,36.6922]},"properties":{"ref":"KR-0131","name":"예산산성공원\tYesansanseong National Historic Site","grid":"PM36jq","locations":"KR-HN","activations":0,"attempts":0,"qsos":0}},{"type":"Feature","geometry":{"type":"Point","coordinates":[127.049,37.1723]},"properties":{"ref":"KR-0132","name":"오산고인돌역사공원\tOsan Dolmen National Historic Site","grid":"PM37me","locations":"KR-KG","activations":0,"attempts":0,"qsos":0}},{"type":"Feature","geometry":{"type":"Point","coordinates":[126.695,37.3456]},"properties":{"ref":"KR-0133","name":"오이도선사유적공원\tOido National Historic Site","grid":"PM37ii","locations":"KR-KG","activations":0,"attempts":0,"qsos":0}},{"type":"Feature","geometry":{"type":"Point","coordinates":[127.61,36.3157]},"properties":{"ref":"KR-0134","name":"옥천선사공원\tOkcheon Prehistoric Remains National Historic Site","grid":"PM36th","locations":"KR-HB","activations":2,"attempts":2,"qsos":42}},{"type":"Feature","geometry":{"type":"Point","coordinates":[128.714,34.9022]},"properties":{"ref":"KR-0135","name":"옥포대첩기념공원\tOkpo Great Victory Commeractive National Historic Site","grid":"PM44iv","locations":"KR-KN","activations":0,"attempts":0,"qsos":0}},{"type":"Feature","geometry":{"type":"Point","coordinates":[126.915,36.2453]},"properties":{"ref":"KR-0136","name":"와요지공원\tBuyeo Roof Tile Kiln National Historic Site","grid":"PM36kf","locations":"KR-HN","activations":0,"attempts":0,"qsos":0}},{"type":"Feature","geometry":{"type":"Point","coordinates":[128.321,34.9804]},"properties":{"ref":"KR-0137","name":"왕릉공원\tWangneung National Historic Site","grid":"PM44dx","locations":"KR-KN","activations":0,"attempts":0,"qsos":0}},{"type":"Feature","geometry":{"type":"Point","coordinates":[127.459,36.3484]},"properties":{"ref":"KR-0138","name":"우암사적공원\tUam National Historic Site","grid":"PM36ri","locations":"KR-TJ","activations":2,"attempts":2,"qsos":32}},{"type":"Feature","geometry":{"type":"Point","coordinates":[127.323,36.375]},"properties":{"ref":"KR-0139","name":"은구비역사공원\tEun-gubi National Historic Site","grid":"PM36pj","locations":"KR-TJ","activations":1,"attempts":1,"qsos":26}},{"type":"Feature","geometry":{"type":"Point","coordinates":[128.294,35.3148]},"properties":{"ref":"KR-0140","name":"의령관문 및 정암유적지 National Historic Site","grid":"PM45dh","locations":"KR-KN","activations":0,"attempts":0,"qsos":0}},{"type":"Feature","geometry":{"type":"Point","coordinates":[128.442,34.8443]},"properties":{"ref":"KR-0141","name":"이순신공원\tYi Sun Sin Park National Historic Site","grid":"PM44fu","locations":"KR-KN","activations":0,"attempts":0,"qsos":0}},{"type":"Feature","geometry":{"type":"Point","coordinates":[128.745,36.5651]},"properties":{"ref":"KR-0142","name":"임청각\tImcheonggak National Historic Site","grid":"PM46in","locations":"KR-KB","activations":0,"attempts":0,"qsos":0}},{"type":"Feature","geometry":{"type":"Point","coordinates":[127.456,36.6886]},"properties":{"ref":"KR-0143","name":"정북동토성\tJeongbukdong Toseong National Historic Site","grid":"PM36rq","locations":"KR-HB","activations":0,"attempts":0,"qsos":0}},{"type":"Feature","geometry":{"type":"Point","coordinates":[127.052,37.1834]},"properties":{"ref":"KR-0144","name":"죽미령평화공원\tJukmiryeong Peace Park National Historic Site","grid":"PM37me","locations":"KR-KG","activations":1,"attempts":1,"qsos":23}},{"type":"Feature","geometry":{"type":"Point","coordinates":[127.826,37.0111]},"properties":{"ref":"KR-0145","name":"중앙탑사적공원\tJungangtap National Historic Site","grid":"PM37va","locations":"KR-HB","activations":0,"attempts":0,"qsos":0}},{"type":"Feature","geometry":{"type":"Point","coordinates":[128.014,36.1155]},"properties":{"ref":"KR-0146","name":"직지문화공원\tJikji Culture Park National Historic Site","grid":"PM46ac","locations":"KR-KB","activations":0,"attempts":0,"qsos":0}},{"type":"Feature","geometry":{"type":"Point","coordinates":[128.078,35.189]},"properties":{"ref":"KR-0147","name":"진주성공원\tJinjuseong National Historic Site","grid":"PM45ae","locations":"KR-KN","activations":0,"attempts":0,"qsos":0}},{"type":"Feature","geometry":{"type":"Point","coordinates":[127.21,37.8926]},"properties":{"ref":"KR-0148","name":"청성역사공원\tCheongseong National Historic Site","grid":"PM37ov","locations":"KR-KG","activations":1,"attempts":1,"qsos":13}},{"type":"Feature","geometry":{"type":"Point","coordinates":[127.723,35.5264]},"properties":{"ref":"KR-0149","name":"최치원역사공원\tChoichiwon National Historic Site","grid":"PM35um","locations":"KR-KN","activations":0,"attempts":0,"qsos":0}},{"type":"Feature","geometry":{"type":"Point","coordinates":[129.096,35.2017]},"properties":{"ref":"KR-0150","name":"충렬사공원\tChungryeolsa National Historic Site","grid":"PM45ne","locations":"KR-PU","activations":0,"attempts":0,"qsos":0}},{"type":"Feature","geometry":{"type":"Point","coordinates":[127.491,36.1304]},"properties":{"ref":"KR-0151","name":"칠백의총\tTomb of Seven Hundred Patriotic Martyrs National Historic Site","grid":"PM36rd","locations":"KR-HN","activations":2,"attempts":2,"qsos":21}},{"type":"Feature","geometry":{"type":"Point","coordinates":[128.628,34.9777]},"properties":{"ref":"KR-0152","name":"칠천량해전공원\tChilcheonryang Seabattle National Historic Site","grid":"PM44hx","locations":"KR-KN","activations":1,"attempts":1,"qsos":10}},{"type":"Feature","geometry":{"type":"Point","coordinates":[126.988,37.5706]},"properties":{"ref":"KR-0153","name":"탑골공원(서울)\tSeoul Tapgol National Historic Site","grid":"PM37ln","locations":"KR-SO","activations":0,"attempts":0,"qsos":0}},{"type":"Feature","geometry":{"type":"Point","coordinates":[128.164,35.5618]},"properties":{"ref":"KR-0154","name":"합천호국공원\tHapcheon Daeyaseong National Historic Site","grid":"PM45bn","locations":"KR-KN","activations":1,"attempts":1,"qsos":12}},{"type":"Feature","geometry":{"type":"Point","coordinates":[126.824,37.6008]},"properties":{"ref":"KR-0155","name":"행주산성역사공원\tHaengjusanseong National Historic Site","grid":"PM37jo","locations":"KR-KG","activations":1,"attempts":1,"qsos":11}},{"type":"Feature","geometry":{"type":"Point","coordinates":[128.91,37.7918]},"properties":{"ref":"KR-0156","name":"허균허난설헌기념공원\tHeo Gyun and Nanseolheon National Historic Site","grid":"PM47kt","locations":"KR-KW","activations":0,"attempts":0,"qsos":0}},{"type":"Feature","geometry":{"type":"Point","coordinates":[126.978,37.4968]},"properties":{"ref":"KR-0157","name":"현충근린공원\tHyeonchung National Historic Site","grid":"PM37ll","locations":"KR-SO","activations":1,"attempts":1,"qsos":24}},{"type":"Feature","geometry":{"type":"Point","coordinates":[127.031,36.8058]},"properties":{"ref":"KR-0158","name":"현충사\tHyeonchungsa National Historic Site","grid":"PM36mt","locations":"KR-HN","activations":2,"attempts":2,"qsos":30}},{"type":"Feature","geometry":{"type":"Point","coordinates":[126.661,36.6017]},"properties":{"ref":"KR-0159","name":"홍주성역사공원\tHongju Castle National Historic Site","grid":"PM36ho","locations":"KR-HN","activations":0,"attempts":0,"qsos":0}},{"type":"Feature","geometry":{"type":"Point","coordinates":[126.918,34.987]},"properties":{"ref":"KR-0160","name":"화순고인돌선사공원\tHwasun Dolmen National Historic Site","grid":"PM34lx","locations":"KR-CN","activations":1,"attempts":1,"qsos":15}},{"type":"Feature","geometry":{"type":"Point","coordinates":[126.959,37.5443]},"properties":{"ref":"KR-0161","name":"효창공원\tHyochang National Historic Site","grid":"PM37ln","locations":"KR-SO","activations":2,"attempts":2,"qsos":97}},{"type":"Feature","geometry":{"type":"Point","coordinates":[127.008,37.5725]},"properties":{"ref":"KR-0162","name":"흥인지문공원\tHeung-injimun National Historic Site","grid":"PM37mn","locations":"KR-SO","activations":3,"attempts":3,"qsos":53}},{"type":"Feature","geometry":{"type":"Point","coordinates":[126.971,37.5705]},"properties":{"ref":"KR-0164","name":"경희궁\tGyeonghuigung Palace National Historic Site","grid":"PM37ln","locations":"KR-SO","activations":0,"attempts":0,"qsos":0}},{"type":"Feature","geometry":{"type":"Point","coordinates":[126.869,37.6642]},"properties":{"ref":"KR-0165","name":"고양서삼릉\tWest Three Royal Tomb(Goyang) National Historic Site","grid":"PM37kp","locations":"KR-KG","activations":0,"attempts":0,"qsos":0}},{"type":"Feature","geometry":{"type":"Point","coordinates":[126.9,37.6305]},"properties":{"ref":"KR-0166","name":"고양서오릉\tWest Five Royal Tombs(Goyang) National Historic Site","grid":"PM37kp","locations":"KR-KG","activations":0,"attempts":0,"qsos":0}},{"type":"Feature","geometry":{"type":"Point","coordinates":[127.134,37.6189]},"properties":{"ref":"KR-0167","name":"구리동구릉\tEast Nine Royal Tombs(Guri) National Historic Site","grid":"PM37no","locations":"KR-KG","activations":0,"attempts":0,"qsos":0}},{"type":"Feature","geometry":{"type":"Point","coordinates":[126.711,37.6127]},"properties":{"ref":"KR-0168","name":"김포장릉\tJangneung Royal Tomb(Gimp) National Historic Site","grid":"PM37io","locations":"KR-KG","activations":0,"attempts":0,"qsos":0}},{"type":"Feature","geometry":{"type":"Point","coordinates":[127.176,37.7497]},"properties":{"ref":"KR-0169","name":"남양주광릉\tGwangneung Royal Tomb(Namyangju) National Historic Site","grid":"PM37or","locations":"KR-KG","activations":1,"attempts":1,"qsos":12}},{"type":"Feature","geometry":{"type":"Point","coordinates":[127.198,37.6443]},"properties":{"ref":"KR-0170","name":"남양주사릉\tSareung Royal Tomb(Namyangju) National Historic Site","grid":"PM37op","locations":"KR-KG","activations":1,"attempts":1,"qsos":19}},{"type":"Feature","geometry":{"type":"Point","coordinates":[127.206,37.632]},"properties":{"ref":"KR-0171","name":"남양주홍릉과유릉\tHongneung and Yureung Royal Tomb(Namyangju) National Historic Site","grid":"PM37op","locations":"KR-KG","activations":1,"attempts":1,"qsos":14}},{"type":"Feature","geometry":{"type":"Point","coordinates":[126.951,37.7198]},"properties":{"ref":"KR-0174","name":"양주온릉\tOlleung Royal Tomb(Yangju) National Historic Site","grid":"PM37lr","locations":"KR-KG","activations":0,"attempts":0,"qsos":0}},{"type":"Feature","geometry":{"type":"Point","coordinates":[127.608,37.3135]},"properties":{"ref":"KR-0175","name":"여주영릉\tYeongneung Royal Tomb(Yeoju) National Historic Site","grid":"PM37th","locations":"KR-KG","activations":0,"attempts":2,"qsos":4}},{"type":"Feature","geometry":{"type":"Point","coordinates":[128.453,37.1973]},"properties":{"ref":"KR-0176","name":"영월장릉\tJangneung Royal Tomb(Yeongwol) National Historic Site","grid":"PM47fe","locations":"KR-KW","activations":0,"attempts":0,"qsos":0}},{"type":"Feature","geometry":{"type":"Point","coordinates":[126.836,37.744]},"properties":{"ref":"KR-0183","name":"파주삼릉\tSamneung Royal Tomb(Paju) National Historic Site","grid":"PM37kr","locations":"KR-KG","activations":1,"attempts":1,"qsos":10}},{"type":"Feature","geometry":{"type":"Point","coordinates":[126.708,37.7735]},"properties":{"ref":"KR-0184","name":"파주장릉\tJangneung Royal Tomb(Paju) National Historic Site","grid":"PM37is","locations":"KR-KG","activations":0,"attempts":0,"qsos":0}},{"type":"Feature","geometry":{"type":"Point","coordinates":[127.044,37.5896]},"properties":{"ref":"KR-0186","name":"홍릉\tHongneung Royal Tombs (UNESCO) National Historic Site","grid":"PM37mo","locations":"KR-KG","activations":0,"attempts":0,"qsos":0}},{"type":"Feature","geometry":{"type":"Point","coordinates":[126.991,37.2122]},"properties":{"ref":"KR-0187","name":"화성융릉과건릉\tYungneung and geolleung Royal Tomb National Historic Site","grid":"PM37lf","locations":"KR-KG","activations":1,"attempts":1,"qsos":17}},{"type":"Feature","geometry":{"type":"Point","coordinates":[128.574,37.4244]},"properties":{"ref":"KR-0188","name":"국립가리왕산자연휴양림\tGariwangsan Natural Recreation National Forest","grid":"PM47gk","locations":"KR-KG","activations":0,"attempts":0,"qsos":0}},{"type":"Feature","geometry":{"type":"Point","coordinates":[129.233,36.7453]},"properties":{"ref":"KR-0189","name":"국립검마산자연휴양림\tGeommasan Natural Recreation National Forest","grid":"PM46or","locations":"KR-KB","activations":0,"attempts":0,"qsos":0}},{"type":"Feature","geometry":{"type":"Point","coordinates":[127.249,35.3107]},"properties":{"ref":"KR-0190","name":"국립곡성치유의숲\tGokseong Healing National Forest","grid":"PM35oh","locations":"KR-CN","activations":1,"attempts":1,"qsos":13}},{"type":"Feature","geometry":{"type":"Point","coordinates":[128.002,35.8513]},"properties":{"ref":"KR-0191","name":"국립김천치유의숲\tGimcheon Healing National Forest","grid":"PM45au","locations":"KR-KB","activations":0,"attempts":0,"qsos":0}},{"type":"Feature","geometry":{"type":"Point","coordinates":[126.704,35.0473]},"properties":{"ref":"KR-0192","name":"국립나주숲체원\tNaju Healing National Forest","grid":"PM35ib","locations":"KR-CN","activations":0,"attempts":0,"qsos":0}},{"type":"Feature","geometry":{"type":"Point","coordinates":[127.354,34.9133]},"properties":{"ref":"KR-0193","name":"국립낙안민속자연휴양림\tNagan Minsok Natural Recreation National Forest","grid":"PM34qv","locations":"KR-CN","activations":0,"attempts":0,"qsos":0}},{"type":"Feature","geometry":{"type":"Point","coordinates":[128.017,34.7526]},"properties":{"ref":"KR-0194","name":"국립남해편백자연휴양림\tNamhae Pyeonbaek Natural Recreation National Forest","grid":"PM44as","locations":"KR-KN","activations":0,"attempts":0,"qsos":0}},{"type":"Feature","geometry":{"type":"Point","coordinates":[129.186,35.3016]},"properties":{"ref":"KR-0195","name":"국립달음산자연휴양림\tDareumsan Natural Recreation National Forest","grid":"PM45oh","locations":"KR-PU","activations":1,"attempts":1,"qsos":18}},{"type":"Feature","geometry":{"type":"Point","coordinates":[128.788,37.7129]},"properties":{"ref":"KR-0196","name":"국립대관령자연휴양림\tDaegwanryung Natural Recreation National Forest","grid":"PM47jr","locations":"KR-KW","activations":0,"attempts":0,"qsos":0}},{"type":"Feature","geometry":{"type":"Point","coordinates":[128.799,37.7076]},"properties":{"ref":"KR-0197","name":"국립대관령치유의숲\tDaegwanryung Healing National Forest","grid":"PM47jq","locations":"KR-KW","activations":0,"attempts":0,"qsos":0}},{"type":"Feature","geometry":{"type":"Point","coordinates":[127.962,36.6709]},"properties":{"ref":"KR-0198","name":"국립대야산자연휴양림\tDaeyasan Natural Recreation National Forest","grid":"PM36xq","locations":"KR-KB","activations":0,"attempts":0,"qsos":0}},{"type":"Feature","geometry":{"type":"Point","coordinates":[129.236,35.3902]},"properties":{"ref":"KR-0199","name":"국립대운산치유의숲\tDae-unsan Healing National Forest","grid":"PM45oj","locations":"KR-UL","activations":1,"attempts":1,"qsos":29}},{"type":"Feature","geometry":{"type":"Point","coordinates":[127.29,36.3265]},"properties":{"ref":"KR-0200","name":"국립대전숲체원\tDaejeon Healing National Forest","grid":"PM36ph","locations":"KR-TJ","activations":1,"attempts":1,"qsos":31}},{"type":"Feature","geometry":{"type":"Point","coordinates":[127.814,35.9066]},"properties":{"ref":"KR-0201","name":"국립덕유산자연휴양림\tDeogyusan Natural Recreation National Forest","grid":"PM35vv","locations":"KR-CB","activations":1,"attempts":1,"qsos":10}},{"type":"Feature","geometry":{"type":"Point","coordinates":[128.576,37.5599]},"properties":{"ref":"KR-0202","name":"국립두타산자연휴양림\tDutaesan Natural Recreation National Forest","grid":"PM47gn","locations":"KR-KW","activations":0,"attempts":0,"qsos":0}},{"type":"Feature","geometry":{"type":"Point","coordinates":[126.409,37.389]},"properties":{"ref":"KR-0203","name":"국립무의도자연휴양림\tMuuido Natural Recreation National Forest","grid":"PM37ej","locations":"KR-IN","activations":2,"attempts":2,"qsos":32}},{"type":"Feature","geometry":{"type":"Point","coordinates":[128.512,37.9489]},"properties":{"ref":"KR-0204","name":"국립미천골자연휴양림\tMicheongol Natural Recreation National Forest","grid":"PM47gw","locations":"KR-KW","activations":0,"attempts":0,"qsos":0}},{"type":"Feature","geometry":{"type":"Point","coordinates":[126.751,35.444]},"properties":{"ref":"KR-0205","name":"국립방장산자연휴양림\tBangjangsan Natural Recreation National Forest","grid":"PM35jk","locations":"KR-CN","activations":0,"attempts":0,"qsos":0}},{"type":"Feature","geometry":{"type":"Point","coordinates":[128.389,37.9295]},"properties":{"ref":"KR-0206","name":"국립방태산자연휴양림\tBangtaesan Natural Recreation National Forest","grid":"PM47ew","locations":"KR-KW","activations":0,"attempts":0,"qsos":0}},{"type":"Feature","geometry":{"type":"Point","coordinates":[127.949,37.2696]},"properties":{"ref":"KR-0207","name":"국립백운산자연휴양림\tBaekunsan Natural Recreation National Forest","grid":"PM37xg","locations":"KR-KW","activations":0,"attempts":0,"qsos":0}},{"type":"Feature","geometry":{"type":"Point","coordinates":[126.525,35.5819]},"properties":{"ref":"KR-0208","name":"국립변산자연휴양림\tByeonsan Natural Recreation National Forest","grid":"PM35gn","locations":"KR-CB","activations":1,"attempts":1,"qsos":11}},{"type":"Feature","geometry":{"type":"Point","coordinates":[127.473,38.1437]},"properties":{"ref":"KR-0209","name":"국립복주산자연휴양림\tBokjusan Natural Recreation National Forest","grid":"PM38rd","locations":"KR-KW","activations":0,"attempts":0,"qsos":0}},{"type":"Feature","geometry":{"type":"Point","coordinates":[128.472,36.8579]},"properties":{"ref":"KR-0210","name":"국립산림치유원\tSanrim Healing National Forest","grid":"PM46fu","locations":"KR-KB","activations":0,"attempts":0,"qsos":0}},{"type":"Feature","geometry":{"type":"Point","coordinates":[127.574,37.5958]},"properties":{"ref":"KR-0211","name":"국립산음자연휴양림\tSaneum Natural Recreation National Forest","grid":"PM37so","locations":"KR-KG","activations":0,"attempts":0,"qsos":0}},{"type":"Feature","geometry":{"type":"Point","coordinates":[128.465,37.8623]},"properties":{"ref":"KR-0212","name":"국립삼봉자연휴양림\tSambong Natural Recreation National Forest","grid":"PM47fu","locations":"KR-KW","activations":0,"attempts":0,"qsos":0}},{"type":"Feature","geometry":{"type":"Point","coordinates":[127.547,36.6781]},"properties":{"ref":"KR-0213","name":"국립상당산성자연휴양림\tSangdangsan Natural Recreation National Forest","grid":"PM36sq","locations":"KR-HN","activations":0,"attempts":0,"qsos":0}},{"type":"Feature","geometry":{"type":"Point","coordinates":[127.781,36.4904]},"properties":{"ref":"KR-0214","name":"국립속리산말티재자연휴양림\tSokrisan Maltijae Natural Recreation National Forest","grid":"PM36vl","locations":"KR-HN","activations":0,"attempts":0,"qsos":0}},{"type":"Feature","geometry":{"type":"Point","coordinates":[129.023,35.5426]},"properties":{"ref":"KR-0215","name":"국립신불산폭포자연휴양림\tSinbulsan Waterfall Natural Recreation National Forest","grid":"PM45mn","locations":"KR-UL","activations":1,"attempts":1,"qsos":15}},{"type":"Feature","geometry":{"type":"Point","coordinates":[126.444,35.8292]},"properties":{"ref":"KR-0216","name":"국립신시도자연휴양림\tSinsido Natural Recreation National Forest","grid":"PM35ft","locations":"KR-CB","activations":1,"attempts":1,"qsos":11}},{"type":"Feature","geometry":{"type":"Point","coordinates":[126.942,37.7737]},"properties":{"ref":"KR-0217","name":"국립아세안자연휴양림\tAsean Natural Recreation National Forest","grid":"PM37ls","locations":"KR-KG","activations":1,"attempts":1,"qsos":10}},{"type":"Feature","geometry":{"type":"Point","coordinates":[127.718,37.461]},"properties":{"ref":"KR-0218","name":"국립양평치유의숲\tYangyeong Healing National Forest","grid":"PM37ul","locations":"KR-KG","activations":0,"attempts":0,"qsos":0}},{"type":"Feature","geometry":{"type":"Point","coordinates":[126.858,36.7007]},"properties":{"ref":"KR-0219","name":"국립예산치유의숲\tYesan Healing National Forest","grid":"PM36kq","locations":"KR-HN","activations":0,"attempts":0,"qsos":0}},{"type":"Feature","geometry":{"type":"Point","coordinates":[126.672,36.4547]},"properties":{"ref":"KR-0220","name":"Chungcheongnam-Do(HN)\t국립오서산자연휴양림 National Forest","grid":"PM36ik","locations":"KR-HN","activations":0,"attempts":0,"qsos":0}},{"type":"Feature","geometry":{"type":"Point","coordinates":[128.344,38.2373]},"properties":{"ref":"KR-0221","name":"국립용대자연휴양림\tYongdae Natural Recreation National Forest","grid":"PM48ef","locations":"KR-KW","activations":0,"attempts":0,"qsos":0}},{"type":"Feature","geometry":{"type":"Point","coordinates":[128.776,35.1855]},"properties":{"ref":"KR-0222","name":"국립용지봉자연휴양림\tYongjibong Nature Recreation National Forest","grid":"PM45je","locations":"KR-KN","activations":2,"attempts":3,"qsos":57}},{"type":"Feature","geometry":{"type":"Point","coordinates":[126.61,36.7501]},"properties":{"ref":"KR-0223","name":"국립용현자연휴양림\tYonghyeonsan Natural Recreation National Forest","grid":"PM36hs","locations":"KR-HN","activations":0,"attempts":0,"qsos":0}},{"type":"Feature","geometry":{"type":"Point","coordinates":[127.759,38.0136]},"properties":{"ref":"KR-0224","name":"국립용화산자연휴양림\tYonghwasan Natural Recreation National Forest","grid":"PM38va","locations":"KR-KW","activations":0,"attempts":0,"qsos":0}},{"type":"Feature","geometry":{"type":"Point","coordinates":[129.025,35.6521]},"properties":{"ref":"KR-0225","name":"국립운문산자연휴양림\tUnmunsan Natural Recreation National Forest","grid":"PM45mp","locations":"KR-KB","activations":1,"attempts":1,"qsos":12}},{"type":"Feature","geometry":{"type":"Point","coordinates":[127.303,37.8845]},"properties":{"ref":"KR-0226","name":"국립운악산자연휴양림\tUnaksan Nature Recreation National Forest","grid":"PM37pv","locations":"KR-KG","activations":0,"attempts":0,"qsos":0}},{"type":"Feature","geometry":{"type":"Point","coordinates":[127.428,35.8935]},"properties":{"ref":"KR-0227","name":"국립운장산자연휴양림\tUnjangsan Natural Recreation National Forest","grid":"PM35rv","locations":"KR-CB","activations":1,"attempts":1,"qsos":12}},{"type":"Feature","geometry":{"type":"Point","coordinates":[127.491,37.5926]},"properties":{"ref":"KR-0228","name":"국립유명산자연휴양림\tYumyeongsan Natural Recreation National Forest","grid":"PM37ro","locations":"KR-KG","activations":0,"attempts":0,"qsos":0}},{"type":"Feature","geometry":{"type":"Point","coordinates":[128.245,37.0128]},"properties":{"ref":"KR-0229","name":"국립제천치유의숲\tJecheon Healing National Forest","grid":"PM47ca","locations":"KR-HB","activations":0,"attempts":0,"qsos":0}},{"type":"Feature","geometry":{"type":"Point","coordinates":[127.454,37.5876]},"properties":{"ref":"KR-0230","name":"국립중미산자연휴양림\tJungmisan Recreational Forest National Forest","grid":"PM37ro","locations":"KR-KG","activations":0,"attempts":0,"qsos":0}},{"type":"Feature","geometry":{"type":"Point","coordinates":[127.643,35.3479]},"properties":{"ref":"KR-0231","name":"국립지리산자연휴양림\tJirisan Natural Recreation National Forest","grid":"PM35ti","locations":"KR-KN","activations":0,"attempts":0,"qsos":0}},{"type":"Feature","geometry":{"type":"Point","coordinates":[126.188,34.3571]},"properties":{"ref":"KR-0232","name":"국립진도자연휴양림\tJindo Natural Recreation National Forest","grid":"PM34ci","locations":"KR-CN","activations":0,"attempts":0,"qsos":0}},{"type":"Feature","geometry":{"type":"Point","coordinates":[126.902,34.5453]},"properties":{"ref":"KR-0233","name":"국립천관산자연휴양림\tCheon-gwansan Natural Recreation National Forest","grid":"PM34kn","locations":"KR-CN","activations":0,"attempts":0,"qsos":0}},{"type":"Feature","geometry":{"type":"Point","coordinates":[128.991,37.0351]},"properties":{"ref":"KR-0234","name":"국립청옥산자연휴양림\tCheong-oksan Natural Recreation National Forest","grid":"PM47la","locations":"KR-KB","activations":0,"attempts":0,"qsos":0}},{"type":"Feature","geometry":{"type":"Point","coordinates":[128.297,37.529]},"properties":{"ref":"KR-0235","name":"국립청태산자연휴양림\tCheongtaesan Natural Recreation National Forest","grid":"PM47dm","locations":"KR-KW","activations":2,"attempts":2,"qsos":33}},{"type":"Feature","geometry":{"type":"Point","coordinates":[127.773,37.9911]},"properties":{"ref":"KR-0236","name":"국립춘천숲체원\tChuncheon Healing National Forest","grid":"PM37vx","locations":"KR-KW","activations":0,"attempts":0,"qsos":0}},{"type":"Feature","geometry":{"type":"Point","coordinates":[128.471,36.0623]},"properties":{"ref":"KR-0237","name":"국립칠곡숲체원\tChilgok Healing National Forest","grid":"PM46fb","locations":"KR-KB","activations":1,"attempts":1,"qsos":26}},{"type":"Feature","geometry":{"type":"Point","coordinates":[129.368,36.6234]},"properties":{"ref":"KR-0238","name":"국립칠보산자연휴양림\tChilbosan Natural Recreation National Forest","grid":"PM46qo","locations":"KR-KB","activations":0,"attempts":0,"qsos":0}},{"type":"Feature","geometry":{"type":"Point","coordinates":[129.19,36.9213]},"properties":{"ref":"KR-0239","name":"국립통고산자연휴양림\tTonggosan Healing National Forest","grid":"PM46ow","locations":"KR-KB","activations":0,"attempts":0,"qsos":0}},{"type":"Feature","geometry":{"type":"Point","coordinates":[127.804,38.0068]},"properties":{"ref":"KR-0240","name":"국립화천숲속자연휴양림\tHwacheon Natural Recreation National Forest","grid":"PM38va","locations":"KR-KW","activations":0,"attempts":0,"qsos":0}},{"type":"Feature","geometry":{"type":"Point","coordinates":[128.35,36.8416]},"properties":{"ref":"KR-0241","name":"국립황정산자연휴양림\tHwangjeongsan Natural Recreation National Forest","grid":"PM46eu","locations":"KR-HB","activations":0,"attempts":0,"qsos":0}},{"type":"Feature","geometry":{"type":"Point","coordinates":[127.109,35.5016]},"properties":{"ref":"KR-0242","name":"국립회문산자연휴양림\tHoemunsan Natural Recreation National Forest","grid":"PM35nm","locations":"KR-CB","activations":2,"attempts":2,"qsos":26}},{"type":"Feature","geometry":{"type":"Point","coordinates":[128.258,37.5184]},"properties":{"ref":"KR-0243","name":"국립횡성숲체원\tHoengseong Healing National Forest","grid":"PM47dm","locations":"KR-KW","activations":0,"attempts":0,"qsos":0}},{"type":"Feature","geometry":{"type":"Point","coordinates":[126.67,36.1175]},"properties":{"ref":"KR-0244","name":"국립희리산자연휴양림\tHuirisan Natural Recreation National Forest","grid":"PM36ic","locations":"KR-HN","activations":0,"attempts":0,"qsos":0}},{"type":"Feature","geometry":{"type":"Point","coordinates":[125.108,34.0757]},"properties":{"ref":"KR-0245","name":"가거도해양보호구역\tGageodo Marine Reserve National Forest","grid":"PM24nb","locations":"KR-CN","activations":0,"attempts":0,"qsos":0}},{"type":"Feature","geometry":{"type":"Point","coordinates":[128.993,34.9889]},"properties":{"ref":"KR-0246","name":"나무섬해양보호구역\tNamuseom Island National Nature Reserve","grid":"PM44lx","locations":"KR-PU","activations":0,"attempts":0,"qsos":0}},{"type":"Feature","geometry":{"type":"Point","coordinates":[128.952,34.8848]},"properties":{"ref":"KR-0247","name":"남형제섬해양보호구역\tNamhyeongjeseom Island National Nature Reserve","grid":"PM44lv","locations":"KR-PU","activations":0,"attempts":0,"qsos":0}},{"type":"Feature","geometry":{"type":"Point","coordinates":[126.262,37.1718]},"properties":{"ref":"KR-0248","name":"대이작도해양보호구역\tDaeijakdo Island National Nature Reserve","grid":"PM37de","locations":"KR-IN","activations":6,"attempts":6,"qsos":4591}},{"type":"Feature","geometry":{"type":"Point","coordinates":[127.038,34.4043]},"properties":{"ref":"KR-0249","name":"소화도해양보호구역\tSohwado Island National Nature Reserve","grid":"PM34mj","locations":"KR-CN","activations":0,"attempts":0,"qsos":0}},{"type":"Feature","geometry":{"type":"Point","coordinates":[126.208,36.835]},"properties":{"ref":"KR-0250","name":"신두리사구해양보호구역\tTaean Sinduri Coastal Dune National Nature Reserve","grid":"PM36cu","locations":"KR-HN","activations":0,"attempts":0,"qsos":0}},{"type":"Feature","geometry":{"type":"Point","coordinates":[129.126,35.0938]},"properties":{"ref":"KR-0251","name":"오륙도해양보호구역\tOryukdo Island National Nature Reserve","grid":"PM45nc","locations":"KR-PU","activations":0,"attempts":0,"qsos":0}},{"type":"Feature","geometry":{"type":"Point","coordinates":[130.92,37.5429]},"properties":{"ref":"KR-0252","name":"울릉도해양보호구역\tUlleung Island National Nature Reserve","grid":"PM57ln","locations":"KR-KB","activations":0,"attempts":0,"qsos":0}},{"type":"Feature","geometry":{"type":"Point","coordinates":[129.372,37.1312]},"properties":{"ref":"KR-0253","name":"울진나곡리해양보호구역\tUljin Nagok-ri National Nature Reserve","grid":"PM47qd","locations":"KR-KB","activations":0,"attempts":0,"qsos":0}},{"type":"Feature","geometry":{"type":"Point","coordinates":[128.743,38.0072]},"properties":{"ref":"KR-0254","name":"조도해양보호구역\tJodo Island National Nature Reserve","grid":"PM48ia","locations":"KR-KW","activations":0,"attempts":0,"qsos":0}},{"type":"Feature","geometry":{"type":"Point","coordinates":[126.888,34.1816]},"properties":{"ref":"KR-0255","name":"청산도해양보호구역\tCheongsando National Nature Reserve","grid":"PM34ke","locations":"KR-CN","activations":0,"attempts":0,"qsos":0}},{"type":"Feature","geometry":{"type":"Point","coordinates":[126.297,33.9571]},"properties":{"ref":"KR-0256","name":"추자도해양보호구역\tChujado Island National Nature Reserve","grid":"PM33dw","locations":"KR-CJ","activations":0,"attempts":0,"qsos":0}},{"type":"Feature","geometry":{"type":"Point","coordinates":[126.904,33.5241]},"properties":{"ref":"KR-0257","name":"토끼섬해양보호구역\tTokkiseom National Nature Reserve","grid":"PM33km","locations":"KR-CJ","activations":0,"attempts":0,"qsos":0}},{"type":"Feature","geometry":{"type":"Point","coordinates":[128.45,34.8522]},"properties":{"ref":"KR-0258","name":"통영선촌마을해양보호구역\tTongyeong Seonchon National Nature Reserve","grid":"PM44fu","locations":"KR-KN","activations":0,"attempts":0,"qsos":0}},{"type":"Feature","geometry":{"type":"Point","coordinates":[129.555,36.053]},"properties":{"ref":"KR-0259","name":"포항호미곶해양보호구역\tPohang Homigot National Nature Reserve","grid":"PM46sb","locations":"KR-KB","activations":0,"attempts":0,"qsos":0}},{"type":"Feature","geometry":{"type":"Point","coordinates":[126.858,35.1583]},"properties":{"ref":"KR-0260","name":"5·18기념공원\tMay 18th National Memorial","grid":"PM35kd","locations":"KR-KJ","activations":3,"attempts":3,"qsos":73}},{"type":"Feature","geometry":{"type":"Point","coordinates":[129.125,35.1707]},"properties":{"ref":"KR-0261","name":"APEC나루공원\tAPEC Naru National Memorial","grid":"PM45ne","locations":"KR-PU","activations":0,"attempts":0,"qsos":0}},{"type":"Feature","geometry":{"type":"Point","coordinates":[129.096,35.1274]},"properties":{"ref":"KR-0262","name":"UN기념공원\tUN Memorial Cemetery National Memorial","grid":"PM45nd","locations":"KR-PU","activations":0,"attempts":0,"qsos":0}},{"type":"Feature","geometry":{"type":"Point","coordinates":[126.942,35.2352]},"properties":{"ref":"KR-0263","name":"국립5·18민주묘지\tMay 18th Memorial Monument National Memorial","grid":"PM35lf","locations":"KR-KJ","activations":0,"attempts":0,"qsos":0}},{"type":"Feature","geometry":{"type":"Point","coordinates":[127.288,36.3757]},"properties":{"ref":"KR-0264","name":"국립대전현충원\tDaejeon Cemetery National Memorial","grid":"PM36pj","locations":"KR-TJ","activations":0,"attempts":0,"qsos":0}},{"type":"Feature","geometry":{"type":"Point","coordinates":[128.602,35.8693]},"properties":{"ref":"KR-0266","name":"국채보상운동기념공원\tNational Bond Compensation Movement National Memorial","grid":"PM45hu","locations":"KR-TG","activations":4,"attempts":4,"qsos":68}},{"type":"Feature","geometry":{"type":"Point","coordinates":[126.708,35.0056]},"properties":{"ref":"KR-0267","name":"나주영산포철도공원\tNaju Yeongsanpo Railroad National Memorial","grid":"PM35ia","locations":"KR-CN","activations":2,"attempts":2,"qsos":68}},{"type":"Feature","geometry":{"type":"Point","coordinates":[127.188,36.8507]},"properties":{"ref":"KR-0268","name":"망향의동산\tNational Manghyang Cemetery National Memorial","grid":"PM36ou","locations":"KR-HN","activations":0,"attempts":0,"qsos":0}},{"type":"Feature","geometry":{"type":"Point","coordinates":[129.028,35.1096]},"properties":{"ref":"KR-0269","name":"부산민주공원\tBusan Minju National Memorial","grid":"PM45mc","locations":"KR-PU","activations":0,"attempts":0,"qsos":0}},{"type":"Feature","geometry":{"type":"Point","coordinates":[129.398,36.1637]},"properties":{"ref":"KR-0270","name":"사방기념공원\tSabang National Memorial","grid":"PM46qd","locations":"KR-KB","activations":0,"attempts":0,"qsos":0}},{"type":"Feature","geometry":{"type":"Point","coordinates":[127.141,37.3179]},"properties":{"ref":"KR-0271","name":"용인천주교묘지공원 Yongin Catholic Park Cemetery National Memorial","grid":"PM37nh","locations":"KR-KG","activations":23,"attempts":25,"qsos":540}},{"type":"Feature","geometry":{"type":"Point","coordinates":[126.623,37.4746]},"properties":{"ref":"KR-0272","name":"자유공원(인천)\tIncheon Jayu National Memorial","grid":"PM37hl","locations":"KR-IN","activations":1,"attempts":1,"qsos":13}},{"type":"Feature","geometry":{"type":"Point","coordinates":[126.642,33.5408]},"properties":{"ref":"KR-0273","name":"조천만세공원\tJocheon Mansae National Memorial","grid":"PM33hm","locations":"KR-CJ","activations":2,"attempts":2,"qsos":23}},{"type":"Feature","geometry":{"type":"Point","coordinates":[126.806,37.8608]},"properties":{"ref":"KR-0274","name":"통일공원\tTong-il National Memorial","grid":"PM37ju","locations":"KR-KG","activations":1,"attempts":1,"qsos":10}},{"type":"Feature","geometry":{"type":"Point","coordinates":[128.118,38.2258]},"properties":{"ref":"KR-0275","name":"대암산천연보호구역\tDaeamsan Mountains National Nature Reserve","grid":"PM48bf","locations":"KR-KW","activations":0,"attempts":0,"qsos":0}},{"type":"Feature","geometry":{"type":"Point","coordinates":[128.077,38.2693]},"properties":{"ref":"KR-0276","name":"대우산천연보호구역\tDaeusan Mountains National Nature Reserve","grid":"PM48ag","locations":"KR-KW","activations":0,"attempts":0,"qsos":0}},{"type":"Feature","geometry":{"type":"Point","coordinates":[126.517,33.2179]},"properties":{"ref":"KR-0278","name":"문섬·범섬 천연보호구역\tMunseom and Beomseom Islands National Nature Reserve","grid":"PM33gf","locations":"KR-CJ","activations":0,"attempts":0,"qsos":0}},{"type":"Feature","geometry":{"type":"Point","coordinates":[126.149,33.3114]},"properties":{"ref":"KR-0280","name":"차귀도천연보호구역\tChagwido Island National Nature Reserve","grid":"PM33bh","locations":"KR-CJ","activations":0,"attempts":0,"qsos":0}},{"type":"Feature","geometry":{"type":"Point","coordinates":[128.412,35.5515]},"properties":{"ref":"KR-0281","name":"창녕 우포늪 천연보호구역\tChangnyeong Uponeup Wetland National Nature Reserve","grid":"PM45en","locations":"KR-KN","activations":2,"attempts":3,"qsos":32}},{"type":"Feature","geometry":{"type":"Point","coordinates":[128.338,38.4298]},"properties":{"ref":"KR-0283","name":"향로봉·건봉산천연보호구역\tHyangnobong and Geonbongsan National Nature Reserve","grid":"PM48ek","locations":"KR-KW","activations":0,"attempts":0,"qsos":0}},{"type":"Feature","geometry":{"type":"Point","coordinates":[125.203,34.7098]},"properties":{"ref":"KR-0285","name":"홍도천연보호구역\tHongdo Island National Nature Reserve","grid":"PM24or","locations":"KR-CN","activations":0,"attempts":0,"qsos":0}},{"type":"Feature","geometry":{"type":"Point","coordinates":[126.611,35.5528]},"properties":{"ref":"KR-0286","name":"고창갯벌습지보호구역\tGochang Mudflat Wetland National Nature Reserve","grid":"PM35hn","locations":"KR-CN","activations":2,"attempts":2,"qsos":21}},{"type":"Feature","geometry":{"type":"Point","coordinates":[127.373,34.74]},"properties":{"ref":"KR-0287","name":"고흥갯벌습지보호구역\tGoheong Mudflat Wetland National Nature Reserve","grid":"PM34qr","locations":"KR-CN","activations":1,"attempts":1,"qsos":10}},{"type":"Feature","geometry":{"type":"Point","coordinates":[126.576,37.2885]},"properties":{"ref":"KR-0288","name":"대부도갯벌습지보호구역\tDaebudo Mudflat Wetland National Nature Reserve","grid":"PM37gg","locations":"KR-KG","activations":1,"attempts":1,"qsos":10}},{"type":"Feature","geometry":{"type":"Point","coordinates":[128.624,35.2165]},"properties":{"ref":"KR-0289","name":"마산만봉암갯벌습지보호구역\tMasan Bongam Mudflat Wetland National Nature Reserve","grid":"PM45hf","locations":"KR-KN","activations":3,"attempts":3,"qsos":161}},{"type":"Feature","geometry":{"type":"Point","coordinates":[126.755,37.0447]},"properties":{"ref":"KR-0290","name":"매향리평화생태공원\tMaehyang-ri Wetland National Nature Reserve","grid":"PM37jb","locations":"KR-KG","activations":9,"attempts":9,"qsos":166}},{"type":"Feature","geometry":{"type":"Point","coordinates":[127.362,34.8359]},"properties":{"ref":"KR-0291","name":"보성벌교갯벌습지보호구역\tBeolgyo Mudflat Wetland National Nature Reserve","grid":"PM34qu","locations":"KR-CN","activations":1,"attempts":2,"qsos":15}},{"type":"Feature","geometry":{"type":"Point","coordinates":[126.665,36.0241]},"properties":{"ref":"KR-0292","name":"서천갯벌습지보호구역\tSeocheon Mudflat Wetland National Nature Reserve","grid":"PM36ha","locations":"KR-HN","activations":1,"attempts":1,"qsos":12}},{"type":"Feature","geometry":{"type":"Point","coordinates":[126.615,37.3983]},"properties":{"ref":"KR-0293","name":"송도갯벌습지보호구역\tSongdo Mudflat Wetland National Nature Reserve","grid":"PM37hj","locations":"KR-IN","activations":1,"attempts":1,"qsos":14}},{"type":"Feature","geometry":{"type":"Point","coordinates":[127.448,34.8376]},"properties":{"ref":"KR-0294","name":"순천만갯벌습지보호구역\tSuncheon gulf Mudflat Wetland National Nature Reserve","grid":"PM34ru","locations":"KR-CN","activations":4,"attempts":6,"qsos":49}},{"type":"Feature","geometry":{"type":"Point","coordinates":[126.763,37.3957]},"properties":{"ref":"KR-0295","name":"시흥갯벌습지보호구역\tSiheung Mudflat Wetland National Nature Reserve","grid":"PM37jj","locations":"KR-KG","activations":27,"attempts":27,"qsos":1099}},{"type":"Feature","geometry":{"type":"Point","coordinates":[126.137,34.9641]},"properties":{"ref":"KR-0296","name":"신안갯벌습지보호구역\tSinan Mudflat Wetland National Nature Reserve","grid":"PM34bx","locations":"KR-CN","activations":3,"attempts":3,"qsos":55}},{"type":"Feature","geometry":{"type":"Point","coordinates":[126.343,37.5387]},"properties":{"ref":"KR-0297","name":"옹진장봉도갯벌습지보호구역\tJangbongdo Island Mudflat Wetland National Nature Reserve","grid":"PM37em","locations":"KR-IN","activations":0,"attempts":0,"qsos":0}},{"type":"Feature","geometry":{"type":"Point","coordinates":[126.311,34.5546]},"properties":{"ref":"KR-0298","name":"진도갯벌습지보호구역\tJindo Mudflat Wetland National Nature Reserve","grid":"PM34dn","locations":"KR-CN","activations":3,"attempts":4,"qsos":37}},{"type":"Feature","geometry":{"type":"Point","coordinates":[127.285,36.4979]},"properties":{"ref":"KR-0299","name":"국립세종수목원\tSejong Arboretum National Park","grid":"PM36pl","locations":"KR-SJ","activations":3,"attempts":3,"qsos":67}},{"type":"Feature","geometry":{"type":"Point","coordinates":[129.118,35.1538]},"properties":{"ref":"KR-0300","name":"광안리공원\tGwangalli Beach National Park","grid":"PM45nd","locations":"KR-PU","activations":0,"attempts":1,"qsos":8}},{"type":"Feature","geometry":{"type":"Point","coordinates":[128.634,38.1172]},"properties":{"ref":"KR-0301","name":"낙산해수욕장\tNaksan Beach National Park","grid":"PM48hc","locations":"KR-KW","activations":0,"attempts":0,"qsos":0}},{"type":"Feature","geometry":{"type":"Point","coordinates":[128.967,35.0556]},"properties":{"ref":"KR-0302","name":"다대포해변공원\tDadaepo Beach National Park","grid":"PM45lb","locations":"KR-PU","activations":3,"attempts":3,"qsos":145}},{"type":"Feature","geometry":{"type":"Point","coordinates":[126.511,36.3156]},"properties":{"ref":"KR-0303","name":"대천해수욕장\tDaecheon Beach National Park","grid":"PM36gh","locations":"KR-HN","activations":0,"attempts":0,"qsos":0}},{"type":"Feature","geometry":{"type":"Point","coordinates":[126.143,36.7857]},"properties":{"ref":"KR-0304","name":"만리포해수욕장\tMallipo Beach National Park","grid":"PM36bs","locations":"KR-HN","activations":0,"attempts":0,"qsos":0}},{"type":"Feature","geometry":{"type":"Point","coordinates":[129.09,37.5922]},"properties":{"ref":"KR-0305","name":"망상해수욕장\tMangsang Beach National Park","grid":"PM47no","locations":"KR-KW","activations":0,"attempts":0,"qsos":0}},{"type":"Feature","geometry":{"type":"Point","coordinates":[129.228,37.3874]},"properties":{"ref":"KR-0306","name":"맹방해수욕장\tMaengbang Beach National Park","grid":"PM47oj","locations":"KR-KW","activations":0,"attempts":0,"qsos":0}},{"type":"Feature","geometry":{"type":"Point","coordinates":[124.719,37.9506]},"properties":{"ref":"KR-0307","name":"백령도사곶해변\tBaengnyeongdo Sagot Beach National Park","grid":"PM27iw","locations":"KR-IN","activations":0,"attempts":0,"qsos":0}},{"type":"Feature","geometry":{"type":"Point","coordinates":[129.168,37.4684]},"properties":{"ref":"KR-0308","name":"삼척해수욕장\tSamcheok Beach National Park","grid":"PM47ol","locations":"KR-KW","activations":0,"attempts":0,"qsos":0}},{"type":"Feature","geometry":{"type":"Point","coordinates":[128.583,38.1855]},"properties":{"ref":"KR-0309","name":"속초해수욕장\tSokcho Beach National Park","grid":"PM48ge","locations":"KR-KW","activations":0,"attempts":0,"qsos":0}},{"type":"Feature","geometry":{"type":"Point","coordinates":[129.018,35.0761]},"properties":{"ref":"KR-0310","name":"송도해수욕장\tSongdo Beach National Park","grid":"PM45mb","locations":"KR-PU","activations":2,"attempts":2,"qsos":49}},{"type":"Feature","geometry":{"type":"Point","coordinates":[129.2,35.1786]},"properties":{"ref":"KR-0311","name":"송정해수욕장\tSongjeong Beach National Park","grid":"PM45oe","locations":"KR-PU","activations":2,"attempts":2,"qsos":188}},{"type":"Feature","geometry":{"type":"Point","coordinates":[126.809,34.3274]},"properties":{"ref":"KR-0312","name":"신지명사십리해수욕장\tSinji Myeongsasimni Beach National Park","grid":"PM34jh","locations":"KR-CN","activations":2,"attempts":6,"qsos":43}},{"type":"Feature","geometry":{"type":"Point","coordinates":[129.431,35.4956]},"properties":{"ref":"KR-0313","name":"일산해수욕장\tIlsan Beach National Park","grid":"PM45rl","locations":"KR-UL","activations":1,"attempts":1,"qsos":19}},{"type":"Feature","geometry":{"type":"Point","coordinates":[129.158,37.479]},"properties":{"ref":"KR-0314","name":"추암해수욕장\tChuam Beach National Park","grid":"PM47nl","locations":"KR-KW","activations":0,"attempts":0,"qsos":0}},{"type":"Feature","geometry":{"type":"Point","coordinates":[129.16,35.1587]},"properties":{"ref":"KR-0315","name":"해운대해수욕장\tHaeundae Beach National Park","grid":"PM45nd","locations":"KR-PU","activations":4,"attempts":4,"qsos":311}},{"type":"Feature","geometry":{"type":"Point","coordinates":[127.699,34.964]},"properties":{"ref":"KR-0316","name":"가야산\tGayasan Mountain Provincial Park","grid":"PM34ux","locations":"KR-CN","activations":0,"attempts":0,"qsos":0}},{"type":"Feature","geometry":{"type":"Point","coordinates":[126.865,37.4272]},"properties":{"ref":"KR-0317","name":"가학산근린공원\tGahaksan Mountain Provincial Park","grid":"PM37kk","locations":"KR-KG","activations":2,"attempts":2,"qsos":29}},{"type":"Feature","geometry":{"type":"Point","coordinates":[127.029,37.5959]},"properties":{"ref":"KR-0318","name":"개운산근린공원\tGaeunsan Mountain Provincial Park","grid":"PM37mo","locations":"KR-SO","activations":1,"attempts":1,"qsos":44}},{"type":"Feature","geometry":{"type":"Point","coordinates":[126.806,37.588]},"properties":{"ref":"KR-0319","name":"개화근린공원\tGaehwasan Mountain Provincial Park","grid":"PM37jo","locations":"KR-SO","activations":2,"attempts":2,"qsos":37}},{"type":"Feature","geometry":{"type":"Point","coordinates":[126.715,37.5533]},"properties":{"ref":"KR-0320","name":"계양산\tGyeyang Mountain Provincial Park","grid":"PM37in","locations":"KR-IN","activations":1,"attempts":1,"qsos":17}},{"type":"Feature","geometry":{"type":"Point","coordinates":[128.327,34.9673]},"properties":{"ref":"KR-0321","name":"고성남산공원\tGoseong Namsam Mountain National Park","grid":"PM44dx","locations":"KR-KN","activations":0,"attempts":0,"qsos":0}},{"type":"Feature","geometry":{"type":"Point","coordinates":[126.866,37.4405]},"properties":{"ref":"KR-0322","name":"구름산도시자연공원 Gureumsan Mountain Provincial Park","grid":"PM37kk","locations":"KR-KG","activations":2,"attempts":3,"qsos":34}},{"type":"Feature","geometry":{"type":"Point","coordinates":[127.714,34.7384]},"properties":{"ref":"KR-0323","name":"구봉산(여수)\tYeosu Gubongsan Mountain Provincial Park","grid":"PM34ur","locations":"KR-CN","activations":1,"attempts":1,"qsos":14}},{"type":"Feature","geometry":{"type":"Point","coordinates":[127.046,37.2048]},"properties":{"ref":"KR-0324","name":"구봉산(화성)\tHwaseong Gubongsan Mountain Provincial Park","grid":"PM37me","locations":"KR-KG","activations":1,"attempts":1,"qsos":49}},{"type":"Feature","geometry":{"type":"Point","coordinates":[126.75,35.9747]},"properties":{"ref":"KR-0325","name":"군봉공원\tGunbong Mountain Provincial Park","grid":"PM35ix","locations":"KR-CB","activations":1,"attempts":1,"qsos":10}},{"type":"Feature","geometry":{"type":"Point","coordinates":[127.054,35.9953]},"properties":{"ref":"KR-0326","name":"금마공원\tGeummasan Mountain Provincial Park","grid":"PM35mx","locations":"KR-CB","activations":1,"attempts":1,"qsos":11}},{"type":"Feature","geometry":{"type":"Point","coordinates":[127.169,35.8226]},"properties":{"ref":"KR-0327","name":"기린공원\tGirinbong Peak Mountain Provincial Park","grid":"PM35ot","locations":"KR-CB","activations":1,"attempts":1,"qsos":11}},{"type":"Feature","geometry":{"type":"Point","coordinates":[126.723,35.0323]},"properties":{"ref":"KR-0328","name":"나주남산공원\tNamsan(Naju) Mountain Provincial Park","grid":"PM35ia","locations":"KR-CN","activations":0,"attempts":0,"qsos":0}},{"type":"Feature","geometry":{"type":"Point","coordinates":[126.98,36.0745]},"properties":{"ref":"KR-0329","name":"남당공원\tNamttangsan Mountain National Park","grid":"PM36lb","locations":"KR-CB","activations":1,"attempts":1,"qsos":12}},{"type":"Feature","geometry":{"type":"Point","coordinates":[128.429,34.8423]},"properties":{"ref":"KR-0330","name":"남망산공원\tNammangsan Mountain Provincial Park","grid":"PM44fu","locations":"KR-KN","activations":0,"attempts":0,"qsos":0}},{"type":"Feature","geometry":{"type":"Point","coordinates":[126.48,37.742]},"properties":{"ref":"KR-0331","name":"남산근린공원(강화)\tGanghwa Namsan Mountain Provincial Park","grid":"PM37fr","locations":"KR-IN","activations":0,"attempts":0,"qsos":0}},{"type":"Feature","geometry":{"type":"Point","coordinates":[127.06,37.47]},"properties":{"ref":"KR-0332","name":"대모산공원\tDaemosan Mountain Provincial Park","grid":"PM37ml","locations":"KR-SO","activations":0,"attempts":1,"qsos":8}},{"type":"Feature","geometry":{"type":"Point","coordinates":[127.027,37.5537]},"properties":{"ref":"KR-0333","name":"대현산공원\tDarhyunsan Mountain Provincial Park","grid":"PM37mn","locations":"KR-SO","activations":1,"attempts":1,"qsos":18}},{"type":"Feature","geometry":{"type":"Point","coordinates":[127.1,36.9977]},"properties":{"ref":"KR-0334","name":"덕동산근린공원\tDeokdongsan Mountain Provincial Park","grid":"PM36nx","locations":"KR-KG","activations":0,"attempts":0,"qsos":0}},{"type":"Feature","geometry":{"type":"Point","coordinates":[126.858,37.4695]},"properties":{"ref":"KR-0335","name":"도덕산자연공원\tDodeoksan Mountain Provincial Park","grid":"PM37kl","locations":"KR-KG","activations":5,"attempts":7,"qsos":79}},{"type":"Feature","geometry":{"type":"Point","coordinates":[127.882,37.6936]},"properties":{"ref":"KR-0336","name":"두개비산공원\tDugaebisan Mountain Provincial Park","grid":"PM37wq","locations":"KR-KW","activations":0,"attempts":0,"qsos":0}},{"type":"Feature","geometry":{"type":"Point","coordinates":[127.281,34.6111]},"properties":{"ref":"KR-0337","name":"마치산공원\tMachisan Mountain Provincial Park","grid":"PM34po","locations":"KR-CN","activations":1,"attempts":2,"qsos":19}},{"type":"Feature","geometry":{"type":"Point","coordinates":[128.929,35.9736]},"properties":{"ref":"KR-0338","name":"마현산공원\tMahyeonsan Mountain Provincial Park","grid":"PM45lx","locations":"KR-KB","activations":0,"attempts":0,"qsos":0}},{"type":"Feature","geometry":{"type":"Point","coordinates":[127.67,34.7538]},"properties":{"ref":"KR-0339","name":"망마공원\tMangmasan Mountain Provincial Park","grid":"PM34us","locations":"KR-CN","activations":2,"attempts":2,"qsos":28}},{"type":"Feature","geometry":{"type":"Point","coordinates":[128.073,34.9314]},"properties":{"ref":"KR-0340","name":"망산공원\tMangsan Mountain Provincial Park","grid":"PM44aw","locations":"KR-KN","activations":0,"attempts":0,"qsos":0}},{"type":"Feature","geometry":{"type":"Point","coordinates":[127.005,37.545]},"properties":{"ref":"KR-0341","name":"매봉산공원\tMaebongsan Mountain National Park","grid":"PM37mn","locations":"KR-SO","activations":2,"attempts":2,"qsos":39}},{"type":"Feature","geometry":{"type":"Point","coordinates":[126.679,37.6476]},"properties":{"ref":"KR-0342","name":"모담공원\tModamsan Mountain Provincial Park","grid":"PM37ip","locations":"KR-KG","activations":0,"attempts":0,"qsos":0}},{"type":"Feature","geometry":{"type":"Point","coordinates":[128.632,35.8369]},"properties":{"ref":"KR-0343","name":"무학산공원\tMuhaksan Mountain Provincial Park","grid":"PM45hu","locations":"KR-TG","activations":1,"attempts":1,"qsos":19}},{"type":"Feature","geometry":{"type":"Point","coordinates":[126.677,37.4315]},"properties":{"ref":"KR-0344","name":"문학산\tMunhagsan Mountain Provincial Park","grid":"PM37ik","locations":"KR-IN","activations":1,"attempts":1,"qsos":17}},{"type":"Feature","geometry":{"type":"Point","coordinates":[128.577,35.2221]},"properties":{"ref":"KR-0345","name":"반월산공원\tBanwolsan Mountain Provincial Park","grid":"PM45gf","locations":"KR-KN","activations":1,"attempts":1,"qsos":22}},{"type":"Feature","geometry":{"type":"Point","coordinates":[127.118,35.9496]},"properties":{"ref":"KR-0346","name":"배매산자연공원\tBaemaesan Mountain Provincial Park","grid":"PM35nw","locations":"KR-CB","activations":1,"attempts":1,"qsos":11}},{"type":"Feature","geometry":{"type":"Point","coordinates":[126.928,37.5906]},"properties":{"ref":"KR-0347","name":"백련산\tBaengnyeonsan Mountain Provincial Park","grid":"PM37lo","locations":"KR-SO","activations":2,"attempts":2,"qsos":21}},{"type":"Feature","geometry":{"type":"Point","coordinates":[127.892,34.8423]},"properties":{"ref":"KR-0348","name":"봉강산공원\tBonggangsan Mountain Provincial Park","grid":"PM34wu","locations":"KR-KN","activations":0,"attempts":0,"qsos":0}},{"type":"Feature","geometry":{"type":"Point","coordinates":[128.486,37.1985]},"properties":{"ref":"KR-0349","name":"봉래산공원\tBongnaesan Mountain Provincial Park","grid":"PM47fe","locations":"KR-KW","activations":1,"attempts":1,"qsos":12}},{"type":"Feature","geometry":{"type":"Point","coordinates":[126.892,37.5852]},"properties":{"ref":"KR-0350","name":"봉산근린공원\tBongsan Mountain Provincial Park","grid":"PM37ko","locations":"KR-KG,KR-SO","activations":3,"attempts":4,"qsos":66}},{"type":"Feature","geometry":{"type":"Point","coordinates":[127.731,37.8921]},"properties":{"ref":"KR-0351","name":"봉의산\tBong-uisan Mountain Provincial Park","grid":"PM37uv","locations":"KR-KW","activations":0,"attempts":0,"qsos":0}},{"type":"Feature","geometry":{"type":"Point","coordinates":[127.285,34.6073]},"properties":{"ref":"KR-0352","name":"봉황산공원(고흥)\tBonghwangsan Mountain Provincial Park","grid":"PM34po","locations":"KR-CN","activations":1,"attempts":1,"qsos":17}},{"type":"Feature","geometry":{"type":"Point","coordinates":[129.176,37.4384]},"properties":{"ref":"KR-0353","name":"봉황산공원(삼척)\tBonghwangsan Mountain Provincial Park","grid":"PM47ok","locations":"KR-KW","activations":0,"attempts":0,"qsos":0}},{"type":"Feature","geometry":{"type":"Point","coordinates":[127.075,37.0714]},"properties":{"ref":"KR-0354","name":"부락산문화공원\tBuraksan Culture Mountain Provincial Park","grid":"PM37mb","locations":"KR-KG","activations":0,"attempts":0,"qsos":0}},{"type":"Feature","geometry":{"type":"Point","coordinates":[126.439,34.8039]},"properties":{"ref":"KR-0355","name":"부흥산공원\tBuheongsan Mountain Provincial Park","grid":"PM34ft","locations":"KR-CN","activations":1,"attempts":1,"qsos":10}},{"type":"Feature","geometry":{"type":"Point","coordinates":[126.986,37.606]},"properties":{"ref":"KR-0356","name":"북악산공원\tBugaksan Mountain Provincial Park","grid":"PM37lo","locations":"KR-SO","activations":0,"attempts":0,"qsos":0}},{"type":"Feature","geometry":{"type":"Point","coordinates":[128.741,35.167]},"properties":{"ref":"KR-0357","name":"불모산\tBulmosan Mountain Provincial Park","grid":"PM45ie","locations":"KR-KN","activations":3,"attempts":3,"qsos":70}},{"type":"Feature","geometry":{"type":"Point","coordinates":[127.095,37.6636]},"properties":{"ref":"KR-0358","name":"불암산\tBuramsan Mountain Provincial Park","grid":"PM37np","locations":"KR-KG,KR-SO","activations":3,"attempts":5,"qsos":50}},{"type":"Feature","geometry":{"type":"Point","coordinates":[128.298,36.2486]},"properties":{"ref":"KR-0359","name":"비봉공원\tBibongsan Mountain Provincial Park","grid":"PM46df","locations":"KR-KB","activations":0,"attempts":0,"qsos":0}},{"type":"Feature","geometry":{"type":"Point","coordinates":[127.746,34.9527]},"properties":{"ref":"KR-0360","name":"삼봉산공원\tSambongsan Mountain Provincial Park","grid":"PM34uw","locations":"KR-CN","activations":1,"attempts":1,"qsos":12}},{"type":"Feature","geometry":{"type":"Point","coordinates":[126.988,37.5514]},"properties":{"ref":"KR-0361","name":"서울남산\tNamsan(Seoul) Mountain Provincial Park","grid":"PM37ln","locations":"KR-SO","activations":2,"attempts":3,"qsos":46}},{"type":"Feature","geometry":{"type":"Point","coordinates":[127.702,38.0968]},"properties":{"ref":"KR-0362","name":"화천생활체육공원\tHwacheon Sports Provincial Recreation Park Provincial Park","grid":"PM38uc","locations":"KR-KW","activations":0,"attempts":0,"qsos":0}},{"type":"Feature","geometry":{"type":"Point","coordinates":[128.556,37.6406]},"properties":{"ref":"KR-0363","name":"석두산공원\tSeokdusan Mountain Provincial Park","grid":"PM47gp","locations":"KR-KW","activations":2,"attempts":2,"qsos":29}},{"type":"Feature","geometry":{"type":"Point","coordinates":[127.088,37.9381]},"properties":{"ref":"KR-0364","name":"소요산\tSoyosan Mountain Provincial Park","grid":"PM37nw","locations":"KR-KG","activations":1,"attempts":1,"qsos":11}},{"type":"Feature","geometry":{"type":"Point","coordinates":[127.082,37.699]},"properties":{"ref":"KR-0365","name":"수락산\tSuraksan Mountain Provincial Park","grid":"PM37mq","locations":"KR-KG,KR-SO","activations":1,"attempts":1,"qsos":39}},{"type":"Feature","geometry":{"type":"Point","coordinates":[127.706,36.9388]},"properties":{"ref":"KR-0366","name":"수정산\tSujungsan Mountain Provincial Park","grid":"PM36uw","locations":"KR-HB","activations":0,"attempts":0,"qsos":0}},{"type":"Feature","geometry":{"type":"Point","coordinates":[127.481,36.3004]},"properties":{"ref":"KR-0367","name":"식장산\tSikjangsan Mountain Provincial Park","grid":"PM36rh","locations":"KR-HB,KR-TJ","activations":5,"attempts":6,"qsos":79}},{"type":"Feature","geometry":{"type":"Point","coordinates":[127.103,37.5802]},"properties":{"ref":"KR-0368","name":"아차산공원\tAchasan Mountain Provincial Park","grid":"PM37nn","locations":"KR-KG,KR-SO","activations":1,"attempts":1,"qsos":11}},{"type":"Feature","geometry":{"type":"Point","coordinates":[128.589,35.829]},"properties":{"ref":"KR-0369","name":"앞산공원\tApsan Mountain Provincial Park","grid":"PM45ht","locations":"KR-TG","activations":2,"attempts":2,"qsos":37}},{"type":"Feature","geometry":{"type":"Point","coordinates":[126.408,34.815]},"properties":{"ref":"KR-0370","name":"양을공원\tYang-eulsan Mountain Provincial Park","grid":"PM34et","locations":"KR-CN","activations":1,"attempts":1,"qsos":11}},{"type":"Feature","geometry":{"type":"Point","coordinates":[127.73,34.7319]},"properties":{"ref":"KR-0371","name":"여수남산공원\tYeosu Namsan Mountain Provincial Park","grid":"PM34ur","locations":"KR-CN","activations":2,"attempts":2,"qsos":21}},{"type":"Feature","geometry":{"type":"Point","coordinates":[126.51,35.2808]},"properties":{"ref":"KR-0372","name":"영광성산공원\tYeonggwang Seongsan Mountain Provincial Park","grid":"PM35gg","locations":"KR-CN","activations":0,"attempts":0,"qsos":0}},{"type":"Feature","geometry":{"type":"Point","coordinates":[127.058,37.6283]},"properties":{"ref":"KR-0373","name":"영축산근린공원\tYeongchuksan Mountain Provincial Park","grid":"PM37mp","locations":"KR-SO","activations":1,"attempts":1,"qsos":45}},{"type":"Feature","geometry":{"type":"Point","coordinates":[127.033,37.6295]},"properties":{"ref":"KR-0374","name":"오동근린공원(강북)\tOdong Opaesan Mountain Provincial Park","grid":"PM37mp","locations":"KR-SO","activations":0,"attempts":0,"qsos":0}},{"type":"Feature","geometry":{"type":"Point","coordinates":[127.109,37.1775]},"properties":{"ref":"KR-0375","name":"왕배산1호공원\tWanbaesan No.1 Mountain Provincial Park","grid":"PM37ne","locations":"KR-KG","activations":0,"attempts":0,"qsos":0}},{"type":"Feature","geometry":{"type":"Point","coordinates":[127.108,37.5842]},"properties":{"ref":"KR-0376","name":"용마도시자연공원\tYongmasan Mountain Provincial Park","grid":"PM37no","locations":"KR-SO","activations":0,"attempts":0,"qsos":0}},{"type":"Feature","geometry":{"type":"Point","coordinates":[129.452,35.597]},"properties":{"ref":"KR-0377","name":"우가산공원\tUgasan Mountain Provincial Park","grid":"PM45ro","locations":"KR-UL","activations":1,"attempts":1,"qsos":11}},{"type":"Feature","geometry":{"type":"Point","coordinates":[127.742,37.9166]},"properties":{"ref":"KR-0378","name":"우두산공원\tUdusan Mountain Provincial Park","grid":"PM37uv","locations":"KR-KW","activations":1,"attempts":1,"qsos":17}},{"type":"Feature","geometry":{"type":"Point","coordinates":[127.003,37.4713]},"properties":{"ref":"KR-0379","name":"우면산\tUmyeonsan Mountain Provincial Park","grid":"PM37ml","locations":"KR-SO","activations":0,"attempts":0,"qsos":0}},{"type":"Feature","geometry":{"type":"Point","coordinates":[127.506,36.649]},"properties":{"ref":"KR-0380","name":"우암산\tUamsan Mountain Provincial Park","grid":"PM36sp","locations":"KR-HB","activations":0,"attempts":0,"qsos":0}},{"type":"Feature","geometry":{"type":"Point","coordinates":[127.172,37.2711]},"properties":{"ref":"KR-0381","name":"석성산\tSeokseongsan Mountain Provincial Park","grid":"PM37og","locations":"KR-KG","activations":1,"attempts":1,"qsos":12}},{"type":"Feature","geometry":{"type":"Point","coordinates":[126.844,37.5528]},"properties":{"ref":"KR-0382","name":"우장산근린공원\tUjangsan Mountain Provincial Park","grid":"PM37kn","locations":"KR-SO","activations":0,"attempts":0,"qsos":0}},{"type":"Feature","geometry":{"type":"Point","coordinates":[129.301,35.5437]},"properties":{"ref":"KR-0383","name":"울산남산공원\tUlsan Namsan Mountain Provincial Park","grid":"PM45pn","locations":"KR-UL","activations":1,"attempts":1,"qsos":13}},{"type":"Feature","geometry":{"type":"Point","coordinates":[126.372,34.7898]},"properties":{"ref":"KR-0384","name":"유달산\tYudalsan Mountain Provincial Park","grid":"PM34es","locations":"KR-CN","activations":1,"attempts":1,"qsos":11}},{"type":"Feature","geometry":{"type":"Point","coordinates":[128.267,35.3059]},"properties":{"ref":"KR-0385","name":"의령남산\tUiryeong Namsan Mountain Provincial Park","grid":"PM45dh","locations":"KR-KN","activations":1,"attempts":1,"qsos":24}},{"type":"Feature","geometry":{"type":"Point","coordinates":[127.088,37.445]},"properties":{"ref":"KR-0386","name":"인릉산\tIlleungsan Mountain Provincial Park","grid":"PM37nk","locations":"KR-KG,KR-SO","activations":1,"attempts":1,"qsos":13}},{"type":"Feature","geometry":{"type":"Point","coordinates":[126.958,37.5848]},"properties":{"ref":"KR-0387","name":"인왕산\tInwangsan Mountain Provincial Park","grid":"PM37lo","locations":"KR-SO","activations":2,"attempts":3,"qsos":32}},{"type":"Feature","geometry":{"type":"Point","coordinates":[128.674,35.1755]},"properties":{"ref":"KR-0388","name":"장복산\tJangboksan Mountain Provincial Park","grid":"PM45ie","locations":"KR-KN","activations":0,"attempts":0,"qsos":0}},{"type":"Feature","geometry":{"type":"Point","coordinates":[128.739,34.8677]},"properties":{"ref":"KR-0389","name":"장승포해돋이공원\tJangseungpo Haedod-I Mountain Provincial Park","grid":"PM44iu","locations":"KR-KN","activations":3,"attempts":3,"qsos":65}},{"type":"Feature","geometry":{"type":"Point","coordinates":[127.971,35.304]},"properties":{"ref":"KR-0390","name":"적벽산공원\tJeokbyeoksan Mountain Provincial Park","grid":"PM35xh","locations":"KR-KN","activations":0,"attempts":0,"qsos":0}},{"type":"Feature","geometry":{"type":"Point","coordinates":[128.457,36.1088]},"properties":{"ref":"KR-0391","name":"천생산\tCheonsaengsan Mountain Provincial Park","grid":"PM46fc","locations":"KR-KB","activations":0,"attempts":0,"qsos":0}},{"type":"Feature","geometry":{"type":"Point","coordinates":[127.045,37.5957]},"properties":{"ref":"KR-0392","name":"천장산공원\tCheonjangsan Mountain Provincial Park","grid":"PM37mo","locations":"KR-SO","activations":0,"attempts":0,"qsos":0}},{"type":"Feature","geometry":{"type":"Point","coordinates":[126.87,37.4651]},"properties":{"ref":"KR-0393","name":"철망산\tCheolmangsan Mountain Provincial Park","grid":"PM37kl","locations":"KR-KG","activations":0,"attempts":0,"qsos":0}},{"type":"Feature","geometry":{"type":"Point","coordinates":[128.631,36.8326]},"properties":{"ref":"KR-0394","name":"철탄산공원\tCheoltansan Mountain Provincial Park","grid":"PM46ht","locations":"KR-KB","activations":0,"attempts":0,"qsos":0}},{"type":"Feature","geometry":{"type":"Point","coordinates":[127.043,37.4222]},"properties":{"ref":"KR-0395","name":"청계산\tCheonggyesan Mountain Provincial Park","grid":"PM37mk","locations":"KR-KG,KR-SO","activations":0,"attempts":0,"qsos":0}},{"type":"Feature","geometry":{"type":"Point","coordinates":[127.723,37.8509]},"properties":{"ref":"KR-0396","name":"춘천국사봉\tChuncheon Guksabong Mountain Provincial Park","grid":"PM37uu","locations":"KR-KW","activations":0,"attempts":0,"qsos":0}},{"type":"Feature","geometry":{"type":"Point","coordinates":[127.189,36.8221]},"properties":{"ref":"KR-0397","name":"태조산공원\tTaejoasn Mountain Provincial Park","grid":"PM36ot","locations":"KR-HN","activations":0,"attempts":0,"qsos":0}},{"type":"Feature","geometry":{"type":"Point","coordinates":[128.403,37.3734]},"properties":{"ref":"KR-0398","name":"평창노성산공원\tNoseongsan Mountain Provincial Park","grid":"PM47ei","locations":"KR-KW","activations":0,"attempts":0,"qsos":0}},{"type":"Feature","geometry":{"type":"Point","coordinates":[127.176,37.8416]},"properties":{"ref":"KR-0399","name":"화봉산공원\tHwabongsan Mountain Provincial Park","grid":"PM37ou","locations":"KR-KG","activations":1,"attempts":1,"qsos":10}},{"type":"Feature","geometry":{"type":"Point","coordinates":[127.168,37.6053]},"properties":{"ref":"KR-0400","name":"황금산문화공원\tHwanggeumsan Mountain Provincial Park","grid":"PM37oo","locations":"KR-KG","activations":1,"attempts":1,"qsos":12}},{"type":"Feature","geometry":{"type":"Point","coordinates":[127.098,35.8393]},"properties":{"ref":"KR-0401","name":"황방산공원\tHwangbangsan Mountain Provincial Park","grid":"PM35nu","locations":"KR-CB","activations":6,"attempts":6,"qsos":68}},{"type":"Feature","geometry":{"type":"Point","coordinates":[126.963,37.5106]},"properties":{"ref":"KR-0402","name":"효사정공원\tHyosajeong Pavilion Mountain Provincial Park","grid":"PM37lm","locations":"KR-SO","activations":1,"attempts":1,"qsos":61}},{"type":"Feature","geometry":{"type":"Point","coordinates":[127.725,37.9233]},"properties":{"ref":"KR-0403","name":"강원도립화목원\tGangwon Arboretum Provincial Park","grid":"PM37uw","locations":"KR-KW","activations":1,"attempts":1,"qsos":13}},{"type":"Feature","geometry":{"type":"Point","coordinates":[127.057,37.1666]},"properties":{"ref":"KR-0404","name":"경기도립물향기수목원\tMulhyanggi Arboretum Provincial Park","grid":"PM37md","locations":"KR-KG","activations":0,"attempts":0,"qsos":0}},{"type":"Feature","geometry":{"type":"Point","coordinates":[129.258,36.22]},"properties":{"ref":"KR-0405","name":"경상북도도립수목원\tGyeongsangbuk-do Arboretum Provincial Park","grid":"PM46pf","locations":"KR-KB","activations":1,"attempts":1,"qsos":14}},{"type":"Feature","geometry":{"type":"Point","coordinates":[127.122,37.3422]},"properties":{"ref":"KR-0406","name":"구미공원\tGumi Arboretum Provincial Park","grid":"PM37ni","locations":"KR-KG","activations":0,"attempts":0,"qsos":0}},{"type":"Feature","geometry":{"type":"Point","coordinates":[127.198,37.5351]},"properties":{"ref":"KR-0407","name":"덕풍근린공원\tDukpung Arboretum Provincial Park","grid":"PM37om","locations":"KR-KG","activations":1,"attempts":1,"qsos":11}},{"type":"Feature","geometry":{"type":"Point","coordinates":[129.043,35.251]},"properties":{"ref":"KR-0408","name":"부산화명수목원\tHwamyeong Arboretum Provincial Park","grid":"PM45mg","locations":"KR-PU","activations":3,"attempts":3,"qsos":77}},{"type":"Feature","geometry":{"type":"Point","coordinates":[126.832,37.5698]},"properties":{"ref":"KR-0409","name":"서울식물원\tSeoul Botanic Arboretum Provincial Park","grid":"PM37jn","locations":"KR-SO","activations":2,"attempts":2,"qsos":41}},{"type":"Feature","geometry":{"type":"Point","coordinates":[126.984,37.5216]},"properties":{"ref":"KR-0410","name":"용산가족공원\tYongsan Family Arboretum Provincial Park","grid":"PM37lm","locations":"KR-SO","activations":1,"attempts":1,"qsos":14}},{"type":"Feature","geometry":{"type":"Point","coordinates":[129.427,35.5539]},"properties":{"ref":"KR-0411","name":"울산테마식물수목원 \tUlsan Theme Arboretum Provincial Park","grid":"PM45rn","locations":"KR-UL","activations":1,"attempts":1,"qsos":23}},{"type":"Feature","geometry":{"type":"Point","coordinates":[126.754,37.4622]},"properties":{"ref":"KR-0412","name":"인천수목원\tIncheon Grand Park Arboretum Provincial Park","grid":"PM37jl","locations":"KR-IN","activations":0,"attempts":0,"qsos":0}},{"type":"Feature","geometry":{"type":"Point","coordinates":[128.446,35.261]},"properties":{"ref":"KR-0413","name":"입곡문화공원\tIpgok Culture Arboretum Provincial Park","grid":"PM45fg","locations":"KR-KN","activations":4,"attempts":4,"qsos":208}},{"type":"Feature","geometry":{"type":"Point","coordinates":[127.077,37.2976]},"properties":{"ref":"KR-0414","name":"정암수목공원\tJeong-am Arboretum Provincial Park","grid":"PM37mh","locations":"KR-KG","activations":1,"attempts":1,"qsos":12}},{"type":"Feature","geometry":{"type":"Point","coordinates":[128.655,35.228]},"properties":{"ref":"KR-0415","name":"창원수목원\tChangwon Arboretum Provincial Park","grid":"PM45hf","locations":"KR-KN","activations":4,"attempts":4,"qsos":103}},{"type":"Feature","geometry":{"type":"Point","coordinates":[126.824,37.482]},"properties":{"ref":"KR-0416","name":"푸른수목원\tPureun Arboretum Provincial Park","grid":"PM37jl","locations":"KR-SO","activations":4,"attempts":4,"qsos":93}},{"type":"Feature","geometry":{"type":"Point","coordinates":[126.492,33.4687]},"properties":{"ref":"KR-0417","name":"한라수목원\tHalla Arboretum Provincial Park","grid":"PM33fl","locations":"KR-CJ","activations":0,"attempts":0,"qsos":0}},{"type":"Feature","geometry":{"type":"Point","coordinates":[126.24,33.3902]},"properties":{"ref":"KR-0418","name":"한림공원\tHallim Arboretum Provincial Park","grid":"PM33cj","locations":"KR-CJ","activations":1,"attempts":1,"qsos":11}},{"type":"Feature","geometry":{"type":"Point","coordinates":[127.388,36.3684]},"properties":{"ref":"KR-0419","name":"한밭수목원\tHanbat Arboretum Provincial Park","grid":"PM36qi","locations":"KR-TJ","activations":3,"attempts":3,"qsos":67}},{"type":"Feature","geometry":{"type":"Point","coordinates":[129.126,35.2297]},"properties":{"ref":"KR-0420","name":"해운대수목원\tHaeundae Arboretum Provincial Park","grid":"PM45nf","locations":"KR-PU","activations":1,"attempts":1,"qsos":15}},{"type":"Feature","geometry":{"type":"Point","coordinates":[128.564,35.1857]},"properties":{"ref":"KR-0421","name":"3.15 Coast Provincial Park","grid":"PM45ge","locations":"KR-KN","activations":2,"attempts":2,"qsos":39}},{"type":"Feature","geometry":{"type":"Point","coordinates":[128.59,35.1572]},"properties":{"ref":"KR-0422","name":"가포해안변공원 Gapo Coast Provincial Park","grid":"PM45hd","locations":"KR-KN","activations":1,"attempts":1,"qsos":39}},{"type":"Feature","geometry":{"type":"Point","coordinates":[128.97,35.0402]},"properties":{"ref":"KR-0423","name":"몰운대유원지\tMolwundae Coast Provincial Park","grid":"PM45la","locations":"KR-PU","activations":1,"attempts":1,"qsos":12}},{"type":"Feature","geometry":{"type":"Point","coordinates":[129.483,35.7407]},"properties":{"ref":"KR-0424","name":"봉길대왕암해변\tBonggil Daewang-am Coast Provincial Park","grid":"PM45rr","locations":"KR-KB","activations":0,"attempts":0,"qsos":0}},{"type":"Feature","geometry":{"type":"Point","coordinates":[128.6,38.2132]},"properties":{"ref":"KR-0425","name":"속초등대공원\tSokcho Lighthouse Coast Provincial Park","grid":"PM48hf","locations":"KR-KW","activations":0,"attempts":0,"qsos":0}},{"type":"Feature","geometry":{"type":"Point","coordinates":[129.197,35.1804]},"properties":{"ref":"KR-0426","name":"송정공원(죽도산)\tSongjeong Coast Provincial Park","grid":"PM45oe","locations":"KR-PU","activations":1,"attempts":1,"qsos":11}},{"type":"Feature","geometry":{"type":"Point","coordinates":[126.92,33.4658]},"properties":{"ref":"KR-0427","name":"식산공원\tSiksan Coast Provincial Park","grid":"PM33ll","locations":"KR-CJ","activations":1,"attempts":1,"qsos":12}},{"type":"Feature","geometry":{"type":"Point","coordinates":[129.461,36.0034]},"properties":{"ref":"KR-0428","name":"연오랑세오녀테마공원\tYeon-orang Se-o-nyeo Coast Provincial Park","grid":"PM46ra","locations":"KR-KB","activations":1,"attempts":1,"qsos":45}},{"type":"Feature","geometry":{"type":"Point","coordinates":[128.764,37.9722]},"properties":{"ref":"KR-0429","name":"죽도공원\tJukdo Coast Provincial Park","grid":"PM47jx","locations":"KR-KW","activations":0,"attempts":0,"qsos":0}},{"type":"Feature","geometry":{"type":"Point","coordinates":[128.609,38.1631]},"properties":{"ref":"KR-0430","name":"해맞이공원\tSeorakhaemaji Coast Provincial Park","grid":"PM48hd","locations":"KR-KW","activations":1,"attempts":1,"qsos":16}},{"type":"Feature","geometry":{"type":"Point","coordinates":[129.39,36.0665]},"properties":{"ref":"KR-0431","name":"환호공원\tHwanho Coast Provincial Park","grid":"PM46qb","locations":"KR-KB","activations":1,"attempts":1,"qsos":44}},{"type":"Feature","geometry":{"type":"Point","coordinates":[129.462,36.6808]},"properties":{"ref":"KR-0432","name":"후포공원\tHupo Coast Provincial Park","grid":"PM46rq","locations":"KR-KB","activations":0,"attempts":0,"qsos":0}},{"type":"Feature","geometry":{"type":"Point","coordinates":[129.411,35.5107]},"properties":{"ref":"KR-0433","name":"방어진도시자연공원구역\tBang-eojin Provincial Conservation Park","grid":"PM45qm","locations":"KR-UL","activations":1,"attempts":1,"qsos":18}},{"type":"Feature","geometry":{"type":"Point","coordinates":[127.137,37.5121]},"properties":{"ref":"KR-0434","name":"방이동생태경관보전지역\tBangi-dong Provincial 5(1)(g) Reserve","grid":"PM37nm","locations":"KR-SO","activations":2,"attempts":2,"qsos":24}},{"type":"Feature","geometry":{"type":"Point","coordinates":[129.018,35.2966]},"properties":{"ref":"KR-0436","name":"가산수변공원\tGasan Waterside Provincial Ecological Park","grid":"PM45mh","locations":"KR-KN","activations":0,"attempts":0,"qsos":0}},{"type":"Feature","geometry":{"type":"Point","coordinates":[128.904,35.3684]},"properties":{"ref":"KR-0437","name":"가야진사공원\tGayajinsa Provincial Ecological Park","grid":"PM45ki","locations":"KR-KN","activations":3,"attempts":3,"qsos":77}},{"type":"Feature","geometry":{"type":"Point","coordinates":[126.817,37.5863]},"properties":{"ref":"KR-0438","name":"강서한강공원\tGangseo Hangang Provincial Ecological Park","grid":"PM37jo","locations":"KR-KG,KR-SO","activations":1,"attempts":3,"qsos":21}},{"type":"Feature","geometry":{"type":"Point","coordinates":[127.493,34.9827]},"properties":{"ref":"KR-0439","name":"강청수변공원\tGangcheong Waterside Provincial Ecological Park","grid":"PM34rx","locations":"KR-CN","activations":1,"attempts":1,"qsos":11}},{"type":"Feature","geometry":{"type":"Point","coordinates":[126.781,37.3898]},"properties":{"ref":"KR-0440","name":"갯골생태공원\tSiheung Gaetgol Provincial Ecological Park","grid":"PM37jj","locations":"KR-KG","activations":0,"attempts":0,"qsos":0}},{"type":"Feature","geometry":{"type":"Point","coordinates":[127.667,34.7613]},"properties":{"ref":"KR-0441","name":"거북선공원\tGeobukseon Provincial Ecological Park","grid":"PM34us","locations":"KR-CN","activations":2,"attempts":3,"qsos":37}},{"type":"Feature","geometry":{"type":"Point","coordinates":[126.555,33.25]},"properties":{"ref":"KR-0442","name":"걸매생태공원\tGeolmae Provincial Ecological Park","grid":"PM33gg","locations":"KR-CJ","activations":0,"attempts":0,"qsos":0}},{"type":"Feature","geometry":{"type":"Point","coordinates":[127.303,37.4573]},"properties":{"ref":"KR-0443","name":"경안천습지생태공원\tGyeong-ancheonseupji Provincial Ecological Park","grid":"PM37pk","locations":"KR-KG","activations":2,"attempts":2,"qsos":38}},{"type":"Feature","geometry":{"type":"Point","coordinates":[128.908,37.7964]},"properties":{"ref":"KR-0444","name":"경포생태습지공원\tGyeongpo Wetland Provincial Ecological Park","grid":"PM47kt","locations":"KR-KW","activations":0,"attempts":0,"qsos":0}},{"type":"Feature","geometry":{"type":"Point","coordinates":[127.156,37.5709]},"properties":{"ref":"KR-0445","name":"고덕수변생태공원\tGoduk Waterside Provincial Ecological Park","grid":"PM37nn","locations":"KR-SO","activations":1,"attempts":1,"qsos":15}},{"type":"Feature","geometry":{"type":"Point","coordinates":[126.839,37.5895]},"properties":{"ref":"KR-0446","name":"고양대덕생태공원\tGoyang Daeduk Provincial Ecological Park","grid":"PM37ko","locations":"KR-KG","activations":0,"attempts":0,"qsos":0}},{"type":"Feature","geometry":{"type":"Point","coordinates":[126.744,37.6839]},"properties":{"ref":"KR-0447","name":"고양생태공원\tGoyang Provincial Ecological Park","grid":"PM37iq","locations":"KR-KG","activations":0,"attempts":0,"qsos":0}},{"type":"Feature","geometry":{"type":"Point","coordinates":[126.808,37.6098]},"properties":{"ref":"KR-0448","name":"고양한강평화공원\tGoyang Hangang Pyeonghwa Provincial Ecological Park","grid":"PM37jo","locations":"KR-KG","activations":1,"attempts":1,"qsos":10}},{"type":"Feature","geometry":{"type":"Point","coordinates":[126.463,34.5232]},"properties":{"ref":"KR-0449","name":"고천암자연생태공원\tGocheonam Provincial Ecological Park","grid":"PM34fm","locations":"KR-CN","activations":1,"attempts":1,"qsos":11}},{"type":"Feature","geometry":{"type":"Point","coordinates":[127.198,34.6436]},"properties":{"ref":"KR-0450","name":"고흥만수변노을공원\tGoheongman Waterside Provincial Ecological Park","grid":"PM34op","locations":"KR-CN","activations":3,"attempts":3,"qsos":53}},{"type":"Feature","geometry":{"type":"Point","coordinates":[127.065,37.275]},"properties":{"ref":"KR-0451","name":"광교호수공원\tGwanggyo Lake Provincial Ecological Park","grid":"PM37mg","locations":"KR-KG","activations":2,"attempts":2,"qsos":88}},{"type":"Feature","geometry":{"type":"Point","coordinates":[127.122,37.55]},"properties":{"ref":"KR-0452","name":"광나루한강공원\tGwangnaru Hangang Provincial Ecological Park","grid":"PM37nn","locations":"KR-SO","activations":4,"attempts":5,"qsos":115}},{"type":"Feature","geometry":{"type":"Point","coordinates":[127,35.1855]},"properties":{"ref":"KR-0453","name":"광주호호수생태원\tGwangju Lake Provincial Ecological Park","grid":"PM35me","locations":"KR-KJ","activations":0,"attempts":0,"qsos":0}},{"type":"Feature","geometry":{"type":"Point","coordinates":[127.138,37.5754]},"properties":{"ref":"KR-0454","name":"구리한강시민공원\tGuri Hangang Provincial Ecological Park","grid":"PM37nn","locations":"KR-KG","activations":7,"attempts":9,"qsos":178}},{"type":"Feature","geometry":{"type":"Point","coordinates":[128.691,36.3549]},"properties":{"ref":"KR-0455","name":"구봉공원\tGubong Provincial Ecological Park","grid":"PM46ii","locations":"KR-KB","activations":1,"attempts":1,"qsos":30}},{"type":"Feature","geometry":{"type":"Point","coordinates":[126.755,36.0072]},"properties":{"ref":"KR-0456","name":"금강공원(군산)\tGunsan Geumgang Provincial Ecological Park","grid":"PM36ja","locations":"KR-CB","activations":3,"attempts":3,"qsos":40}},{"type":"Feature","geometry":{"type":"Point","coordinates":[128.848,36.5055]},"properties":{"ref":"KR-0457","name":"금소생태공원\tGeumso Provincial Ecological Park","grid":"PM46km","locations":"KR-KB","activations":0,"attempts":0,"qsos":0}},{"type":"Feature","geometry":{"type":"Point","coordinates":[127.672,37.2894]},"properties":{"ref":"KR-0458","name":"금은모래강변공원\tGeumeunmorae Riverside Provincial Ecological Park","grid":"PM37ug","locations":"KR-KG","activations":2,"attempts":2,"qsos":46}},{"type":"Feature","geometry":{"type":"Point","coordinates":[127.064,35.8412]},"properties":{"ref":"KR-0459","name":"기지제수변공원\tGijije Waterside Provincial Ecological Park","grid":"PM35mu","locations":"KR-CB","activations":1,"attempts":1,"qsos":10}},{"type":"Feature","geometry":{"type":"Point","coordinates":[127.156,37.541]},"properties":{"ref":"KR-0460","name":"길동생태공원\tGildong Provincial Ecological Park","grid":"PM37nm","locations":"KR-SO","activations":1,"attempts":2,"qsos":20}},{"type":"Feature","geometry":{"type":"Point","coordinates":[126.699,37.6548]},"properties":{"ref":"KR-0461","name":"김포한강야생조류생태공원\tGimpo Hangang Wild Bird Provincial Ecological Park","grid":"PM37ip","locations":"KR-KG","activations":1,"attempts":1,"qsos":11}},{"type":"Feature","geometry":{"type":"Point","coordinates":[128.723,36.5508]},"properties":{"ref":"KR-0462","name":"낙동공원\tAndong Nakdong Provincial Ecological Park","grid":"PM46in","locations":"KR-KB","activations":0,"attempts":0,"qsos":0}},{"type":"Feature","geometry":{"type":"Point","coordinates":[127.078,37.35]},"properties":{"ref":"KR-0463","name":"낙생유원지\tNaksaeng-yuwonji Provincial Ecological Park","grid":"PM37mi","locations":"KR-KG","activations":1,"attempts":1,"qsos":11}},{"type":"Feature","geometry":{"type":"Point","coordinates":[126.877,37.566]},"properties":{"ref":"KR-0464","name":"난지한강공원\tNanji Hangang Provincial Ecological Park","grid":"PM37kn","locations":"KR-SO","activations":7,"attempts":9,"qsos":132}},{"type":"Feature","geometry":{"type":"Point","coordinates":[128.082,35.1871]},"properties":{"ref":"KR-0465","name":"남가람공원\tNamgaram Provincial Ecological Park","grid":"PM45ae","locations":"KR-KN","activations":0,"attempts":0,"qsos":0}},{"type":"Feature","geometry":{"type":"Point","coordinates":[126.462,34.801]},"properties":{"ref":"KR-0466","name":"남악수변공원\tNamak and Ok-am Waterside Provincial Ecological Park","grid":"PM34ft","locations":"KR-CN","activations":0,"attempts":0,"qsos":0}},{"type":"Feature","geometry":{"type":"Point","coordinates":[127.198,37.5914]},"properties":{"ref":"KR-0467","name":"남양주한강공원\tNamyangju Hangang Provincial Ecological Park","grid":"PM37oo","locations":"KR-KG","activations":2,"attempts":3,"qsos":83}},{"type":"Feature","geometry":{"type":"Point","coordinates":[126.958,37.518]},"properties":{"ref":"KR-0468","name":"노들섬\tNodeulseom Island Provincial Ecological Park","grid":"PM37lm","locations":"KR-SO","activations":1,"attempts":1,"qsos":16}},{"type":"Feature","geometry":{"type":"Point","coordinates":[128.284,35.3193]},"properties":{"ref":"KR-0469","name":"농경문화테마파크\tAgricultural Culture Theme Provincial Ecological Park","grid":"PM45dh","locations":"KR-KN","activations":0,"attempts":0,"qsos":0}},{"type":"Feature","geometry":{"type":"Point","coordinates":[127.298,37.5143]},"properties":{"ref":"KR-0470","name":"다산생태공원\tDasan Provincial Ecological Park","grid":"PM37pm","locations":"KR-KG","activations":2,"attempts":3,"qsos":28}},{"type":"Feature","geometry":{"type":"Point","coordinates":[127.144,37.6232]},"properties":{"ref":"KR-0471","name":"다산수변공원\tDasan Waterside Provincial Ecological Park","grid":"PM37no","locations":"KR-KG","activations":1,"attempts":1,"qsos":10}},{"type":"Feature","geometry":{"type":"Point","coordinates":[129.018,35.1239]},"properties":{"ref":"KR-0472","name":"대신공원\tDaesin Provincial Ecological Park","grid":"PM45mc","locations":"KR-PU","activations":0,"attempts":0,"qsos":0}},{"type":"Feature","geometry":{"type":"Point","coordinates":[128.989,35.2107]},"properties":{"ref":"KR-0473","name":"대저생태공원\tDaejeo Provincial Ecological Park","grid":"PM45lf","locations":"KR-PU","activations":2,"attempts":2,"qsos":50}},{"type":"Feature","geometry":{"type":"Point","coordinates":[126.879,37.6455]},"properties":{"ref":"KR-0474","name":"덕수공원(창릉천)\tDeoksu Waterside Ecological Park","grid":"PM37kp","locations":"KR-KG","activations":1,"attempts":1,"qsos":12}},{"type":"Feature","geometry":{"type":"Point","coordinates":[126.72,35.0405]},"properties":{"ref":"KR-0475","name":"대호수변공원\tDaeho Waterside Provincial Ecological Park","grid":"PM35ia","locations":"KR-CN","activations":1,"attempts":1,"qsos":61}},{"type":"Feature","geometry":{"type":"Point","coordinates":[126.873,37.6246]},"properties":{"ref":"KR-0476","name":"도래울바람물공원\tDorae-ul Barammul Waterside Ecological Park","grid":"PM37ko","locations":"KR-KG","activations":2,"attempts":2,"qsos":21}},{"type":"Feature","geometry":{"type":"Point","coordinates":[127.121,35.8475]},"properties":{"ref":"KR-0477","name":"덕진공원\tDeokjin Provincial Ecological Park","grid":"PM35nu","locations":"KR-CB","activations":3,"attempts":3,"qsos":59}},{"type":"Feature","geometry":{"type":"Point","coordinates":[126.722,34.5635]},"properties":{"ref":"KR-0478","name":"도암석문공원\tDoamseokmun Provincial Ecological Park","grid":"PM34in","locations":"KR-CN","activations":1,"attempts":1,"qsos":13}},{"type":"Feature","geometry":{"type":"Point","coordinates":[128.625,37.3613]},"properties":{"ref":"KR-0479","name":"동강생태공원(정선)\tDonggang River (Jeongseon) Provincial Ecological Park","grid":"PM47hi","locations":"KR-KW","activations":0,"attempts":0,"qsos":0}},{"type":"Feature","geometry":{"type":"Point","coordinates":[128.506,37.2286]},"properties":{"ref":"KR-0480","name":"동강생태공원(영월)\tDonggang River (Yeongwol) Provincial Ecological Park","grid":"PM47gf","locations":"KR-KW","activations":0,"attempts":0,"qsos":0}},{"type":"Feature","geometry":{"type":"Point","coordinates":[126.989,35.0746]},"properties":{"ref":"KR-0481","name":"동구리호수공원\tDongguri Lake Provincial Ecological Park","grid":"PM35lb","locations":"KR-CN","activations":2,"attempts":2,"qsos":56}},{"type":"Feature","geometry":{"type":"Point","coordinates":[128.568,35.9839]},"properties":{"ref":"KR-0482","name":"동명지수변공원\tDongmyeongji Waterside Provincial Ecological Park","grid":"PM45gx","locations":"KR-KB","activations":1,"attempts":1,"qsos":23}},{"type":"Feature","geometry":{"type":"Point","coordinates":[129.152,35.1526]},"properties":{"ref":"KR-0483","name":"동백공원\tDongbaekseom Island Provincial Ecological Park","grid":"PM45nd","locations":"KR-PU","activations":1,"attempts":1,"qsos":97}},{"type":"Feature","geometry":{"type":"Point","coordinates":[127.151,37.2767]},"properties":{"ref":"KR-0484","name":"동백호수공원\tDongbaek Lake Provincial Ecological Park","grid":"PM37ng","locations":"KR-KG","activations":0,"attempts":0,"qsos":0}},{"type":"Feature","geometry":{"type":"Point","coordinates":[127.102,37.1689]},"properties":{"ref":"KR-0485","name":"동탄호수공원\tDongtan Lake Provincial Ecological Park","grid":"PM37ne","locations":"KR-KG","activations":0,"attempts":1,"qsos":4}},{"type":"Feature","geometry":{"type":"Point","coordinates":[126.958,37.2135]},"properties":{"ref":"KR-0486","name":"동화마을근린공원\tDonghwama-eu Provincial Ecological Park","grid":"PM37lf","locations":"KR-KG","activations":0,"attempts":0,"qsos":0}},{"type":"Feature","geometry":{"type":"Point","coordinates":[126.944,37.2709]},"properties":{"ref":"KR-0487","name":"두레뜰공원\tDureddeul Provincial Ecological Park","grid":"PM37lg","locations":"KR-KG","activations":2,"attempts":2,"qsos":31}},{"type":"Feature","geometry":{"type":"Point","coordinates":[126.789,35.0276]},"properties":{"ref":"KR-0488","name":"두물머리공원\tDumulmeori Provincial Park","grid":"PM35ja","locations":"KR-CN","activations":0,"attempts":0,"qsos":0}},{"type":"Feature","geometry":{"type":"Point","coordinates":[127.311,37.5308]},"properties":{"ref":"KR-0489","name":"두물머리(양평)\tDumulmeori (Yangpyeong) Provincial Ecological Park","grid":"PM37pm","locations":"KR-KG","activations":1,"attempts":1,"qsos":19}},{"type":"Feature","geometry":{"type":"Point","coordinates":[127.07,37.5294]},"properties":{"ref":"KR-0490","name":"뚝섬한강공원\tTtukseom Hangang Provincial Ecological Park","grid":"PM37mm","locations":"KR-SO","activations":7,"attempts":7,"qsos":92}},{"type":"Feature","geometry":{"type":"Point","coordinates":[127.487,35.5928]},"properties":{"ref":"KR-0491","name":"뜬봉샘생태공원\tDdeunbongsaem Provincial Ecological Park","grid":"PM35ro","locations":"KR-CB","activations":1,"attempts":1,"qsos":11}},{"type":"Feature","geometry":{"type":"Point","coordinates":[126.63,37.4085]},"properties":{"ref":"KR-0492","name":"랜드마크시티공원\tLandmark City Provincial Ecological Park","grid":"PM37hj","locations":"KR-IN","activations":1,"attempts":1,"qsos":11}},{"type":"Feature","geometry":{"type":"Point","coordinates":[126.93,37.7751]},"properties":{"ref":"KR-0493","name":"마장호수공원\tMajang Lake Provincial Ecological Park","grid":"PM37ls","locations":"KR-KG","activations":1,"attempts":1,"qsos":11}},{"type":"Feature","geometry":{"type":"Point","coordinates":[126.692,37.5194]},"properties":{"ref":"KR-0494","name":"맑은내생태공원\tMalgeunae Provincial Ecological Park","grid":"PM37im","locations":"KR-IN","activations":0,"attempts":0,"qsos":0}},{"type":"Feature","geometry":{"type":"Point","coordinates":[126.261,33.3654]},"properties":{"ref":"KR-0495","name":"망오름공원\tMang-oreum Provincial Ecological Park","grid":"PM33di","locations":"KR-CJ","activations":0,"attempts":0,"qsos":0}},{"type":"Feature","geometry":{"type":"Point","coordinates":[126.895,37.5554]},"properties":{"ref":"KR-0496","name":"망원한강공원\tMangwon Hangang Provincial Ecological Park","grid":"PM37kn","locations":"KR-SO","activations":4,"attempts":4,"qsos":73}},{"type":"Feature","geometry":{"type":"Point","coordinates":[128.34,37.0303]},"properties":{"ref":"KR-0497","name":"매포천생태공원\tMaepocheon Provincial Ecological Park","grid":"PM47ea","locations":"KR-HB","activations":0,"attempts":0,"qsos":0}},{"type":"Feature","geometry":{"type":"Point","coordinates":[128.956,35.1498]},"properties":{"ref":"KR-0498","name":"맥도생태공원\tMaekdo Provincial Ecological Park","grid":"PM45ld","locations":"KR-PU","activations":6,"attempts":6,"qsos":243}},{"type":"Feature","geometry":{"type":"Point","coordinates":[128.048,34.9687]},"properties":{"ref":"KR-0499","name":"모충공원\tMochung Provincial Ecological Park","grid":"PM44ax","locations":"KR-KN","activations":0,"attempts":0,"qsos":0}},{"type":"Feature","geometry":{"type":"Point","coordinates":[127.89,37.0753]},"properties":{"ref":"KR-0500","name":"목계솔밭공원\tMokgyesolbat Provincial Ecological Park","grid":"PM37wb","locations":"KR-HB","activations":1,"attempts":1,"qsos":28}},{"type":"Feature","geometry":{"type":"Point","coordinates":[126.333,35.1038]},"properties":{"ref":"KR-0501","name":"무안황토갯벌랜드\tMuan Mudflat Land Provincial Ecological Park","grid":"PM35dc","locations":"KR-CN","activations":1,"attempts":1,"qsos":13}},{"type":"Feature","geometry":{"type":"Point","coordinates":[127.447,36.6764]},"properties":{"ref":"KR-0502","name":"문암생태공원\tMunam Provincial Ecological Park","grid":"PM36rq","locations":"KR-HB","activations":1,"attempts":1,"qsos":24}},{"type":"Feature","geometry":{"type":"Point","coordinates":[128.144,35.1825]},"properties":{"ref":"KR-0503","name":"물초울공원\tMulcho-ul Provincial Ecological Park","grid":"PM45be","locations":"KR-KN","activations":0,"attempts":0,"qsos":0}},{"type":"Feature","geometry":{"type":"Point","coordinates":[127.441,36.6799]},"properties":{"ref":"KR-0504","name":"미호강수변공원\tMihocheon Waterside Provincial Ecological Park","grid":"PM36rq","locations":"KR-HB","activations":0,"attempts":0,"qsos":0}},{"type":"Feature","geometry":{"type":"Point","coordinates":[126.995,37.5098]},"properties":{"ref":"KR-0505","name":"반포한강공원\tBanpo Hangang Provincial Ecological Park","grid":"PM37lm","locations":"KR-SO","activations":8,"attempts":9,"qsos":129}},{"type":"Feature","geometry":{"type":"Point","coordinates":[126.702,37.3547]},"properties":{"ref":"KR-0506","name":"배곧한울공원\tBaegot Hanwool Provincial Ecological Park","grid":"PM37ii","locations":"KR-KG","activations":0,"attempts":0,"qsos":0}},{"type":"Feature","geometry":{"type":"Point","coordinates":[127.119,37.001]},"properties":{"ref":"KR-0507","name":"배다리생태공원\tBaedari Provincial Ecological Park","grid":"PM37na","locations":"KR-KG","activations":0,"attempts":0,"qsos":0}},{"type":"Feature","geometry":{"type":"Point","coordinates":[127.758,34.9595]},"properties":{"ref":"KR-0508","name":"배알도수변공원\tBae-aldo Waterside Provincial Ecological Park","grid":"PM34vx","locations":"KR-CN","activations":1,"attempts":1,"qsos":10}},{"type":"Feature","geometry":{"type":"Point","coordinates":[127.006,37.3797]},"properties":{"ref":"KR-0509","name":"백운호수공원\tBeakwun Lake Provincial Ecological Park","grid":"PM37mj","locations":"KR-KG","activations":1,"attempts":1,"qsos":20}},{"type":"Feature","geometry":{"type":"Point","coordinates":[127.637,36.7161]},"properties":{"ref":"KR-0510","name":"별천지공원\tByeolcheonji Provincial Ecological Park","grid":"PM36tr","locations":"KR-HB","activations":0,"attempts":0,"qsos":0}},{"type":"Feature","geometry":{"type":"Point","coordinates":[126.764,34.6592]},"properties":{"ref":"KR-0511","name":"보은산공원\tBoeunsan Provincial Ecological Park","grid":"PM34jp","locations":"KR-CN","activations":1,"attempts":1,"qsos":11}},{"type":"Feature","geometry":{"type":"Point","coordinates":[127.109,37.4021]},"properties":{"ref":"KR-0512","name":"봇들공원\tBotdeul Provincial Ecological Park","grid":"PM37nj","locations":"KR-KG","activations":1,"attempts":1,"qsos":10}},{"type":"Feature","geometry":{"type":"Point","coordinates":[128.648,35.9262]},"properties":{"ref":"KR-0513","name":"봉무수변공원\tBongmu Waterside Provincial Ecological Park","grid":"PM45hw","locations":"KR-TG","activations":1,"attempts":1,"qsos":10}},{"type":"Feature","geometry":{"type":"Point","coordinates":[126.795,35.014]},"properties":{"ref":"KR-0514","name":"빛가람호수공원\tBitgaram Lake Provincial Ecological Park","grid":"PM35ja","locations":"KR-CN","activations":0,"attempts":0,"qsos":0}},{"type":"Feature","geometry":{"type":"Point","coordinates":[126.868,35.0848]},"properties":{"ref":"KR-0515","name":"빛고을농촌테마\tBitgo-eul Agriculture Provincial Ecological Park","grid":"PM35kc","locations":"KR-KJ","activations":1,"attempts":1,"qsos":10}},{"type":"Feature","geometry":{"type":"Point","coordinates":[126.548,33.5187]},"properties":{"ref":"KR-0516","name":"사라봉공원\tSarabong Provincial Ecological Park","grid":"PM33gm","locations":"KR-CJ","activations":1,"attempts":1,"qsos":74}},{"type":"Feature","geometry":{"type":"Point","coordinates":[129.419,36.4186]},"properties":{"ref":"KR-0517","name":"산림생태문화공원\tYeongdeok Provincial Ecological Park","grid":"PM46rk","locations":"KR-KB","activations":0,"attempts":0,"qsos":0}},{"type":"Feature","geometry":{"type":"Point","coordinates":[128.975,35.1591]},"properties":{"ref":"KR-0518","name":"삼락생태공원\tSamnak Riverside Provincial Ecological Park","grid":"PM45ld","locations":"KR-PU","activations":6,"attempts":6,"qsos":122}},{"type":"Feature","geometry":{"type":"Point","coordinates":[126.548,33.2439]},"properties":{"ref":"KR-0519","name":"삼매봉공원\tSammaebong Provincial Ecological Park","grid":"PM33gf","locations":"KR-CJ","activations":0,"attempts":0,"qsos":0}},{"type":"Feature","geometry":{"type":"Point","coordinates":[129.131,36.6628]},"properties":{"ref":"KR-0520","name":"삼지연꽃테마파크\tSanji Lotus Flower Provincial Ecological Park","grid":"PM46np","locations":"KR-KB","activations":0,"attempts":0,"qsos":0}},{"type":"Feature","geometry":{"type":"Point","coordinates":[126.744,37.5061]},"properties":{"ref":"KR-0521","name":"상동호수공원\tSandong Lake Provincial Ecological Park","grid":"PM37im","locations":"KR-KG","activations":1,"attempts":1,"qsos":29}},{"type":"Feature","geometry":{"type":"Point","coordinates":[128.163,36.58]},"properties":{"ref":"KR-0522","name":"상주곤충테마생태원\tSangju Insect Theme Provincial Ecological Park","grid":"PM46bn","locations":"KR-KB","activations":1,"attempts":1,"qsos":29}},{"type":"Feature","geometry":{"type":"Point","coordinates":[126.563,33.2368]},"properties":{"ref":"KR-0523","name":"새섬공원\tSaeseom Provincial Ecological Park","grid":"PM33gf","locations":"KR-CJ","activations":0,"attempts":1,"qsos":1}},{"type":"Feature","geometry":{"type":"Point","coordinates":[126.922,37.5187]},"properties":{"ref":"KR-0524","name":"샛강생태공원\tYeouido Saetgang Provincial Ecological Park","grid":"PM37lm","locations":"KR-SO","activations":2,"attempts":2,"qsos":45}},{"type":"Feature","geometry":{"type":"Point","coordinates":[126.559,33.2457]},"properties":{"ref":"KR-0525","name":"서귀포칠십리시공원\tSeogwipochilsimnisi Provincial Ecological Park","grid":"PM33gf","locations":"KR-CJ","activations":0,"attempts":0,"qsos":0}},{"type":"Feature","geometry":{"type":"Point","coordinates":[126.822,37.5798]},"properties":{"ref":"KR-0526","name":"서남물재생센터공원\tSeonam Water Recycling Center Park Provincial Ecological Park","grid":"PM37jn","locations":"KR-SO","activations":3,"attempts":3,"qsos":81}},{"type":"Feature","geometry":{"type":"Point","coordinates":[126.731,35.7329]},"properties":{"ref":"KR-0527","name":"서림공원\tSeorim Provincial Ecological Park","grid":"PM35ir","locations":"KR-CB","activations":2,"attempts":2,"qsos":29}},{"type":"Feature","geometry":{"type":"Point","coordinates":[126.45,36.7771]},"properties":{"ref":"KR-0528","name":"서산중앙호수공원\tSeosan Central Lake Provincial Ecological Park","grid":"PM36fs","locations":"KR-HN","activations":2,"attempts":2,"qsos":34}},{"type":"Feature","geometry":{"type":"Point","coordinates":[127.108,37.5121]},"properties":{"ref":"KR-0529","name":"석촌호수공원\tSeokchon Lake Provincial Ecological Park","grid":"PM37nm","locations":"KR-SO","activations":4,"attempts":8,"qsos":63}},{"type":"Feature","geometry":{"type":"Point","coordinates":[129.322,35.5169]},"properties":{"ref":"KR-0530","name":"선암호수공원\tSeon-am Lake Provincial Ecological Park","grid":"PM45pm","locations":"KR-UL","activations":1,"attempts":1,"qsos":13}},{"type":"Feature","geometry":{"type":"Point","coordinates":[126.902,37.5425]},"properties":{"ref":"KR-0531","name":"선유도공원\tSeonyudo Provincial Ecological Park","grid":"PM37kn","locations":"KR-SO","activations":2,"attempts":2,"qsos":50}},{"type":"Feature","geometry":{"type":"Point","coordinates":[127.14,37.5005]},"properties":{"ref":"KR-0532","name":"성내천수변공원\tSeongnaecheon Waterside Provincial Ecological Park","grid":"PM37nm","locations":"KR-SO","activations":2,"attempts":3,"qsos":23}},{"type":"Feature","geometry":{"type":"Point","coordinates":[127.646,34.7745]},"properties":{"ref":"KR-0533","name":"성산공원(여수)\tYeosu Seongsan Provincial Ecological Park","grid":"PM34ts","locations":"KR-CN","activations":1,"attempts":1,"qsos":10}},{"type":"Feature","geometry":{"type":"Point","coordinates":[127.27,36.4988]},"properties":{"ref":"KR-0534","name":"세종호수공원\tSejong Lake Provincial Ecological Park","grid":"PM36pl","locations":"KR-SJ","activations":8,"attempts":8,"qsos":196}},{"type":"Feature","geometry":{"type":"Point","coordinates":[126.746,37.4074]},"properties":{"ref":"KR-0535","name":"소래습지생태공원\tSorae Wetland Provincial Ecological Park","grid":"PM37ij","locations":"KR-IN","activations":0,"attempts":0,"qsos":0}},{"type":"Feature","geometry":{"type":"Point","coordinates":[127.021,37.0118]},"properties":{"ref":"KR-0536","name":"소풍정원\tSopung Garden Provincial Ecological Park","grid":"PM37ma","locations":"KR-KG","activations":1,"attempts":1,"qsos":24}},{"type":"Feature","geometry":{"type":"Point","coordinates":[127.123,37.1677]},"properties":{"ref":"KR-0537","name":"송방천공원\tSongbangcheon Provincial Ecological Park","grid":"PM37ne","locations":"KR-KG","activations":0,"attempts":0,"qsos":0}},{"type":"Feature","geometry":{"type":"Point","coordinates":[128.318,34.9626]},"properties":{"ref":"KR-0538","name":"수남유수지생태공원\tSunam Reservoir Provincial Ecological Park","grid":"PM44dx","locations":"KR-KN","activations":0,"attempts":0,"qsos":0}},{"type":"Feature","geometry":{"type":"Point","coordinates":[126.82,35.1879]},"properties":{"ref":"KR-0539","name":"수완호수공원\tSuwan Lake Provincial Ecological Park","grid":"PM35je","locations":"KR-KJ","activations":2,"attempts":2,"qsos":33}},{"type":"Feature","geometry":{"type":"Point","coordinates":[126.164,33.2941]},"properties":{"ref":"KR-0540","name":"수월봉공원\tSuwolbong Peak Provincial Ecological Park","grid":"PM33bh","locations":"KR-CJ","activations":3,"attempts":3,"qsos":41}},{"type":"Feature","geometry":{"type":"Point","coordinates":[127.086,37.3241]},"properties":{"ref":"KR-0541","name":"수지생태공원\tSuji Provincial Ecological Park","grid":"PM37nh","locations":"KR-KG","activations":0,"attempts":0,"qsos":0}},{"type":"Feature","geometry":{"type":"Point","coordinates":[126.681,36.6539]},"properties":{"ref":"KR-0542","name":"신경천공원\tSingyeongcheon Provincial Ecological Park","grid":"PM36ip","locations":"KR-HN","activations":0,"attempts":0,"qsos":0}},{"type":"Feature","geometry":{"type":"Point","coordinates":[127.105,37.1839]},"properties":{"ref":"KR-0543","name":"신리천공원\tHwacheon Sinricheon Provincial Ecological Park","grid":"PM37ne","locations":"KR-KG","activations":0,"attempts":0,"qsos":0}},{"type":"Feature","geometry":{"type":"Point","coordinates":[129.345,35.6429]},"properties":{"ref":"KR-0544","name":"신천자연마당\tSincheon Provincial Ecological Park","grid":"PM45qp","locations":"KR-UL","activations":1,"attempts":1,"qsos":13}},{"type":"Feature","geometry":{"type":"Point","coordinates":[127.323,38.1494]},"properties":{"ref":"KR-0545","name":"신철원공원(현충탑)\tNew Cheorwon Provincial Ecological Park","grid":"PM38pd","locations":"KR-KW","activations":1,"attempts":1,"qsos":10}},{"type":"Feature","geometry":{"type":"Point","coordinates":[126.844,35.2222]},"properties":{"ref":"KR-0546","name":"쌍암공원\tSsang-am Provincial Ecological Park","grid":"PM35kf","locations":"KR-KJ","activations":2,"attempts":2,"qsos":21}},{"type":"Feature","geometry":{"type":"Point","coordinates":[126.83,37.3021]},"properties":{"ref":"KR-0547","name":"안산호수공원\tAnsan Lake Provincial Ecological Park","grid":"PM37jh","locations":"KR-KG","activations":4,"attempts":4,"qsos":58}},{"type":"Feature","geometry":{"type":"Point","coordinates":[126.885,37.5275]},"properties":{"ref":"KR-0548","name":"안양천수변공원\tAnyangcheon Waterside Provincial Ecological Park","grid":"PM37km","locations":"KR-KG,KR-SO","activations":6,"attempts":6,"qsos":166}},{"type":"Feature","geometry":{"type":"Point","coordinates":[126.594,37.7531]},"properties":{"ref":"KR-0549","name":"애기봉평화생태공원\tAegibong Peace Provincial Ecological Park","grid":"PM37hs","locations":"KR-KG","activations":0,"attempts":0,"qsos":0}},{"type":"Feature","geometry":{"type":"Point","coordinates":[129.021,35.3372]},"properties":{"ref":"KR-0550","name":"양산워터파크\tYangsan Water Provincial Ecological Park","grid":"PM45mi","locations":"KR-KN","activations":2,"attempts":2,"qsos":37}},{"type":"Feature","geometry":{"type":"Point","coordinates":[127.632,34.799]},"properties":{"ref":"KR-0551","name":"양지바름공원\tYangjibaruem Provincial Ecological Park","grid":"PM34tt","locations":"KR-CN","activations":2,"attempts":3,"qsos":26}},{"type":"Feature","geometry":{"type":"Point","coordinates":[127.478,37.4992]},"properties":{"ref":"KR-0552","name":"양평물안개공원\tYangpyeong Muran-gae Provincial Ecological Park","grid":"PM37rl","locations":"KR-KG","activations":0,"attempts":0,"qsos":0}},{"type":"Feature","geometry":{"type":"Point","coordinates":[126.902,37.5383]},"properties":{"ref":"KR-0553","name":"양화한강공원\tYanghwa Hangang Provincial Ecological Park","grid":"PM37km","locations":"KR-SO","activations":6,"attempts":8,"qsos":104}},{"type":"Feature","geometry":{"type":"Point","coordinates":[126.501,33.2681]},"properties":{"ref":"KR-0554","name":"엉또공원\tEongtto Provincial Ecological Park","grid":"PM33gg","locations":"KR-CJ","activations":0,"attempts":0,"qsos":0}},{"type":"Feature","geometry":{"type":"Point","coordinates":[128.962,35.1092]},"properties":{"ref":"KR-0555","name":"에덴유원지\tEden Provincial Ecological Park","grid":"PM45lc","locations":"KR-PU","activations":0,"attempts":0,"qsos":0}},{"type":"Feature","geometry":{"type":"Point","coordinates":[127.259,36.4762]},"properties":{"ref":"KR-0556","name":"여울목수변공원\tYeoulmok Waterside Provincial Ecological Park","grid":"PM36pl","locations":"KR-SJ","activations":2,"attempts":2,"qsos":49}},{"type":"Feature","geometry":{"type":"Point","coordinates":[126.923,37.5261]},"properties":{"ref":"KR-0557","name":"여의도공원\tYeouido Provincial Ecological Park","grid":"PM37lm","locations":"KR-SO","activations":2,"attempts":2,"qsos":95}},{"type":"Feature","geometry":{"type":"Point","coordinates":[126.928,37.5308]},"properties":{"ref":"KR-0558","name":"여의도한강공원\tYeouido Hangang Provincial Ecological Park","grid":"PM37lm","locations":"KR-SO","activations":7,"attempts":8,"qsos":125}},{"type":"Feature","geometry":{"type":"Point","coordinates":[126.898,37.4249]},"properties":{"ref":"KR-0559","name":"연현습지공원\tYeonhyeon Wetland Provincial Ecological Park","grid":"PM37kk","locations":"KR-KG","activations":2,"attempts":3,"qsos":125}},{"type":"Feature","geometry":{"type":"Point","coordinates":[129.407,36.9947]},"properties":{"ref":"KR-0560","name":"연호공원\tYeonho Provincial Ecological Park","grid":"PM46qx","locations":"KR-KB","activations":0,"attempts":0,"qsos":0}},{"type":"Feature","geometry":{"type":"Point","coordinates":[128.57,38.2096]},"properties":{"ref":"KR-0561","name":"영랑호수공원\tYeongnang Lake Provincial Ecological Park","grid":"PM48gf","locations":"KR-KW","activations":0,"attempts":0,"qsos":0}},{"type":"Feature","geometry":{"type":"Point","coordinates":[126.859,35.2196]},"properties":{"ref":"KR-0562","name":"영산강대상근린공원\tYeongsangang Daesang Provincial Ecological Park","grid":"PM35kf","locations":"KR-KJ","activations":1,"attempts":1,"qsos":10}},{"type":"Feature","geometry":{"type":"Point","coordinates":[128.452,37.1861]},"properties":{"ref":"KR-0563","name":"영월강변저류지수변공원\tYeongwol Reservoir Provincial Ecological Park","grid":"PM47fe","locations":"KR-KW","activations":0,"attempts":0,"qsos":0}},{"type":"Feature","geometry":{"type":"Point","coordinates":[127.325,36.6321]},"properties":{"ref":"KR-0564","name":"오송호수공원\tOsong Lake Provincial Ecological Park","grid":"PM36pp","locations":"KR-HB","activations":2,"attempts":2,"qsos":49}},{"type":"Feature","geometry":{"type":"Point","coordinates":[127.549,34.9253]},"properties":{"ref":"KR-0565","name":"옥녀봉공원(순천)\tOngnyeobong Provincial Ecological Park","grid":"PM34sw","locations":"KR-CN","activations":1,"attempts":1,"qsos":12}},{"type":"Feature","geometry":{"type":"Point","coordinates":[126.456,34.8048]},"properties":{"ref":"KR-0566","name":"옥암수변\tOk-am Waterside Provincial Ecological Park","grid":"PM34ft","locations":"KR-CN","activations":0,"attempts":0,"qsos":0}},{"type":"Feature","geometry":{"type":"Point","coordinates":[126.822,37.4941]},"properties":{"ref":"KR-0567","name":"와룡산온수골생태공원\tWaryongsan Onsugol Provincial Ecological Park","grid":"PM37jl","locations":"KR-SO","activations":1,"attempts":1,"qsos":30}},{"type":"Feature","geometry":{"type":"Point","coordinates":[127.719,34.9495]},"properties":{"ref":"KR-0568","name":"와우생태호수공원\tWau Lake Waterside Provincial Ecological Park","grid":"PM34uw","locations":"KR-CN","activations":1,"attempts":1,"qsos":10}},{"type":"Feature","geometry":{"type":"Point","coordinates":[126.944,37.3125]},"properties":{"ref":"KR-0569","name":"왕송호수공원\tWangsong Lake Provincial Ecological Park","grid":"PM37lh","locations":"KR-KG","activations":3,"attempts":4,"qsos":159}},{"type":"Feature","geometry":{"type":"Point","coordinates":[128.678,36.733]},"properties":{"ref":"KR-0570","name":"용마루공원\tYongmaru Provincial Ecological Park","grid":"PM46ir","locations":"KR-KB","activations":0,"attempts":0,"qsos":0}},{"type":"Feature","geometry":{"type":"Point","coordinates":[127.091,37.5732]},"properties":{"ref":"KR-0571","name":"용마폭포공원\tYongma Waterfall Provincial Ecological Park","grid":"PM37nn","locations":"KR-SO","activations":1,"attempts":1,"qsos":10}},{"type":"Feature","geometry":{"type":"Point","coordinates":[128.954,35.9859]},"properties":{"ref":"KR-0572","name":"우로지자연생태공원\tWuroji Provincial Ecological Park","grid":"PM45lx","locations":"KR-KB","activations":0,"attempts":0,"qsos":0}},{"type":"Feature","geometry":{"type":"Point","coordinates":[126.755,37.7186]},"properties":{"ref":"KR-0573","name":"운정호수공원\tWunjeong Lake Provincial Ecological Park","grid":"PM37jr","locations":"KR-KG","activations":0,"attempts":0,"qsos":0}},{"type":"Feature","geometry":{"type":"Point","coordinates":[126.856,35.1472]},"properties":{"ref":"KR-0574","name":"운천호수공원\tUncheon Lake Provincial Ecological Park","grid":"PM35kd","locations":"KR-KJ","activations":3,"attempts":3,"qsos":105}},{"type":"Feature","geometry":{"type":"Point","coordinates":[128.548,35.7988]},"properties":{"ref":"KR-0575","name":"월광수변공원\tWolgwang Waterside Provincial Ecological Park","grid":"PM45gt","locations":"KR-TG","activations":1,"attempts":1,"qsos":10}},{"type":"Feature","geometry":{"type":"Point","coordinates":[126.605,33.2705]},"properties":{"ref":"KR-0576","name":"월라봉공원\tWollabong Provincial Ecological Park","grid":"PM33hg","locations":"KR-CJ","activations":0,"attempts":0,"qsos":0}},{"type":"Feature","geometry":{"type":"Point","coordinates":[127.144,37.4832]},"properties":{"ref":"KR-0577","name":"위례호수공원\tWirye Lake Provincial Ecological Park","grid":"PM37nl","locations":"KR-SO","activations":1,"attempts":1,"qsos":52}},{"type":"Feature","geometry":{"type":"Point","coordinates":[127.356,36.3601]},"properties":{"ref":"KR-0578","name":"유림공원\tYurim Provincial Ecological Park","grid":"PM36qi","locations":"KR-TJ","activations":4,"attempts":4,"qsos":68}},{"type":"Feature","geometry":{"type":"Point","coordinates":[128.946,35.1048]},"properties":{"ref":"KR-0579","name":"을숙도생태공원\tEulsukdo Island Provincial Ecological Park","grid":"PM45lc","locations":"KR-PU","activations":6,"attempts":6,"qsos":167}},{"type":"Feature","geometry":{"type":"Point","coordinates":[127.709,37.8717]},"properties":{"ref":"KR-0580","name":"의암공원(춘천)\tChuncheon Uiam Provincial Ecological Park","grid":"PM37uu","locations":"KR-KW","activations":2,"attempts":2,"qsos":74}},{"type":"Feature","geometry":{"type":"Point","coordinates":[129.123,35.1237]},"properties":{"ref":"KR-0581","name":"이기대공원\tIgidae Provincial Ecological Park","grid":"PM45nc","locations":"KR-PU","activations":1,"attempts":2,"qsos":51}},{"type":"Feature","geometry":{"type":"Point","coordinates":[126.971,37.518]},"properties":{"ref":"KR-0582","name":"이촌한강공원\tIchon Hangang Provincial Ecological Park","grid":"PM37lm","locations":"KR-SO","activations":1,"attempts":3,"qsos":16}},{"type":"Feature","geometry":{"type":"Point","coordinates":[127.16,35.8419]},"properties":{"ref":"KR-0583","name":"인후공원\tInhu Provincial Ecological Park","grid":"PM35nu","locations":"KR-CB","activations":1,"attempts":1,"qsos":10}},{"type":"Feature","geometry":{"type":"Point","coordinates":[126.76,37.6644]},"properties":{"ref":"KR-0584","name":"일산호수공원\tIlsan Lake Provincial Ecological Park","grid":"PM37jp","locations":"KR-KG","activations":3,"attempts":3,"qsos":55}},{"type":"Feature","geometry":{"type":"Point","coordinates":[127.083,37.4881]},"properties":{"ref":"KR-0585","name":"일원에코파크\tIrwon Eco Provincial Ecological Park","grid":"PM37ml","locations":"KR-SO","activations":1,"attempts":2,"qsos":17}},{"type":"Feature","geometry":{"type":"Point","coordinates":[127.151,37.5331]},"properties":{"ref":"KR-0586","name":"일자산공원\tIljasanhaemaji Provincial Ecological Park","grid":"PM37nm","locations":"KR-SO","activations":2,"attempts":2,"qsos":20}},{"type":"Feature","geometry":{"type":"Point","coordinates":[127.342,36.3417]},"properties":{"ref":"KR-0587","name":"작은내수변공원\tJakeunnae Waterside Provincial Ecological Park","grid":"PM36qi","locations":"KR-TJ","activations":2,"attempts":2,"qsos":43}},{"type":"Feature","geometry":{"type":"Point","coordinates":[127.076,37.5193]},"properties":{"ref":"KR-0588","name":"잠실한강공원\tJamsil Hangang Provincial Ecological Park","grid":"PM37mm","locations":"KR-SO","activations":107,"attempts":116,"qsos":1742}},{"type":"Feature","geometry":{"type":"Point","coordinates":[127.012,37.5207]},"properties":{"ref":"KR-0589","name":"잠원한강공원\tJamwon Hangang Provincial Ecological Park","grid":"PM37mm","locations":"KR-SO","activations":3,"attempts":3,"qsos":34}},{"type":"Feature","geometry":{"type":"Point","coordinates":[127.141,37.5811]},"properties":{"ref":"KR-0590","name":"장자호수공원\tJangja Lake Provincial Ecological Park","grid":"PM37nn","locations":"KR-KG","activations":1,"attempts":1,"qsos":13}},{"type":"Feature","geometry":{"type":"Point","coordinates":[126.743,37.6447]},"properties":{"ref":"KR-0591","name":"장항습지\tJanghang Wetland Provincial Ecological Park","grid":"PM37ip","locations":"KR-KG","activations":0,"attempts":0,"qsos":0}},{"type":"Feature","geometry":{"type":"Point","coordinates":[127.525,34.9673]},"properties":{"ref":"KR-0592","name":"조례호수공원\tJorae Lake Provincial Ecological Park","grid":"PM34sx","locations":"KR-CN","activations":0,"attempts":0,"qsos":0}},{"type":"Feature","geometry":{"type":"Point","coordinates":[127.906,35.6928]},"properties":{"ref":"KR-0593","name":"죽전공원\tGeochang Forest Provincial Ecological Park","grid":"PM35wq","locations":"KR-KN","activations":1,"attempts":1,"qsos":10}},{"type":"Feature","geometry":{"type":"Point","coordinates":[126.669,35.5809]},"properties":{"ref":"KR-0594","name":"줄포만갯벌생태공원\tJulpoman Mudflat Provincial Ecological Park","grid":"PM35in","locations":"KR-CB","activations":2,"attempts":2,"qsos":26}},{"type":"Feature","geometry":{"type":"Point","coordinates":[127.219,37.4004]},"properties":{"ref":"KR-0595","name":"중대물빛공원\tJungdae Waterside Provincial Ecological Park","grid":"PM37oj","locations":"KR-KG","activations":1,"attempts":1,"qsos":14}},{"type":"Feature","geometry":{"type":"Point","coordinates":[127.146,37.4686]},"properties":{"ref":"KR-0596","name":"창곡천수변공원\tChanggokcheon Waterside Provincial Ecological Park","grid":"PM37nl","locations":"KR-KG","activations":2,"attempts":2,"qsos":70}},{"type":"Feature","geometry":{"type":"Point","coordinates":[127.048,37.6893]},"properties":{"ref":"KR-0597","name":"창포원\tSeoul Iris Garden Provincial Ecological Park","grid":"PM37mq","locations":"KR-SO","activations":1,"attempts":1,"qsos":28}},{"type":"Feature","geometry":{"type":"Point","coordinates":[127.124,35.8817]},"properties":{"ref":"KR-0598","name":"천년공원\tCheonnyeon Reservoir Provincial Ecological Park","grid":"PM35nv","locations":"KR-CB","activations":1,"attempts":1,"qsos":11}},{"type":"Feature","geometry":{"type":"Point","coordinates":[126.829,37.4785]},"properties":{"ref":"KR-0599","name":"천왕산생태공원\tCheonwangsan Provincial Ecological Park","grid":"PM37jl","locations":"KR-SO","activations":1,"attempts":1,"qsos":37}},{"type":"Feature","geometry":{"type":"Point","coordinates":[127.052,37.4544]},"properties":{"ref":"KR-0600","name":"청계산수변공원\tCheonggyesan Waterside Provincial Ecological Park","grid":"PM37mk","locations":"KR-SO","activations":0,"attempts":0,"qsos":0}},{"type":"Feature","geometry":{"type":"Point","coordinates":[127.036,37.5721]},"properties":{"ref":"KR-0601","name":"청계천\tCheonggyecheon Provincial Ecological Park","grid":"PM37mn","locations":"KR-SO","activations":1,"attempts":1,"qsos":22}},{"type":"Feature","geometry":{"type":"Point","coordinates":[126.633,37.54]},"properties":{"ref":"KR-0602","name":"청라호수공원\tCheongra Lake Provincial Ecological Park","grid":"PM37hm","locations":"KR-IN","activations":1,"attempts":1,"qsos":11}},{"type":"Feature","geometry":{"type":"Point","coordinates":[128.559,38.1902]},"properties":{"ref":"KR-0603","name":"청초천수변공원\tCheongcho Waterside Provincial Ecological Park","grid":"PM48ge","locations":"KR-KW","activations":0,"attempts":0,"qsos":0}},{"type":"Feature","geometry":{"type":"Point","coordinates":[126.923,37.315]},"properties":{"ref":"KR-0604","name":"초막골생태공원\tChomakgol Provincial Ecological Park","grid":"PM37lh","locations":"KR-KG","activations":0,"attempts":0,"qsos":0}},{"type":"Feature","geometry":{"type":"Point","coordinates":[128.125,35.2089]},"properties":{"ref":"KR-0605","name":"초전공원\tChojeon Provincial Ecological Park","grid":"PM45bf","locations":"KR-KN","activations":0,"attempts":0,"qsos":0}},{"type":"Feature","geometry":{"type":"Point","coordinates":[127.72,37.8841]},"properties":{"ref":"KR-0606","name":"춘천평화생태공원\tChuncheon Pyeonghwa Provincial Ecological Park","grid":"PM37uv","locations":"KR-KW","activations":1,"attempts":1,"qsos":15}},{"type":"Feature","geometry":{"type":"Point","coordinates":[127.326,35.2702]},"properties":{"ref":"KR-0607","name":"침실습지\tChimsil Waterland Provincial Ecological Park","grid":"PM35pg","locations":"KR-CN","activations":1,"attempts":1,"qsos":16}},{"type":"Feature","geometry":{"type":"Point","coordinates":[127.088,37.4991]},"properties":{"ref":"KR-0608","name":"탄천수변공원\tTancheon River Provincial Ecological Park","grid":"PM37nl","locations":"KR-KG,KR-SO","activations":7,"attempts":7,"qsos":135}},{"type":"Feature","geometry":{"type":"Point","coordinates":[127.152,37.4065]},"properties":{"ref":"KR-0609","name":"탑골공원(성남)\tSeongnam Tapgol Provincial Ecological Park","grid":"PM37nj","locations":"KR-KG","activations":2,"attempts":2,"qsos":37}},{"type":"Feature","geometry":{"type":"Point","coordinates":[126.914,37.6384]},"properties":{"ref":"KR-0610","name":"탑골생태공원(서울)\tTapgol Provincial Ecological Park","grid":"PM37kp","locations":"KR-SO","activations":1,"attempts":1,"qsos":16}},{"type":"Feature","geometry":{"type":"Point","coordinates":[129.08,35.0597]},"properties":{"ref":"KR-0611","name":"태종대유원지\tTaejongdae Provincial Ecological Park","grid":"PM45mb","locations":"KR-PU","activations":1,"attempts":1,"qsos":10}},{"type":"Feature","geometry":{"type":"Point","coordinates":[129.37,35.5372]},"properties":{"ref":"KR-0612","name":"태화강국가정원\tTaehwagang Garden National Park","grid":"PM45qm","locations":"KR-UL","activations":2,"attempts":2,"qsos":46}},{"type":"Feature","geometry":{"type":"Point","coordinates":[127.315,37.5104]},"properties":{"ref":"KR-0613","name":"팔당물안개공원\tPaldangmuran-gae Provincial Ecological Park","grid":"PM37pm","locations":"KR-KG","activations":1,"attempts":1,"qsos":12}},{"type":"Feature","geometry":{"type":"Point","coordinates":[126.672,35.2842]},"properties":{"ref":"KR-0614","name":"팔암산장미공원\tParamsan Jangmi Provincial Ecological Park","grid":"PM35ig","locations":"KR-CN","activations":0,"attempts":0,"qsos":0}},{"type":"Feature","geometry":{"type":"Point","coordinates":[127.743,35.512]},"properties":{"ref":"KR-0615","name":"하림공원\tHarim Provincial Ecological Park","grid":"PM35um","locations":"KR-KN","activations":0,"attempts":0,"qsos":0}},{"type":"Feature","geometry":{"type":"Point","coordinates":[126.636,37.6462]},"properties":{"ref":"KR-0617","name":"한강신도시호수공원\tGimpo Hangang Lake Provincial Ecological Park","grid":"PM37hp","locations":"KR-KG","activations":1,"attempts":1,"qsos":10}},{"type":"Feature","geometry":{"type":"Point","coordinates":[126.503,35.1353]},"properties":{"ref":"KR-0618","name":"함평자연생태공원\tHampyeong Provincial Ecological Park","grid":"PM35gd","locations":"KR-CN","activations":0,"attempts":0,"qsos":0}},{"type":"Feature","geometry":{"type":"Point","coordinates":[126.526,35.0541]},"properties":{"ref":"KR-0619","name":"함평천수변공원\tHwayangcheon Waterside Provincial Ecological Park","grid":"PM35gb","locations":"KR-CN","activations":1,"attempts":1,"qsos":10}},{"type":"Feature","geometry":{"type":"Point","coordinates":[127.997,37.3429]},"properties":{"ref":"KR-0620","name":"행구수변공원\tHyenggu Waterside Provincial Ecological Park","grid":"PM37xi","locations":"KR-KW","activations":0,"attempts":0,"qsos":0}},{"type":"Feature","geometry":{"type":"Point","coordinates":[127.459,37.7658]},"properties":{"ref":"KR-0621","name":"호명호수공원\tHomyeong Lake Provincial Ecological Park","grid":"PM37rs","locations":"KR-KG","activations":0,"attempts":0,"qsos":0}},{"type":"Feature","geometry":{"type":"Point","coordinates":[127.927,36.9627]},"properties":{"ref":"KR-0622","name":"호암지생태공원\tHoamji Provincial Ecological Park","grid":"PM36xx","locations":"KR-HB","activations":1,"attempts":1,"qsos":29}},{"type":"Feature","geometry":{"type":"Point","coordinates":[128.176,36.4077]},"properties":{"ref":"KR-0623","name":"화개수변공원\tHwagae Waterside Provincial Ecological Park","grid":"PM46cj","locations":"KR-KB","activations":2,"attempts":2,"qsos":30}},{"type":"Feature","geometry":{"type":"Point","coordinates":[129.01,35.2489]},"properties":{"ref":"KR-0624","name":"화명생태공원\tHwamyeong Provincial Ecological Park","grid":"PM45mf","locations":"KR-PU","activations":5,"attempts":6,"qsos":113}},{"type":"Feature","geometry":{"type":"Point","coordinates":[129.195,35.8454]},"properties":{"ref":"KR-0625","name":"흥무공원\tHeongmu Provincial Ecological Park","grid":"PM45ou","locations":"KR-KB","activations":0,"attempts":0,"qsos":0}},{"type":"Feature","geometry":{"type":"Point","coordinates":[126.667,33.4418]},"properties":{"ref":"KR-0626","name":"교래자연휴양림\tGyorae Natural Recreation Forest Provincial Park","grid":"PM33ik","locations":"KR-CJ","activations":0,"attempts":0,"qsos":0}},{"type":"Feature","geometry":{"type":"Point","coordinates":[127.227,36.4336]},"properties":{"ref":"KR-0627","name":"금강자연휴양림\tGeumgang Natural Recreation Forest Provincial Park","grid":"PM36ok","locations":"KR-SJ","activations":0,"attempts":0,"qsos":0}},{"type":"Feature","geometry":{"type":"Point","coordinates":[126.659,37.3954]},"properties":{"ref":"KR-0628","name":"달빛공원\tDalbit Forest Provincial Park","grid":"PM37hj","locations":"KR-IN","activations":0,"attempts":0,"qsos":0}},{"type":"Feature","geometry":{"type":"Point","coordinates":[127.107,37.2117]},"properties":{"ref":"KR-0629","name":"동탄선납숲공원\tDongtan Seonnapsup Forest Provincial Park","grid":"PM37nf","locations":"KR-KG","activations":0,"attempts":0,"qsos":0}},{"type":"Feature","geometry":{"type":"Point","coordinates":[128.592,36.5522]},"properties":{"ref":"KR-0630","name":"마애솔숲공원\tMa-esol Forest Provincial Park","grid":"PM46hn","locations":"KR-KB","activations":0,"attempts":0,"qsos":0}},{"type":"Feature","geometry":{"type":"Point","coordinates":[126.919,37.544]},"properties":{"ref":"KR-0631","name":"마포새빛문화숲\tMapo Seabit Culture Forest Provincial Park","grid":"PM37ln","locations":"KR-SO","activations":1,"attempts":2,"qsos":18}},{"type":"Feature","geometry":{"type":"Point","coordinates":[127.449,36.1993]},"properties":{"ref":"KR-0632","name":"만인산자연휴양림\tManinsan Natural Recreation Forest Provincial Park","grid":"PM36re","locations":"KR-TJ","activations":4,"attempts":5,"qsos":64}},{"type":"Feature","geometry":{"type":"Point","coordinates":[127.19,37.5544]},"properties":{"ref":"KR-0633","name":"미사숲공원\tMisasup Forest Provincial Park","grid":"PM37on","locations":"KR-KG","activations":1,"attempts":1,"qsos":13}},{"type":"Feature","geometry":{"type":"Point","coordinates":[127.041,37.6214]},"properties":{"ref":"KR-0634","name":"북서울꿈의숲\tNorthern Seoul Dream Forest Provincial Park","grid":"PM37mo","locations":"KR-SO","activations":2,"attempts":2,"qsos":24}},{"type":"Feature","geometry":{"type":"Point","coordinates":[126.671,33.3957]},"properties":{"ref":"KR-0635","name":"붉은오름자연휴양림\tRed uphill Nature Recreation Forest Provincial Park","grid":"PM33ij","locations":"KR-CJ","activations":0,"attempts":0,"qsos":0}},{"type":"Feature","geometry":{"type":"Point","coordinates":[128.513,35.6898]},"properties":{"ref":"KR-0636","name":"비슬산자연휴양림\tBiseulsan Natural Recreation Forest Provincial Park","grid":"PM45gq","locations":"KR-TG","activations":1,"attempts":1,"qsos":13}},{"type":"Feature","geometry":{"type":"Point","coordinates":[128.46,36.1651]},"properties":{"ref":"KR-0637","name":"산동참생태숲\tSandongcham Forest Provincial Park","grid":"PM46fd","locations":"KR-KB","activations":1,"attempts":1,"qsos":14}},{"type":"Feature","geometry":{"type":"Point","coordinates":[126.46,33.3108]},"properties":{"ref":"KR-0638","name":"서귀포자연휴양림\tSeogwipo Nature Recreation Forest Provincial Park","grid":"PM33fh","locations":"KR-CJ","activations":1,"attempts":1,"qsos":12}},{"type":"Feature","geometry":{"type":"Point","coordinates":[127.082,37.298]},"properties":{"ref":"KR-0639","name":"서봉숲속공원\tSeobong Forest Provincial Park","grid":"PM37mh","locations":"KR-KG","activations":2,"attempts":2,"qsos":20}},{"type":"Feature","geometry":{"type":"Point","coordinates":[127.037,37.5446]},"properties":{"ref":"KR-0640","name":"서울숲\tSeoul Forest Provincial Park","grid":"PM37mn","locations":"KR-SO","activations":4,"attempts":4,"qsos":58}},{"type":"Feature","geometry":{"type":"Point","coordinates":[126.316,37.7041]},"properties":{"ref":"KR-0641","name":"석모도자연휴양림\tSeokmodo Natural Recreation Forest Provincial Park","grid":"PM37dq","locations":"KR-IN","activations":0,"attempts":0,"qsos":0}},{"type":"Feature","geometry":{"type":"Point","coordinates":[127.862,36.815]},"properties":{"ref":"KR-0642","name":"성불산자연휴양림\tSeongbulsan Natural Recreation Forest Provincial Park","grid":"PM36wt","locations":"KR-HB","activations":0,"attempts":0,"qsos":0}},{"type":"Feature","geometry":{"type":"Point","coordinates":[127.965,35.28]},"properties":{"ref":"KR-0643","name":"성철공원\tSeongcheol Forest Provincial Park","grid":"PM35xg","locations":"KR-KN","activations":0,"attempts":0,"qsos":0}},{"type":"Feature","geometry":{"type":"Point","coordinates":[128.755,35.8074]},"properties":{"ref":"KR-0644","name":"솔숲구릉공원\tSolsupguleung Forest Provincial Park","grid":"PM45jt","locations":"KR-KB","activations":2,"attempts":2,"qsos":25}},{"type":"Feature","geometry":{"type":"Point","coordinates":[128.829,36.7036]},"properties":{"ref":"KR-0645","name":"안동호반자연휴양림\tAndong Lake Natural Recreation Forest Provincial Park","grid":"PM46jq","locations":"KR-KB","activations":0,"attempts":0,"qsos":0}},{"type":"Feature","geometry":{"type":"Point","coordinates":[126.702,34.3529]},"properties":{"ref":"KR-0646","name":"완도자연휴양림\tWando Natural Recreation Forest Provincial Park","grid":"PM34ii","locations":"KR-CN","activations":0,"attempts":0,"qsos":0}},{"type":"Feature","geometry":{"type":"Point","coordinates":[127.271,37.3133]},"properties":{"ref":"KR-0647","name":"용인자연휴양림\tYongin Nature Recreation Forest Provincial Park","grid":"PM37ph","locations":"KR-KG","activations":0,"attempts":0,"qsos":0}},{"type":"Feature","geometry":{"type":"Point","coordinates":[127.207,34.8251]},"properties":{"ref":"KR-0648","name":"보성윤제림\tBoseong Yunjaerim Provincial Park","grid":"PM34ot","locations":"KR-CN","activations":5,"attempts":5,"qsos":102}},{"type":"Feature","geometry":{"type":"Point","coordinates":[126.939,37.4788]},"properties":{"ref":"KR-0649","name":"장군봉근린공원\tJanggunbong Forest Provincial Park","grid":"PM37ll","locations":"KR-SO","activations":7,"attempts":7,"qsos":128}},{"type":"Feature","geometry":{"type":"Point","coordinates":[127.339,36.221]},"properties":{"ref":"KR-0650","name":"장태산자연휴양림\tJangtaesan Natural Recreation Forest Provincial Park","grid":"PM36qf","locations":"KR-TJ","activations":1,"attempts":1,"qsos":11}},{"type":"Feature","geometry":{"type":"Point","coordinates":[126.666,36.0153]},"properties":{"ref":"KR-0651","name":"장항송림산림욕장\tJanhang Songrim Forest Provincial Park","grid":"PM36ha","locations":"KR-HN","activations":1,"attempts":1,"qsos":12}},{"type":"Feature","geometry":{"type":"Point","coordinates":[126.623,33.4302]},"properties":{"ref":"KR-0652","name":"제주절물자연휴양림\tJeolmul Nature Recreation Forest Provincial Park","grid":"PM33hk","locations":"KR-CJ","activations":0,"attempts":0,"qsos":0}},{"type":"Feature","geometry":{"type":"Point","coordinates":[127.11,37.6063]},"properties":{"ref":"KR-0653","name":"중랑캠핑숲\tJungnang Camping Forest Provincial Park","grid":"PM37no","locations":"KR-SO","activations":0,"attempts":0,"qsos":0}},{"type":"Feature","geometry":{"type":"Point","coordinates":[127.316,37.7537]},"properties":{"ref":"KR-0654","name":"축령산자연휴양림\tChungnyeongsan Recreational Forest Provincial Park","grid":"PM37ps","locations":"KR-KG","activations":2,"attempts":2,"qsos":27}},{"type":"Feature","geometry":{"type":"Point","coordinates":[129.03,37.1211]},"properties":{"ref":"KR-0655","name":"태백고원자연휴양림\tTaebaek Highland Forest Provincial Park","grid":"PM47mc","locations":"KR-KW","activations":0,"attempts":0,"qsos":0}},{"type":"Feature","geometry":{"type":"Point","coordinates":[129.365,35.7558]},"properties":{"ref":"KR-0656","name":"토함산자연휴양림\tTohamsan Natural Recreation Forest Provincial Park","grid":"PM45qs","locations":"KR-KB","activations":0,"attempts":0,"qsos":0}},{"type":"Feature","geometry":{"type":"Point","coordinates":[128.406,34.837]},"properties":{"ref":"KR-0657","name":"통영생태숲\tTongyeong Natural Forest Provincial Park","grid":"PM44eu","locations":"KR-KN","activations":0,"attempts":0,"qsos":0}},{"type":"Feature","geometry":{"type":"Point","coordinates":[128.564,36.0516]},"properties":{"ref":"KR-0658","name":"팔공산금화자연휴양림\tPalgongsan Geumhwa Natural Recreation Forest Provincial Park","grid":"PM46gb","locations":"KR-KB","activations":3,"attempts":3,"qsos":54}},{"type":"Feature","geometry":{"type":"Point","coordinates":[127.206,38.1996]},"properties":{"ref":"KR-0659","name":"하늘숲땅숲공원\tHaneulsup Ddangsup Forest Provincial Park","grid":"PM38oe","locations":"KR-KW","activations":1,"attempts":1,"qsos":18}},{"type":"Feature","geometry":{"type":"Point","coordinates":[127.157,37.2739]},"properties":{"ref":"KR-0660","name":"한숲공원\tHansup Forest Provincial Park","grid":"PM37ng","locations":"KR-KG","activations":0,"attempts":0,"qsos":0}},{"type":"Feature","geometry":{"type":"Point","coordinates":[127.308,36.3864]},"properties":{"ref":"KR-0661","name":"해랑숲근린공원\tHaerang Forest Provincial Park","grid":"PM36pj","locations":"KR-TJ","activations":1,"attempts":1,"qsos":21}},{"type":"Feature","geometry":{"type":"Point","coordinates":[129.015,35.2242]},"properties":{"ref":"KR-0662","name":"화명근린공원\tHwamyeong Forest Provincial Park","grid":"PM45mf","locations":"KR-PU","activations":3,"attempts":3,"qsos":98}},{"type":"Feature","geometry":{"type":"Point","coordinates":[128.536,35.7729]},"properties":{"ref":"KR-0663","name":"화원자연휴양림\tHwawon Natural Recreation Forest Provincial Park","grid":"PM45gs","locations":"KR-TG","activations":1,"attempts":1,"qsos":20}},{"type":"Feature","geometry":{"type":"Point","coordinates":[129.027,37.1007]},"properties":{"ref":"KR-0664","name":"365세이프타운\t365 Safetown Provincial Recreation Park","grid":"PM47mc","locations":"KR-KW","activations":0,"attempts":0,"qsos":0}},{"type":"Feature","geometry":{"type":"Point","coordinates":[126.499,33.2612]},"properties":{"ref":"KR-0665","name":"강창학체육공원\tGangchanghak Sports Provincial Recreation Park","grid":"PM33fg","locations":"KR-CJ","activations":0,"attempts":0,"qsos":0}},{"type":"Feature","geometry":{"type":"Point","coordinates":[126.47,37.7544]},"properties":{"ref":"KR-0666","name":"강화아시아드BMX경기장\tGanghwa Asiad BMX Track Provincial Recreation Park","grid":"PM37fs","locations":"KR-IN","activations":0,"attempts":0,"qsos":0}},{"type":"Feature","geometry":{"type":"Point","coordinates":[127.231,35.974]},"properties":{"ref":"KR-0667","name":"고산문화공원\tGosan Culture Provincial Recreation Park","grid":"PM35ox","locations":"KR-CB","activations":2,"attempts":2,"qsos":27}},{"type":"Feature","geometry":{"type":"Point","coordinates":[126.743,37.676]},"properties":{"ref":"KR-0668","name":"고양종합운동장\tGoyang Stadium Provincial Recreation Park","grid":"PM37iq","locations":"KR-KG","activations":1,"attempts":1,"qsos":47}},{"type":"Feature","geometry":{"type":"Point","coordinates":[126.698,35.4422]},"properties":{"ref":"KR-0669","name":"고창생활체육테마공원\tGochang Reports Theme Provincial Recreation Park","grid":"PM35ik","locations":"KR-CB","activations":1,"attempts":2,"qsos":13}},{"type":"Feature","geometry":{"type":"Point","coordinates":[126.996,37.4414]},"properties":{"ref":"KR-0670","name":"관문체육공원\tGwanmun Sports Provincial Recreation Park","grid":"PM37lk","locations":"KR-KG","activations":1,"attempts":1,"qsos":48}},{"type":"Feature","geometry":{"type":"Point","coordinates":[126.937,37.3388]},"properties":{"ref":"KR-0671","name":"군포국민체육센터\tGunpo National Sports Center Recreation Park","grid":"PM37li","locations":"KR-KG","activations":1,"attempts":1,"qsos":55}},{"type":"Feature","geometry":{"type":"Point","coordinates":[129.062,35.2264]},"properties":{"ref":"KR-0672","name":"금강공원(부산)\tBusan Geumgang Provincial Recreation Park","grid":"PM45mf","locations":"KR-PU","activations":0,"attempts":0,"qsos":0}},{"type":"Feature","geometry":{"type":"Point","coordinates":[128.877,35.2568]},"properties":{"ref":"KR-0673","name":"김해시민체육공원\tGimhae Citizens Sports Provincial Recreation Park","grid":"PM45kg","locations":"KR-KN","activations":1,"attempts":1,"qsos":37}},{"type":"Feature","geometry":{"type":"Point","coordinates":[126.6,34.9795]},"properties":{"ref":"KR-0674","name":"나주영상테마파크\tNaju Film Theme Provincial Recreation Park","grid":"PM34hx","locations":"KR-CN","activations":1,"attempts":1,"qsos":10}},{"type":"Feature","geometry":{"type":"Point","coordinates":[128.743,35.8262]},"properties":{"ref":"KR-0675","name":"남매공원\tNammae Provincial Recreation Park","grid":"PM45it","locations":"KR-KB","activations":1,"attempts":1,"qsos":27}},{"type":"Feature","geometry":{"type":"Point","coordinates":[128.663,35.2972]},"properties":{"ref":"KR-0676","name":"단감테마공원\tDangam Theme Provincial Recreation Park","grid":"PM45hh","locations":"KR-KN","activations":0,"attempts":0,"qsos":0}},{"type":"Feature","geometry":{"type":"Point","coordinates":[128.588,35.8814]},"properties":{"ref":"KR-0677","name":"대구복합스포츠타운\tDaegu Sports Complex Provincial Recreation Park","grid":"PM45hv","locations":"KR-TG","activations":3,"attempts":3,"qsos":81}},{"type":"Feature","geometry":{"type":"Point","coordinates":[128.69,35.8298]},"properties":{"ref":"KR-0678","name":"대구체육공원\tDaegu Stadium Provincial Recreation Park","grid":"PM45it","locations":"KR-TG","activations":2,"attempts":2,"qsos":33}},{"type":"Feature","geometry":{"type":"Point","coordinates":[128.459,37.5017]},"properties":{"ref":"KR-0679","name":"대화체육공원\tDaehwa Sports Provincial Recreation Park","grid":"PM47fm","locations":"KR-KW","activations":0,"attempts":0,"qsos":0}},{"type":"Feature","geometry":{"type":"Point","coordinates":[127.058,37.6449]},"properties":{"ref":"KR-0680","name":"마들공원\tMadeul Sports Provincial Recreation Park","grid":"PM37mp","locations":"KR-SO","activations":1,"attempts":1,"qsos":14}},{"type":"Feature","geometry":{"type":"Point","coordinates":[127.678,34.7587]},"properties":{"ref":"KR-0681","name":"망마체육공원\tMangma Sports Provincial Recreation Park","grid":"PM34us","locations":"KR-CN","activations":1,"attempts":1,"qsos":10}},{"type":"Feature","geometry":{"type":"Point","coordinates":[127.509,34.9293]},"properties":{"ref":"KR-0682","name":"순천만국가정원\tSuncheon Bay Garden National Park","grid":"PM34sw","locations":"KR-CN","activations":0,"attempts":0,"qsos":0}},{"type":"Feature","geometry":{"type":"Point","coordinates":[127.213,37.5536]},"properties":{"ref":"KR-0683","name":"미사경정공원\tMisari Speedboat Provincial Recreation Park","grid":"PM37on","locations":"KR-KG","activations":3,"attempts":3,"qsos":80}},{"type":"Feature","geometry":{"type":"Point","coordinates":[128.758,35.5051]},"properties":{"ref":"KR-0684","name":"밀양아리랑대공원\tMiryang Arirang Provincial Recreation Park","grid":"PM45jm","locations":"KR-KN","activations":10,"attempts":13,"qsos":359}},{"type":"Feature","geometry":{"type":"Point","coordinates":[126.94,35.9599]},"properties":{"ref":"KR-0685","name":"배산체육공원\tBaesan Sports Provincial Recreation Park","grid":"PM35lx","locations":"KR-CB","activations":1,"attempts":1,"qsos":11}},{"type":"Feature","geometry":{"type":"Point","coordinates":[129.064,35.1939]},"properties":{"ref":"KR-0686","name":"부산사직종합운동장\tBusan Sports Complex Provincial Recreation Park","grid":"PM45me","locations":"KR-PU","activations":0,"attempts":0,"qsos":0}},{"type":"Feature","geometry":{"type":"Point","coordinates":[129.047,35.1825]},"properties":{"ref":"KR-0687","name":"부산어린이대공원\tSeoul Children's Grand Provincial Recreation Park","grid":"PM45me","locations":"KR-PU","activations":0,"attempts":0,"qsos":0}},{"type":"Feature","geometry":{"type":"Point","coordinates":[127.325,34.6278]},"properties":{"ref":"KR-0688","name":"분청문화공원\tBuncheongmunhwa Provincial Recreation Park","grid":"PM34pp","locations":"KR-CN","activations":1,"attempts":2,"qsos":21}},{"type":"Feature","geometry":{"type":"Point","coordinates":[127.196,34.7101]},"properties":{"ref":"KR-0689","name":"비봉공룡공원\tBibong Dinosaur Provincial Recreation Park","grid":"PM34or","locations":"KR-CN","activations":0,"attempts":0,"qsos":0}},{"type":"Feature","geometry":{"type":"Point","coordinates":[128.866,37.76]},"properties":{"ref":"KR-0690","name":"사임당공원\tSaimdang Provincial Recreation Park","grid":"PM47ks","locations":"KR-KW","activations":0,"attempts":0,"qsos":0}},{"type":"Feature","geometry":{"type":"Point","coordinates":[127.094,35.9216]},"properties":{"ref":"KR-0691","name":"삼례신금근린공원\tSamnyesin-geum Provincial Recreation Park","grid":"PM35nw","locations":"KR-CB","activations":1,"attempts":1,"qsos":13}},{"type":"Feature","geometry":{"type":"Point","coordinates":[127.159,35.9312]},"properties":{"ref":"KR-0692","name":"생강골공원\tSaengganggol Provincial Recreation Park","grid":"PM35nw","locations":"KR-CB","activations":2,"attempts":2,"qsos":25}},{"type":"Feature","geometry":{"type":"Point","coordinates":[126.569,35.9699]},"properties":{"ref":"KR-0693","name":"생말공원\tSaengmal Provincial Recreation Park","grid":"PM35gx","locations":"KR-CB","activations":2,"attempts":2,"qsos":21}},{"type":"Feature","geometry":{"type":"Point","coordinates":[127.082,37.5496]},"properties":{"ref":"KR-0694","name":"서울어린이대공원\tSeoul Children's Grand Provincial Recreation Park","grid":"PM37mn","locations":"KR-SO","activations":2,"attempts":3,"qsos":30}},{"type":"Feature","geometry":{"type":"Point","coordinates":[127.14,37.4311]},"properties":{"ref":"KR-0695","name":"성남종합운동장\tSeongnam Sports Complex Provincial Recreation Park","grid":"PM37nk","locations":"KR-KG","activations":4,"attempts":4,"qsos":59}},{"type":"Feature","geometry":{"type":"Point","coordinates":[126.789,37.4739]},"properties":{"ref":"KR-0696","name":"성주산생활체육공원\tSeongjusan Reports Provincial Recreation Park","grid":"PM37jl","locations":"KR-KG","activations":0,"attempts":0,"qsos":0}},{"type":"Feature","geometry":{"type":"Point","coordinates":[126.797,37.4679]},"properties":{"ref":"KR-0697","name":"소사대공원\tSosadae Provincial Recreation Park","grid":"PM37jl","locations":"KR-KG","activations":0,"attempts":0,"qsos":0}},{"type":"Feature","geometry":{"type":"Point","coordinates":[128.57,38.204]},"properties":{"ref":"KR-0698","name":"속초생활체육공원\tSokcho Reports Provincial Recreation Park","grid":"PM48ge","locations":"KR-KW","activations":0,"attempts":0,"qsos":0}},{"type":"Feature","geometry":{"type":"Point","coordinates":[126.965,37.5555]},"properties":{"ref":"KR-0699","name":"손기정체육공원\tSongijeong Sports Provincial Recreation Park","grid":"PM37ln","locations":"KR-SO","activations":2,"attempts":2,"qsos":39}},{"type":"Feature","geometry":{"type":"Point","coordinates":[126.659,37.3763]},"properties":{"ref":"KR-0700","name":"송도글로벌파크\tSongdo Global Provincial Recreation Park","grid":"PM37hj","locations":"KR-IN","activations":0,"attempts":0,"qsos":0}},{"type":"Feature","geometry":{"type":"Point","coordinates":[127.01,37.2988]},"properties":{"ref":"KR-0701","name":"수원종합운동장\tSuwon Stadium Provincial Recreation Park","grid":"PM37mh","locations":"KR-KG","activations":2,"attempts":2,"qsos":51}},{"type":"Feature","geometry":{"type":"Point","coordinates":[127.099,37.33]},"properties":{"ref":"KR-0702","name":"수지체육공원\tSuji Sports Provincial Recreation Park","grid":"PM37nh","locations":"KR-KG","activations":3,"attempts":3,"qsos":45}},{"type":"Feature","geometry":{"type":"Point","coordinates":[127.535,37.5129]},"properties":{"ref":"KR-0703","name":"쉬자파크\thttps://www.yp21.go.kr/swijapark/index.do Provincial Recreation Park","grid":"PM37sm","locations":"KR-KG","activations":1,"attempts":1,"qsos":11}},{"type":"Feature","geometry":{"type":"Point","coordinates":[126.566,37.4818]},"properties":{"ref":"KR-0704","name":"씨사이드파크\tSeaside Provincial Recreation Park","grid":"PM37gl","locations":"KR-IN","activations":38,"attempts":39,"qsos":1221}},{"type":"Feature","geometry":{"type":"Point","coordinates":[127.002,36.794]},"properties":{"ref":"KR-0705","name":"아산문화공원\tAsan Culture Provincial Recreation Park","grid":"PM36mt","locations":"KR-HN","activations":0,"attempts":0,"qsos":0}},{"type":"Feature","geometry":{"type":"Point","coordinates":[126.71,37.4397]},"properties":{"ref":"KR-0706","name":"아시아드선수촌공원\tGuwor asiadeuseonsuchon Provincial Recreation Park","grid":"PM37ik","locations":"KR-IN","activations":0,"attempts":0,"qsos":0}},{"type":"Feature","geometry":{"type":"Point","coordinates":[128.688,35.1413]},"properties":{"ref":"KR-0707","name":"에너지환경과학공원\tEnergy Enviroment Sience Provincial Recreation Park","grid":"PM45id","locations":"KR-KN","activations":2,"attempts":2,"qsos":100}},{"type":"Feature","geometry":{"type":"Point","coordinates":[127.753,34.742]},"properties":{"ref":"KR-0708","name":"여수엑스포해양공원\tYeosu EXPO Ocean Provincial Recreation Park","grid":"PM34vr","locations":"KR-CN","activations":2,"attempts":2,"qsos":32}},{"type":"Feature","geometry":{"type":"Point","coordinates":[127.345,36.3317]},"properties":{"ref":"KR-0709","name":"옥녀봉체육공원\tOknyeobong Soprts Provincial Recreation Park","grid":"PM36qh","locations":"KR-TJ","activations":1,"attempts":1,"qsos":43}},{"type":"Feature","geometry":{"type":"Point","coordinates":[127.121,37.5207]},"properties":{"ref":"KR-0710","name":"올림픽공원\tOlympic Provincial Recreation Park","grid":"PM37nm","locations":"KR-SO","activations":72,"attempts":91,"qsos":1684}},{"type":"Feature","geometry":{"type":"Point","coordinates":[126.5,33.5191]},"properties":{"ref":"KR-0711","name":"용담레포츠공원\tYongdam Reports Provincial Recreation Park","grid":"PM33gm","locations":"KR-CJ","activations":2,"attempts":2,"qsos":103}},{"type":"Feature","geometry":{"type":"Point","coordinates":[127.166,37.2502]},"properties":{"ref":"KR-0712","name":"용인미르스타디움\tYongin Mir Stadium Provincial Recreation Park","grid":"PM37ng","locations":"KR-KG","activations":1,"attempts":1,"qsos":102}},{"type":"Feature","geometry":{"type":"Point","coordinates":[127.586,34.9853]},"properties":{"ref":"KR-0713","name":"우산웰빙테마공원\tUsan Wellbing Theme Provincial Recreation Park","grid":"PM34tx","locations":"KR-CN","activations":1,"attempts":1,"qsos":12}},{"type":"Feature","geometry":{"type":"Point","coordinates":[126.894,35.2243]},"properties":{"ref":"KR-0714","name":"우치공원\tUchi Provincial Recreation Park","grid":"PM35kf","locations":"KR-KJ","activations":1,"attempts":1,"qsos":24}},{"type":"Feature","geometry":{"type":"Point","coordinates":[129.294,35.531]},"properties":{"ref":"KR-0715","name":"울산대공원\tUlsan Grand Provincial Recreation Park","grid":"PM45pm","locations":"KR-UL","activations":64,"attempts":64,"qsos":1151}},{"type":"Feature","geometry":{"type":"Point","coordinates":[129.348,35.5623]},"properties":{"ref":"KR-0716","name":"울산종합운동장(동천)\tUlsan Stadium(Dongchun) Provincial Recreation Park","grid":"PM45qn","locations":"KR-UL","activations":2,"attempts":2,"qsos":68}},{"type":"Feature","geometry":{"type":"Point","coordinates":[129.26,35.5353]},"properties":{"ref":"KR-0717","name":"울산체육공원(문수)\tUlsan Sports(Munsu) Provincial Recreation Park","grid":"PM45pm","locations":"KR-UL","activations":0,"attempts":0,"qsos":0}},{"type":"Feature","geometry":{"type":"Point","coordinates":[126.896,37.5638]},"properties":{"ref":"KR-0718","name":"월드컵공원\tWorld Cup Provincial Recreation Park","grid":"PM37kn","locations":"KR-SO","activations":6,"attempts":6,"qsos":130}},{"type":"Feature","geometry":{"type":"Point","coordinates":[127.426,35.7871]},"properties":{"ref":"KR-0719","name":"월랑체육공원\tWollang Sports Park Provincial Recreation Park","grid":"PM35rs","locations":"KR-CB","activations":2,"attempts":2,"qsos":27}},{"type":"Feature","geometry":{"type":"Point","coordinates":[128.693,35.8599]},"properties":{"ref":"KR-0720","name":"율하체육공원\tYura Sports Provincial Recreation Park","grid":"PM45iu","locations":"KR-TG","activations":3,"attempts":3,"qsos":38}},{"type":"Feature","geometry":{"type":"Point","coordinates":[126.986,35.9497]},"properties":{"ref":"KR-0721","name":"익산중앙체육공원\tJungang Sports Provincial Recreation Park","grid":"PM35lw","locations":"KR-CB","activations":1,"attempts":1,"qsos":11}},{"type":"Feature","geometry":{"type":"Point","coordinates":[126.779,37.4525]},"properties":{"ref":"KR-0722","name":"인천대공원\tIncheon Grand Provincial Recreation Park","grid":"PM37jk","locations":"KR-IN","activations":0,"attempts":0,"qsos":0}},{"type":"Feature","geometry":{"type":"Point","coordinates":[126.691,37.436]},"properties":{"ref":"KR-0723","name":"인천문학경기장\tIncheon Munhak Sports Complex Provincial Recreation Park","grid":"PM37ik","locations":"KR-IN","activations":1,"attempts":1,"qsos":57}},{"type":"Feature","geometry":{"type":"Point","coordinates":[126.666,37.5462]},"properties":{"ref":"KR-0724","name":"인천아시아드주경기장\tIncheon Asiad Main Stadium Provincial Recreation Park","grid":"PM37hn","locations":"KR-IN","activations":1,"attempts":1,"qsos":13}},{"type":"Feature","geometry":{"type":"Point","coordinates":[126.7,37.4419]},"properties":{"ref":"KR-0725","name":"인천중앙공원\tIncheon Central Provincial Recreation Park","grid":"PM37ik","locations":"KR-IN","activations":1,"attempts":1,"qsos":35}},{"type":"Feature","geometry":{"type":"Point","coordinates":[127.073,37.5165]},"properties":{"ref":"KR-0726","name":"잠실종합운동장\tSeoul Sports Complex Provincial Recreation Park","grid":"PM37mm","locations":"KR-SO","activations":1,"attempts":2,"qsos":19}},{"type":"Feature","geometry":{"type":"Point","coordinates":[127.592,35.7277]},"properties":{"ref":"KR-0727","name":"장계체육공원\tJanggye Soprts Provincial Recreation Park","grid":"PM35tr","locations":"KR-CB","activations":1,"attempts":1,"qsos":11}},{"type":"Feature","geometry":{"type":"Point","coordinates":[126.756,37.3384]},"properties":{"ref":"KR-0728","name":"정왕체육공원\tJeongwang Sports Provincial Recreation Park","grid":"PM37ji","locations":"KR-KG","activations":0,"attempts":0,"qsos":0}},{"type":"Feature","geometry":{"type":"Point","coordinates":[126.659,33.4486]},"properties":{"ref":"KR-0729","name":"제주돌문화공원\tJeju Stone Provincial Recreation Park","grid":"PM33hk","locations":"KR-CJ","activations":1,"attempts":1,"qsos":14}},{"type":"Feature","geometry":{"type":"Point","coordinates":[126.514,33.4978]},"properties":{"ref":"KR-0730","name":"제주종합경기장\tJeju Sports Complex Provincial Recreation Park","grid":"PM33gl","locations":"KR-CJ","activations":2,"attempts":2,"qsos":25}},{"type":"Feature","geometry":{"type":"Point","coordinates":[126.78,37.6916]},"properties":{"ref":"KR-0731","name":"중산체육공원\tJungsan Sports Provincial Recreation Park","grid":"PM37jq","locations":"KR-KG","activations":0,"attempts":0,"qsos":0}},{"type":"Feature","geometry":{"type":"Point","coordinates":[127.023,35.8289]},"properties":{"ref":"KR-0732","name":"지사울공원\tJisaul Provincial Recreation Park","grid":"PM35mt","locations":"KR-CB","activations":1,"attempts":1,"qsos":10}},{"type":"Feature","geometry":{"type":"Point","coordinates":[128.666,35.2324]},"properties":{"ref":"KR-0733","name":"창원종합운동장\tChangwon Sports Provincial Recreation Park","grid":"PM45hf","locations":"KR-KN","activations":1,"attempts":1,"qsos":79}},{"type":"Feature","geometry":{"type":"Point","coordinates":[126.859,35.2205]},"properties":{"ref":"KR-0734","name":"첨단체육근린공원\tCheomdan Sports Provincial Recreation Park","grid":"PM35kf","locations":"KR-KJ","activations":3,"attempts":4,"qsos":48}},{"type":"Feature","geometry":{"type":"Point","coordinates":[127.265,37.412]},"properties":{"ref":"KR-0735","name":"청석공원\tCheongseok Provincial Recreation Park","grid":"PM37pj","locations":"KR-KG","activations":0,"attempts":0,"qsos":0}},{"type":"Feature","geometry":{"type":"Point","coordinates":[127.121,37.4104]},"properties":{"ref":"KR-0736","name":"탄천종합운동장\tTancheon Sports Complex Provincial Recreation Park","grid":"PM37nj","locations":"KR-KG","activations":1,"attempts":1,"qsos":12}},{"type":"Feature","geometry":{"type":"Point","coordinates":[126.786,37.7562]},"properties":{"ref":"KR-0737","name":"파주스타디움\tPaju Stadium Provincial Ecological Park","grid":"PM37js","locations":"KR-KG","activations":0,"attempts":0,"qsos":0}},{"type":"Feature","geometry":{"type":"Point","coordinates":[128.536,35.4555]},"properties":{"ref":"KR-0738","name":"함박산농촌테마공원\tHambaksan Culture Provincial Recreation Park","grid":"PM45gk","locations":"KR-KN","activations":1,"attempts":1,"qsos":14}},{"type":"Feature","geometry":{"type":"Point","coordinates":[128.395,35.2806]},"properties":{"ref":"KR-0739","name":"함안연꽃테마공원\tHam-an Lotus Flower Provincial Recreation Park","grid":"PM45eg","locations":"KR-KN","activations":0,"attempts":0,"qsos":0}},{"type":"Feature","geometry":{"type":"Point","coordinates":[126.521,35.0554]},"properties":{"ref":"KR-0740","name":"함평엑스포공원\tHampyeong Expo Provincial Recreation Park","grid":"PM35gb","locations":"KR-CN","activations":1,"attempts":1,"qsos":11}},{"type":"Feature","geometry":{"type":"Point","coordinates":[128.086,35.0693]},"properties":{"ref":"KR-0741","name":"항공우주테마공원\tAerospace Theme Provincial Recreation Park","grid":"PM45bb","locations":"KR-KN","activations":0,"attempts":0,"qsos":0}},{"type":"Feature","geometry":{"type":"Point","coordinates":[126.863,33.5236]},"properties":{"ref":"KR-0742","name":"해녀박물관\tJeju Haenyeo Museum Provincial Recreation Park","grid":"PM33km","locations":"KR-CJ","activations":1,"attempts":1,"qsos":12}},{"type":"Feature","geometry":{"type":"Point","coordinates":[127.516,36.6313]},"properties":{"ref":"KR-0743","name":"호미골체육공원\tHomigol Sports Provincial Recreation Park","grid":"PM36sp","locations":"KR-HB","activations":0,"attempts":0,"qsos":0}},{"type":"Feature","geometry":{"type":"Point","coordinates":[127.702,38.1074]},"properties":{"ref":"KR-0744","name":"서화산공원 Seohwasan Mountain Provincial Park Provincial Park","grid":"PM38uc","locations":"KR-KW","activations":0,"attempts":0,"qsos":0}},{"type":"Feature","geometry":{"type":"Point","coordinates":[128.992,35.2986]},"properties":{"ref":"KR-0745","name":"황산문화체육공원\tHwangsan Cultural Sports Provincial Recreation Park","grid":"PM45lh","locations":"KR-KN","activations":3,"attempts":3,"qsos":74}},{"type":"Feature","geometry":{"type":"Point","coordinates":[127.118,37.3833]},"properties":{"ref":"KR-0746","name":"황새울공원\tHwangsae-ul Provincial Recreation Park","grid":"PM37nj","locations":"KR-KG","activations":2,"attempts":2,"qsos":26}},{"type":"Feature","geometry":{"type":"Point","coordinates":[126.737,37.3235]},"properties":{"ref":"KR-0747","name":"22호근린공원\tIsibiho Neighborhood Provincial Park","grid":"PM37ih","locations":"KR-KG","activations":0,"attempts":0,"qsos":0}},{"type":"Feature","geometry":{"type":"Point","coordinates":[126.842,37.6252]},"properties":{"ref":"KR-0748","name":"가라산공원\tGarasan Neighborhood Provincial Park","grid":"PM37kp","locations":"KR-KG","activations":0,"attempts":0,"qsos":0}},{"type":"Feature","geometry":{"type":"Point","coordinates":[128.588,35.2526]},"properties":{"ref":"KR-0749","name":"3.15공원\t3.15 Neighborhood Provincial Park","grid":"PM45hg","locations":"KR-KN","activations":0,"attempts":0,"qsos":0}},{"type":"Feature","geometry":{"type":"Point","coordinates":[128.695,35.2128]},"properties":{"ref":"KR-0750","name":"가음정공원\tGaeumjeong Neighborhood Provincial Park","grid":"PM45if","locations":"KR-KG","activations":2,"attempts":2,"qsos":59}},{"type":"Feature","geometry":{"type":"Point","coordinates":[128.611,36.8206]},"properties":{"ref":"KR-0751","name":"가흥공원\tGaheong Neighborhood Provincial Park","grid":"PM46ht","locations":"KR-KB","activations":0,"attempts":0,"qsos":0}},{"type":"Feature","geometry":{"type":"Point","coordinates":[127.374,36.3555]},"properties":{"ref":"KR-0752","name":"갈마공원\tGalma Neighborhood Provincial Park","grid":"PM36qi","locations":"KR-TJ","activations":2,"attempts":2,"qsos":56}},{"type":"Feature","geometry":{"type":"Point","coordinates":[126.377,34.7463]},"properties":{"ref":"KR-0753","name":"갈마산공원\tGalmasan Neighborhood Provincial Park","grid":"PM34er","locations":"KR-CN","activations":0,"attempts":0,"qsos":0}},{"type":"Feature","geometry":{"type":"Point","coordinates":[127.493,37.486]},"properties":{"ref":"KR-0754","name":"갈산공원(양평)\tYangpyeong Galsan Neighborhood Provincial Park","grid":"PM37rl","locations":"KR-KG","activations":0,"attempts":0,"qsos":0}},{"type":"Feature","geometry":{"type":"Point","coordinates":[126.869,37.5081]},"properties":{"ref":"KR-0755","name":"갈산근린공원\tGalsan Neighborhood Provincial Park","grid":"PM37km","locations":"KR-SO","activations":1,"attempts":1,"qsos":13}},{"type":"Feature","geometry":{"type":"Point","coordinates":[126.414,34.7958]},"properties":{"ref":"KR-0756","name":"갓바위공원\tGatbawi Neighborhood Provincial Park","grid":"PM34et","locations":"KR-CN","activations":1,"attempts":1,"qsos":11}},{"type":"Feature","geometry":{"type":"Point","coordinates":[129.39,36.363]},"properties":{"ref":"KR-0757","name":"강구공원\tGanggu Neighborhood Provincial Park","grid":"PM46qi","locations":"KR-KB","activations":0,"attempts":0,"qsos":0}},{"type":"Feature","geometry":{"type":"Point","coordinates":[127.13,37.2727]},"properties":{"ref":"KR-0758","name":"강남근린공원(용인)\tYongin Gangnam Neighborhood Provincial Park","grid":"PM37ng","locations":"KR-KG","activations":0,"attempts":0,"qsos":0}},{"type":"Feature","geometry":{"type":"Point","coordinates":[126.847,37.4869]},"properties":{"ref":"KR-0759","name":"개웅산공원\tGae-ungsan Neighborhood Provincial Park","grid":"PM37kl","locations":"KR-SO","activations":22,"attempts":22,"qsos":338}},{"type":"Feature","geometry":{"type":"Point","coordinates":[127.064,37.483]},"properties":{"ref":"KR-0760","name":"개포근린공원\tGaepo Neighborhood Provincial Park","grid":"PM37ml","locations":"KR-SO","activations":0,"attempts":0,"qsos":0}},{"type":"Feature","geometry":{"type":"Point","coordinates":[126.705,37.6376]},"properties":{"ref":"KR-0761","name":"걸포중앙공원\tGeolpo Jungang  Neighborhood Provincial Park","grid":"PM37ip","locations":"KR-KG","activations":0,"attempts":0,"qsos":0}},{"type":"Feature","geometry":{"type":"Point","coordinates":[127.148,37.5984]},"properties":{"ref":"KR-0762","name":"검배공원\tGeombae Neighborhood Provincial Park","grid":"PM37no","locations":"KR-KG","activations":0,"attempts":0,"qsos":0}},{"type":"Feature","geometry":{"type":"Point","coordinates":[128.429,35.2709]},"properties":{"ref":"KR-0763","name":"검안산공원\tGeomamsan Mountain Provincial Park","grid":"PM45fg","locations":"KR-KN","activations":2,"attempts":2,"qsos":75}},{"type":"Feature","geometry":{"type":"Point","coordinates":[127.251,37.4094]},"properties":{"ref":"KR-0764","name":"경안근린공원\tGyengan Neighborhood Provincial Park","grid":"PM37pj","locations":"KR-KG","activations":0,"attempts":0,"qsos":0}},{"type":"Feature","geometry":{"type":"Point","coordinates":[126.8,35.1783]},"properties":{"ref":"KR-0765","name":"경암근린공원\tGyeong-am Neighborhood Provincial Park","grid":"PM35je","locations":"KR-KJ","activations":0,"attempts":1,"qsos":4}},{"type":"Feature","geometry":{"type":"Point","coordinates":[126.845,37.5137]},"properties":{"ref":"KR-0766","name":"계남근린공원\tGyenam Neighborhood Provincial Park","grid":"PM37km","locations":"KR-SO","activations":1,"attempts":1,"qsos":69}},{"type":"Feature","geometry":{"type":"Point","coordinates":[126.633,35.7916]},"properties":{"ref":"KR-0767","name":"계화공원\tGyehwasan Neighborhood Provincial Park","grid":"PM35hs","locations":"KR-CB","activations":4,"attempts":4,"qsos":48}},{"type":"Feature","geometry":{"type":"Point","coordinates":[127.073,37.351]},"properties":{"ref":"KR-0768","name":"고기근린공원\tGogi Neighborhood Provincial Park","grid":"PM37mi","locations":"KR-KG","activations":0,"attempts":0,"qsos":0}},{"type":"Feature","geometry":{"type":"Point","coordinates":[126.702,37.3879]},"properties":{"ref":"KR-0769","name":"고잔공원\tGojan Neighborhood Provincial Park","grid":"PM37ij","locations":"KR-IN","activations":0,"attempts":0,"qsos":0}},{"type":"Feature","geometry":{"type":"Point","coordinates":[126.766,37.5994]},"properties":{"ref":"KR-0770","name":"고촌공원\tGochon Neighborhood Provincial Park","grid":"PM37jo","locations":"KR-KG","activations":0,"attempts":0,"qsos":0}},{"type":"Feature","geometry":{"type":"Point","coordinates":[128.607,34.8721]},"properties":{"ref":"KR-0771","name":"고현근린공원\tGohyeon Neighborhood Provincial Park","grid":"PM44hu","locations":"KR-KN","activations":1,"attempts":1,"qsos":10}},{"type":"Feature","geometry":{"type":"Point","coordinates":[126.983,35.3254]},"properties":{"ref":"KR-0772","name":"관어공원\tGwan-eo Neighborhood Provincial Park","grid":"PM35lh","locations":"KR-CN","activations":3,"attempts":3,"qsos":33}},{"type":"Feature","geometry":{"type":"Point","coordinates":[127.06,37.2939]},"properties":{"ref":"KR-0773","name":"광교중앙공원\tGeanggyo Central Neighborhood Provincial Park","grid":"PM37mh","locations":"KR-KG","activations":1,"attempts":1,"qsos":20}},{"type":"Feature","geometry":{"type":"Point","coordinates":[126.917,35.1849]},"properties":{"ref":"KR-0774","name":"광주문화근린공원\tGwangju Munhwa Neighborhood Provincial Park","grid":"PM35le","locations":"KR-KJ","activations":3,"attempts":4,"qsos":48}},{"type":"Feature","geometry":{"type":"Point","coordinates":[127.092,37.4865]},"properties":{"ref":"KR-0775","name":"광평근린공원\tGwangpyeong Neighborhood Provincial Park","grid":"PM37nl","locations":"KR-SO","activations":0,"attempts":0,"qsos":0}},{"type":"Feature","geometry":{"type":"Point","coordinates":[129.172,37.4491]},"properties":{"ref":"KR-0776","name":"교동공원\tGyodong Neighborhood Provincial Park","grid":"PM47ok","locations":"KR-KW","activations":0,"attempts":0,"qsos":0}},{"type":"Feature","geometry":{"type":"Point","coordinates":[129.263,35.3337]},"properties":{"ref":"KR-0777","name":"구기공원\tGugi Neighborhood Provincial Park","grid":"PM45pi","locations":"KR-PU","activations":0,"attempts":0,"qsos":0}},{"type":"Feature","geometry":{"type":"Point","coordinates":[126.863,37.3072]},"properties":{"ref":"KR-0778","name":"구룡공원\tGuryong Neighborhood Provincial Park","grid":"PM37kh","locations":"KR-KG","activations":1,"attempts":1,"qsos":14}},{"type":"Feature","geometry":{"type":"Point","coordinates":[127.152,37.3033]},"properties":{"ref":"KR-0779","name":"구성1자연공원\tGuseong No.1 Neighborhood Provincial Park","grid":"PM37nh","locations":"KR-KG","activations":1,"attempts":1,"qsos":40}},{"type":"Feature","geometry":{"type":"Point","coordinates":[126.92,37.5688]},"properties":{"ref":"KR-0780","name":"궁동근린공원\tGungdong Neighborhood Provincial Park","grid":"PM37ln","locations":"KR-SO","activations":0,"attempts":0,"qsos":0}},{"type":"Feature","geometry":{"type":"Point","coordinates":[126.841,37.5743]},"properties":{"ref":"KR-0781","name":"궁산근린공원 Gungsan Neighborhood Provincial Park Provincial Park","grid":"PM37kn","locations":"KR-SO","activations":2,"attempts":2,"qsos":72}},{"type":"Feature","geometry":{"type":"Point","coordinates":[127.493,36.0952]},"properties":{"ref":"KR-0782","name":"금산남산공원\tGeumsan Namsan Neighborhood Provincial Park","grid":"PM36rc","locations":"KR-HN","activations":1,"attempts":1,"qsos":10}},{"type":"Feature","geometry":{"type":"Point","coordinates":[127.263,36.5213]},"properties":{"ref":"KR-0783","name":"기쁨뜰근린공원\tGippeumtteul Neighborhood Provincial Park","grid":"PM36pm","locations":"KR-SJ","activations":1,"attempts":1,"qsos":23}},{"type":"Feature","geometry":{"type":"Point","coordinates":[128.688,35.2088]},"properties":{"ref":"KR-0784","name":"기업사랑공원\tGi-eopsarang Neighborhood Provincial Park","grid":"PM45if","locations":"KR-KN","activations":10,"attempts":10,"qsos":263}},{"type":"Feature","geometry":{"type":"Point","coordinates":[127.152,37.5445]},"properties":{"ref":"KR-0785","name":"길동공원\tGildong Neighborhood Provincial Park","grid":"PM37nn","locations":"KR-SO","activations":1,"attempts":1,"qsos":10}},{"type":"Feature","geometry":{"type":"Point","coordinates":[127.46,36.3577]},"properties":{"ref":"KR-0786","name":"길치문화공원\tGilchi Culture Neighborhood Provincial Park","grid":"PM36ri","locations":"KR-TJ","activations":1,"attempts":1,"qsos":11}},{"type":"Feature","geometry":{"type":"Point","coordinates":[126.967,37.4777]},"properties":{"ref":"KR-0787","name":"까치산근린공원\tKkachisan Neighborhood Provincial Park","grid":"PM37ll","locations":"KR-SO","activations":1,"attempts":1,"qsos":69}},{"type":"Feature","geometry":{"type":"Point","coordinates":[128.329,36.1399]},"properties":{"ref":"KR-0788","name":"꽃동산공원\tKkotdongsan Neighborhood Provincial Park","grid":"PM46dd","locations":"KR-KB","activations":1,"attempts":1,"qsos":14}},{"type":"Feature","geometry":{"type":"Point","coordinates":[127.056,35.8755]},"properties":{"ref":"KR-0789","name":"나들목가족공원\tNadeulmokgajok Neighborhood Provincial Park","grid":"PM35mv","locations":"KR-CB","activations":1,"attempts":1,"qsos":15}},{"type":"Feature","geometry":{"type":"Point","coordinates":[127.007,37.5819]},"properties":{"ref":"KR-0790","name":"낙산공원\tNaksan Neighborhood Provincial Park","grid":"PM37mn","locations":"KR-SO","activations":2,"attempts":2,"qsos":53}},{"type":"Feature","geometry":{"type":"Point","coordinates":[126.96,37.4712]},"properties":{"ref":"KR-0791","name":"낙성대공원\tNakseongdae Neighborhood Provincial Park","grid":"PM37ll","locations":"KR-SO","activations":1,"attempts":1,"qsos":38}},{"type":"Feature","geometry":{"type":"Point","coordinates":[127.108,37.3875]},"properties":{"ref":"KR-0792","name":"낙생대공원\tNaksaengdae Neighborhood Provincial Park","grid":"PM37nj","locations":"KR-KG","activations":1,"attempts":1,"qsos":10}},{"type":"Feature","geometry":{"type":"Point","coordinates":[126.995,36.7806]},"properties":{"ref":"KR-0793","name":"남산안보공원\tNamsan Anbo Neighborhood Provincial Park","grid":"PM36ls","locations":"KR-HN","activations":0,"attempts":0,"qsos":0}},{"type":"Feature","geometry":{"type":"Point","coordinates":[127.398,36.3462]},"properties":{"ref":"KR-0794","name":"남선공원\tNamseon Neighborhood Provincial Park","grid":"PM36qi","locations":"KR-TJ","activations":2,"attempts":2,"qsos":41}},{"type":"Feature","geometry":{"type":"Point","coordinates":[126.463,34.8073]},"properties":{"ref":"KR-0795","name":"남악중앙공원\tNamak Jungang Neighborhood Provincial Park","grid":"PM34ft","locations":"KR-CN","activations":0,"attempts":0,"qsos":0}},{"type":"Feature","geometry":{"type":"Point","coordinates":[126.629,37.4353]},"properties":{"ref":"KR-0796","name":"남항근린공원\tNamhang Neighborhood Provincial Park","grid":"PM37hk","locations":"KR-IN","activations":0,"attempts":0,"qsos":0}},{"type":"Feature","geometry":{"type":"Point","coordinates":[127.033,36.9753]},"properties":{"ref":"KR-0797","name":"내리문화공원\tNaeri Neighborhood Provincial Park","grid":"PM36mx","locations":"KR-KG","activations":6,"attempts":6,"qsos":102}},{"type":"Feature","geometry":{"type":"Point","coordinates":[126.59,35.9506]},"properties":{"ref":"KR-0798","name":"내초공원\tNaecho Neighborhood Provincial Park","grid":"PM35hw","locations":"KR-CB","activations":3,"attempts":3,"qsos":30}},{"type":"Feature","geometry":{"type":"Point","coordinates":[128.719,35.1549]},"properties":{"ref":"KR-0799","name":"냉천근린공원\tNaengcheon Neighborhood Provincial Park","grid":"PM45id","locations":"KR-KN","activations":1,"attempts":1,"qsos":62}},{"type":"Feature","geometry":{"type":"Point","coordinates":[126.943,37.5515]},"properties":{"ref":"KR-0800","name":"노고산공원\tNogosan Neighborhood Provincial Park","grid":"PM37ln","locations":"KR-SO","activations":0,"attempts":0,"qsos":0}},{"type":"Feature","geometry":{"type":"Point","coordinates":[126.954,37.5137]},"properties":{"ref":"KR-0801","name":"노들나루공원\tNodeulnaru Neighborhood Provincial Park","grid":"PM37lm","locations":"KR-SO","activations":1,"attempts":1,"qsos":10}},{"type":"Feature","geometry":{"type":"Point","coordinates":[126.878,37.5709]},"properties":{"ref":"KR-0802","name":"노을공원\tNoeul Neighborhood Provincial Park","grid":"PM37kn","locations":"KR-SO","activations":5,"attempts":5,"qsos":77}},{"type":"Feature","geometry":{"type":"Point","coordinates":[126.854,37.3202]},"properties":{"ref":"KR-0803","name":"노적봉공원\tNojeokbong Neighborhood Provincial Park","grid":"PM37kh","locations":"KR-KG","activations":2,"attempts":2,"qsos":35}},{"type":"Feature","geometry":{"type":"Point","coordinates":[126.708,37.408]},"properties":{"ref":"KR-0804","name":"논현포대근린공원\tNonhyeonpodae Neighborhood Provincial Park","grid":"PM37ij","locations":"KR-IN","activations":1,"attempts":1,"qsos":10}},{"type":"Feature","geometry":{"type":"Point","coordinates":[127.073,37.2323]},"properties":{"ref":"KR-0805","name":"농서근린공원\tNongseo Neighborhood Provincial Park","grid":"PM37mf","locations":"KR-KG","activations":4,"attempts":4,"qsos":53}},{"type":"Feature","geometry":{"type":"Point","coordinates":[126.721,37.3944]},"properties":{"ref":"KR-0806","name":"늘솔길공원\tNeulsolgil Neighborhood Provincial Park","grid":"PM37ij","locations":"KR-IN","activations":1,"attempts":1,"qsos":10}},{"type":"Feature","geometry":{"type":"Point","coordinates":[126.765,34.3134]},"properties":{"ref":"KR-0807","name":"다도해일출공원\tWando Tower Neighborhood Provincial Park","grid":"PM34jh","locations":"KR-CN","activations":1,"attempts":1,"qsos":10}},{"type":"Feature","geometry":{"type":"Point","coordinates":[127.959,37.3196]},"properties":{"ref":"KR-0808","name":"단관공원\tDan-Gwan Neighborhood Provincial Park","grid":"PM37xh","locations":"KR-KW","activations":0,"attempts":0,"qsos":0}},{"type":"Feature","geometry":{"type":"Point","coordinates":[127.954,37.3264]},"properties":{"ref":"KR-0809","name":"단구공원\tDan-gu Neighborhood Provincial Park","grid":"PM37xh","locations":"KR-KW","activations":0,"attempts":0,"qsos":0}},{"type":"Feature","geometry":{"type":"Point","coordinates":[127.159,37.4548]},"properties":{"ref":"KR-0810","name":"단대공원\tDandae Neighborhood Provincial Park","grid":"PM37nk","locations":"KR-KG","activations":2,"attempts":2,"qsos":26}},{"type":"Feature","geometry":{"type":"Point","coordinates":[127.167,37.4535]},"properties":{"ref":"KR-0811","name":"노루목공원\tNorumok Neighborhood Provincial Park","grid":"PM37ok","locations":"KR-KG","activations":3,"attempts":3,"qsos":37}},{"type":"Feature","geometry":{"type":"Point","coordinates":[127.019,37.5434]},"properties":{"ref":"KR-0812","name":"달맞이근린공원(서울)\tDalmaji Neighborhood Provincial Park","grid":"PM37mn","locations":"KR-SO","activations":2,"attempts":2,"qsos":28}},{"type":"Feature","geometry":{"type":"Point","coordinates":[129.18,35.1562]},"properties":{"ref":"KR-0813","name":"달맞이동산(부산)\tDalmaji Dongsan Neighborhood Provincial Park","grid":"PM45od","locations":"KR-PU","activations":0,"attempts":0,"qsos":0}},{"type":"Feature","geometry":{"type":"Point","coordinates":[128.576,35.8734]},"properties":{"ref":"KR-0814","name":"달성공원\tDalseong Neighborhood Provincial Park","grid":"PM45gu","locations":"KR-TG","activations":2,"attempts":2,"qsos":29}},{"type":"Feature","geometry":{"type":"Point","coordinates":[128.598,35.2832]},"properties":{"ref":"KR-0815","name":"달천계곡\tDalcheon Valley Neighborhood Provincial Park","grid":"PM45hg","locations":"KR-KN","activations":2,"attempts":2,"qsos":102}},{"type":"Feature","geometry":{"type":"Point","coordinates":[127.064,37.5733]},"properties":{"ref":"KR-0816","name":"답십리근린공원\tDapsimni Neighborhood Provincial Park","grid":"PM37mn","locations":"KR-SO","activations":0,"attempts":0,"qsos":0}},{"type":"Feature","geometry":{"type":"Point","coordinates":[128.614,35.9025]},"properties":{"ref":"KR-0817","name":"대불공원\tDaebul Neighborhood Provincial Park","grid":"PM45hv","locations":"KR-TG","activations":5,"attempts":5,"qsos":87}},{"type":"Feature","geometry":{"type":"Point","coordinates":[128.657,35.2321]},"properties":{"ref":"KR-0818","name":"대상공원\tDaesang Neighborhood Provincial Park","grid":"PM45hf","locations":"KR-KN","activations":0,"attempts":0,"qsos":0}},{"type":"Feature","geometry":{"type":"Point","coordinates":[128.36,36.9839]},"properties":{"ref":"KR-0819","name":"대성산근린공원\tDaeseongsan Neighborhood Provincial Park","grid":"PM46ex","locations":"KR-HB","activations":0,"attempts":0,"qsos":0}},{"type":"Feature","geometry":{"type":"Point","coordinates":[127.152,37.4389]},"properties":{"ref":"KR-0820","name":"대원공원\tDaewon Neighborhood Provincial Park","grid":"PM37nk","locations":"KR-KG","activations":0,"attempts":0,"qsos":0}},{"type":"Feature","geometry":{"type":"Point","coordinates":[129.022,35.1834]},"properties":{"ref":"KR-0821","name":"백양산\tBaegyangsan Mountain Provincial Park","grid":"PM45me","locations":"KR-PU","activations":0,"attempts":0,"qsos":0}},{"type":"Feature","geometry":{"type":"Point","coordinates":[129.083,35.1586]},"properties":{"ref":"KR-0822","name":"황령산\tHwangnyeongsan Mountain Provincial Park","grid":"PM45md","locations":"KR-PU","activations":1,"attempts":1,"qsos":10}},{"type":"Feature","geometry":{"type":"Point","coordinates":[129.096,35.1617]},"properties":{"ref":"KR-0823","name":"금련산공원\tKumnyon-san Mountain Provincial Park","grid":"PM45nd","locations":"KR-PU","activations":0,"attempts":0,"qsos":0}},{"type":"Feature","geometry":{"type":"Point","coordinates":[127.119,37.3304]},"properties":{"ref":"KR-0824","name":"대지산공원\tDaejisan Neighborhood Provincial Park","grid":"PM37nh","locations":"KR-KG","activations":0,"attempts":0,"qsos":0}},{"type":"Feature","geometry":{"type":"Point","coordinates":[126.685,37.4218]},"properties":{"ref":"KR-0825","name":"대학공원\tDaehak Neighborhood Provincial Park","grid":"PM37ik","locations":"KR-IN","activations":0,"attempts":0,"qsos":0}},{"type":"Feature","geometry":{"type":"Point","coordinates":[129.014,35.2151]},"properties":{"ref":"KR-0826","name":"덕천근린공원\tDeokcheon Neighborhood Provincial Park","grid":"PM45mf","locations":"KR-PU","activations":2,"attempts":2,"qsos":55}},{"type":"Feature","geometry":{"type":"Point","coordinates":[127.346,36.3337]},"properties":{"ref":"KR-0827","name":"덜레기근린공원\tDeollegi Neighborhood Provincial Park","grid":"PM36qi","locations":"KR-TJ","activations":0,"attempts":0,"qsos":0}},{"type":"Feature","geometry":{"type":"Point","coordinates":[127.044,37.4895]},"properties":{"ref":"KR-0828","name":"도곡근린공원\tDogok Neighborhood Provincial Park","grid":"PM37ml","locations":"KR-SO","activations":1,"attempts":1,"qsos":36}},{"type":"Feature","geometry":{"type":"Point","coordinates":[126.988,37.4796]},"properties":{"ref":"KR-0829","name":"도구머리공원\tDogumeori Neighborhood Provincial Park","grid":"PM37ll","locations":"KR-SO","activations":0,"attempts":0,"qsos":0}},{"type":"Feature","geometry":{"type":"Point","coordinates":[126.793,37.517]},"properties":{"ref":"KR-0830","name":"도당근린공원\tDodang Neighborhood Provincial Park","grid":"PM37jm","locations":"KR-KG","activations":1,"attempts":1,"qsos":35}},{"type":"Feature","geometry":{"type":"Point","coordinates":[130.9,37.4816]},"properties":{"ref":"KR-0831","name":"도동근린공원\tDodong Neighborhood Provincial Park","grid":"PM57kl","locations":"KR-KB","activations":0,"attempts":0,"qsos":0}},{"type":"Feature","geometry":{"type":"Point","coordinates":[126.469,33.5086]},"properties":{"ref":"KR-0832","name":"도두봉공원\tDodubong Neighborhood Provincial Park","grid":"PM33fm","locations":"KR-CJ","activations":1,"attempts":1,"qsos":45}},{"type":"Feature","geometry":{"type":"Point","coordinates":[127.341,36.3188]},"properties":{"ref":"KR-0833","name":"도안공원\tDoan Neighborhood Provincial Park","grid":"PM36qh","locations":"KR-TJ","activations":0,"attempts":0,"qsos":0}},{"type":"Feature","geometry":{"type":"Point","coordinates":[127.076,37.8242]},"properties":{"ref":"KR-0834","name":"독바위공원\tDokbawi Neighborhood Provincial Park","grid":"PM37mt","locations":"KR-KG","activations":5,"attempts":5,"qsos":78}},{"type":"Feature","geometry":{"type":"Point","coordinates":[128.462,35.7377]},"properties":{"ref":"KR-0835","name":"돌구산공원\tDolgusan Neighborhood Provincial Park","grid":"PM45fr","locations":"KR-TG","activations":2,"attempts":2,"qsos":25}},{"type":"Feature","geometry":{"type":"Point","coordinates":[127.74,34.7304]},"properties":{"ref":"KR-0836","name":"돌산공원\tDolsan Neighborhood Provincial Park","grid":"PM34ur","locations":"KR-CN","activations":1,"attempts":2,"qsos":19}},{"type":"Feature","geometry":{"type":"Point","coordinates":[128.402,36.0995]},"properties":{"ref":"KR-0837","name":"동락공원\tDongrak Neighborhood Provincial Park","grid":"PM46ec","locations":"KR-KB","activations":1,"attempts":1,"qsos":11}},{"type":"Feature","geometry":{"type":"Point","coordinates":[127.164,37.5611]},"properties":{"ref":"KR-0838","name":"동명공원\tDongmyeong Neighborhood Provincial Park","grid":"PM37nn","locations":"KR-SO","activations":1,"attempts":1,"qsos":10}},{"type":"Feature","geometry":{"type":"Point","coordinates":[126.468,36.7801]},"properties":{"ref":"KR-0839","name":"동문근린공원\tDongmun Neighborhood Provincial Park","grid":"PM36fs","locations":"KR-HN","activations":0,"attempts":0,"qsos":0}},{"type":"Feature","geometry":{"type":"Point","coordinates":[127.087,37.1983]},"properties":{"ref":"KR-0840","name":"동탄여울공원\tDongtanyeoul Neighborhood Provincial Park","grid":"PM37ne","locations":"KR-KG","activations":3,"attempts":3,"qsos":48}},{"type":"Feature","geometry":{"type":"Point","coordinates":[127.536,36.906]},"properties":{"ref":"KR-0841","name":"두레봉공원\tDuraebong Neighborhood Provincial Park","grid":"PM36sv","locations":"KR-HB","activations":0,"attempts":0,"qsos":0}},{"type":"Feature","geometry":{"type":"Point","coordinates":[127.321,36.3815]},"properties":{"ref":"KR-0842","name":"두루봉공원\tDurubong Neighborhood Provincial Park","grid":"PM36pj","locations":"KR-TJ","activations":1,"attempts":1,"qsos":25}},{"type":"Feature","geometry":{"type":"Point","coordinates":[128.557,35.8525]},"properties":{"ref":"KR-0843","name":"두류공원\tDuryu Neighborhood Provincial Park","grid":"PM45gu","locations":"KR-TG","activations":1,"attempts":1,"qsos":22}},{"type":"Feature","geometry":{"type":"Point","coordinates":[126.183,35.0796]},"properties":{"ref":"KR-0844","name":"두류산공원\tDuryusan Neighborhood Provincial Park","grid":"PM35cb","locations":"KR-CN","activations":0,"attempts":0,"qsos":0}},{"type":"Feature","geometry":{"type":"Point","coordinates":[127.128,35.9609]},"properties":{"ref":"KR-0845","name":"둔산공원\tDunsan Neighborhood Provincial Park","grid":"PM35nx","locations":"KR-CB","activations":1,"attempts":1,"qsos":10}},{"type":"Feature","geometry":{"type":"Point","coordinates":[127.059,36.9195]},"properties":{"ref":"KR-0846","name":"둔포중앙공원\tDunpo Central Neighborhood Provincial Park","grid":"PM36mw","locations":"KR-HN","activations":0,"attempts":0,"qsos":0}},{"type":"Feature","geometry":{"type":"Point","coordinates":[126.967,35.9412]},"properties":{"ref":"KR-0847","name":"마동공원\tMadong Neighborhood Provincial Park","grid":"PM35lw","locations":"KR-CB","activations":1,"attempts":1,"qsos":10}},{"type":"Feature","geometry":{"type":"Point","coordinates":[127.08,37.4969]},"properties":{"ref":"KR-0848","name":"마루공원\tMaru Neighborhood Provincial Park","grid":"PM37ml","locations":"KR-SO","activations":1,"attempts":1,"qsos":11}},{"type":"Feature","geometry":{"type":"Point","coordinates":[126.833,37.6601]},"properties":{"ref":"KR-0849","name":"마상근린공원\tMasang Neighborhood Provincial Park","grid":"PM37jp","locations":"KR-KG","activations":2,"attempts":2,"qsos":24}},{"type":"Feature","geometry":{"type":"Point","coordinates":[127.114,37.2862]},"properties":{"ref":"KR-0850","name":"만골근린공원\tMan-gol Neighborhood Provincial Park","grid":"PM37ng","locations":"KR-KG","activations":0,"attempts":0,"qsos":0}},{"type":"Feature","geometry":{"type":"Point","coordinates":[126.788,35.7729]},"properties":{"ref":"KR-0851","name":"김제전파과학체험관\tGimje Radio Science Experience Center Recreation Park","grid":"PM35js","locations":"KR-CB","activations":2,"attempts":2,"qsos":26}},{"type":"Feature","geometry":{"type":"Point","coordinates":[127.793,36.161]},"properties":{"ref":"KR-0852","name":"과일나라테마공원\tFruit Land Theme Provincial Recreation Park","grid":"PM36vd","locations":"KR-HB","activations":0,"attempts":0,"qsos":0}},{"type":"Feature","geometry":{"type":"Point","coordinates":[127.882,36.2124]},"properties":{"ref":"KR-0853","name":"노근리평화공원\tNogunri Peace Memorial Provincial Park","grid":"PM36wf","locations":"KR-HB","activations":1,"attempts":1,"qsos":16}},{"type":"Feature","geometry":{"type":"Point","coordinates":[127.827,36.0537]},"properties":{"ref":"KR-0854","name":"민주지산자연휴양림\tMinjujisan Natural Recreation Forest Provincial Park","grid":"PM36vb","locations":"KR-HB","activations":0,"attempts":0,"qsos":0}},{"type":"Feature","geometry":{"type":"Point","coordinates":[127.786,36.168]},"properties":{"ref":"KR-0855","name":"용두공원\tYongdu Neighborhood Provincial Park","grid":"PM36ve","locations":"KR-HB","activations":0,"attempts":0,"qsos":0}},{"type":"Feature","geometry":{"type":"Point","coordinates":[127.915,36.2287]},"properties":{"ref":"KR-0856","name":"황간남성근린공원\tNamseong Neighborhood Provincial Park","grid":"PM36wf","locations":"KR-HB","activations":0,"attempts":0,"qsos":0}},{"type":"Feature","geometry":{"type":"Point","coordinates":[128.549,35.1847]},"properties":{"ref":"KR-0857","name":"만날공원\tMannal Neighborhood Provincial Park","grid":"PM45ge","locations":"KR-KN","activations":2,"attempts":2,"qsos":35}},{"type":"Feature","geometry":{"type":"Point","coordinates":[127.03,37.4809]},"properties":{"ref":"KR-0858","name":"말죽거리공원\tMaljukgeori Neighborhood Provincial Park","grid":"PM37ml","locations":"KR-SO","activations":1,"attempts":1,"qsos":50}},{"type":"Feature","geometry":{"type":"Point","coordinates":[127.064,37.1384]},"properties":{"ref":"KR-0859","name":"맑음터공원\tmalgeumteo Neighborhood Provincial Park","grid":"PM37md","locations":"KR-KG","activations":0,"attempts":0,"qsos":0}},{"type":"Feature","geometry":{"type":"Point","coordinates":[127.106,37.3467]},"properties":{"ref":"KR-0860","name":"머내과학기술공원\tMoenae Science Neighborhood Provincial Park","grid":"PM37ni","locations":"KR-KG","activations":0,"attempts":0,"qsos":0}},{"type":"Feature","geometry":{"type":"Point","coordinates":[127.462,36.6554]},"properties":{"ref":"KR-0861","name":"명심공원\tMyeongsim Neighborhood Provincial Park","grid":"PM36rp","locations":"KR-HB","activations":0,"attempts":0,"qsos":0}},{"type":"Feature","geometry":{"type":"Point","coordinates":[127.163,37.5513]},"properties":{"ref":"KR-0862","name":"명일공원\tMyeong-il Neighborhood Provincial Park","grid":"PM37nn","locations":"KR-SO","activations":0,"attempts":0,"qsos":0}},{"type":"Feature","geometry":{"type":"Point","coordinates":[129.11,35.2124]},"properties":{"ref":"KR-0863","name":"명장공원\tMyeongjang Neighborhood Provincial Park","grid":"PM45nf","locations":"KR-PU","activations":0,"attempts":0,"qsos":0}},{"type":"Feature","geometry":{"type":"Point","coordinates":[128.186,36.5891]},"properties":{"ref":"KR-0864","name":"모전공원\tMojeon Neighborhood Provincial Park","grid":"PM46co","locations":"KR-KB","activations":0,"attempts":0,"qsos":0}},{"type":"Feature","geometry":{"type":"Point","coordinates":[126.674,36.6613]},"properties":{"ref":"KR-0865","name":"목리천공원\tMongnicheon Neighborhood Provincial Park","grid":"PM36ip","locations":"KR-HN","activations":0,"attempts":0,"qsos":0}},{"type":"Feature","geometry":{"type":"Point","coordinates":[127.872,37.6823]},"properties":{"ref":"KR-0866","name":"무궁화공원\tMugunghwa Neighborhood Provincial Park","grid":"PM37wq","locations":"KR-KW","activations":1,"attempts":1,"qsos":15}},{"type":"Feature","geometry":{"type":"Point","coordinates":[126.95,36.1196]},"properties":{"ref":"KR-0867","name":"무학공원\tMuhak Neighborhood Provincial Park","grid":"PM36lc","locations":"KR-CB","activations":1,"attempts":1,"qsos":13}},{"type":"Feature","geometry":{"type":"Point","coordinates":[126.678,37.4266]},"properties":{"ref":"KR-0868","name":"문학장미공원\tJangmi Neighborhood Provincial Park","grid":"PM37ik","locations":"KR-IN","activations":0,"attempts":0,"qsos":0}},{"type":"Feature","geometry":{"type":"Point","coordinates":[127.053,37.1743]},"properties":{"ref":"KR-0869","name":"문헌근린공원\tMunheon Neighborhood Provincial Park","grid":"PM37me","locations":"KR-KG","activations":0,"attempts":0,"qsos":0}},{"type":"Feature","geometry":{"type":"Point","coordinates":[127.423,36.714]},"properties":{"ref":"KR-0870","name":"문화휴식공원\tMunhwahyusik Neighborhood Provincial Park","grid":"PM36rr","locations":"KR-HB","activations":0,"attempts":0,"qsos":0}},{"type":"Feature","geometry":{"type":"Point","coordinates":[126.643,37.5384]},"properties":{"ref":"KR-0871","name":"물병자리공원\tMulbyeongjari Neighborhood Provincial Park","grid":"PM37hm","locations":"KR-IN","activations":2,"attempts":2,"qsos":37}},{"type":"Feature","geometry":{"type":"Point","coordinates":[127.181,37.5768]},"properties":{"ref":"KR-0872","name":"미사한강공원2호\tMisa Hangang No.2 Neighborhood Prefectural Park","grid":"PM37on","locations":"KR-KG","activations":6,"attempts":6,"qsos":74}},{"type":"Feature","geometry":{"type":"Point","coordinates":[127.192,37.5787]},"properties":{"ref":"KR-0873","name":"미사한강공원5호\tMisa Hangang No.5 Neighborhood Provincial Park","grid":"PM37on","locations":"KR-KG","activations":4,"attempts":5,"qsos":68}},{"type":"Feature","geometry":{"type":"Point","coordinates":[126.649,37.3824]},"properties":{"ref":"KR-0874","name":"미추홀공원\tMichuhol Neighborhood Provincial Park","grid":"PM37hj","locations":"KR-IN","activations":0,"attempts":0,"qsos":0}},{"type":"Feature","geometry":{"type":"Point","coordinates":[127.706,34.7662]},"properties":{"ref":"KR-0875","name":"미평공원\tMipyeong Neighborhood Provincial Park","grid":"PM34us","locations":"KR-CN","activations":1,"attempts":1,"qsos":11}},{"type":"Feature","geometry":{"type":"Point","coordinates":[128.13,35.1716]},"properties":{"ref":"KR-0876","name":"바람모아공원\tBarammoa Neighborhood Provincial Park","grid":"PM45be","locations":"KR-KN","activations":1,"attempts":1,"qsos":30}},{"type":"Feature","geometry":{"type":"Point","coordinates":[128.674,35.2403]},"properties":{"ref":"KR-0877","name":"반송공원(창원)\tBansong Neighborhood(Changwon) Provincial Park","grid":"PM45if","locations":"KR-KN","activations":1,"attempts":1,"qsos":10}},{"type":"Feature","geometry":{"type":"Point","coordinates":[129.159,35.2202]},"properties":{"ref":"KR-0878","name":"반송근린공원(부산)\tBansong Neighborhood(Busan) Provincial Park","grid":"PM45nf","locations":"KR-PU","activations":0,"attempts":0,"qsos":0}},{"type":"Feature","geometry":{"type":"Point","coordinates":[126.995,37.4742]},"properties":{"ref":"KR-0879","name":"방배근린공원\tBangbae Neighborhood Provincial Park","grid":"PM37ll","locations":"KR-SO","activations":1,"attempts":1,"qsos":32}},{"type":"Feature","geometry":{"type":"Point","coordinates":[126.814,37.5809]},"properties":{"ref":"KR-0880","name":"방화근린공원\tBanghwa Neighborhood Provincial Park","grid":"PM37jn","locations":"KR-SO","activations":1,"attempts":1,"qsos":19}},{"type":"Feature","geometry":{"type":"Point","coordinates":[126.721,37.3714]},"properties":{"ref":"KR-0881","name":"배곧생명공원\tBaegot Saengmyeong Neighborhood Provincial Park","grid":"PM37ii","locations":"KR-KG","activations":1,"attempts":1,"qsos":12}},{"type":"Feature","geometry":{"type":"Point","coordinates":[127.068,37.5812]},"properties":{"ref":"KR-0882","name":"배봉산근린공원\tBaebongsan Neighborhood Provincial Park","grid":"PM37mn","locations":"KR-SO","activations":0,"attempts":0,"qsos":0}},{"type":"Feature","geometry":{"type":"Point","coordinates":[126.803,37.3198]},"properties":{"ref":"KR-0883","name":"백운공원\tBaegun Neighborhood Provincial Park","grid":"PM37jh","locations":"KR-KG","activations":2,"attempts":2,"qsos":23}},{"type":"Feature","geometry":{"type":"Point","coordinates":[126.833,36.9844]},"properties":{"ref":"KR-0884","name":"번제근린공원\tBeongjae Neighborhood Provincial Park","grid":"PM36jx","locations":"KR-KG","activations":1,"attempts":1,"qsos":10}},{"type":"Feature","geometry":{"type":"Point","coordinates":[127.177,37.5599]},"properties":{"ref":"KR-0885","name":"벌말근린공원\tBeolmal Neighborhood Provincial Park","grid":"PM37on","locations":"KR-SO","activations":0,"attempts":0,"qsos":0}},{"type":"Feature","geometry":{"type":"Point","coordinates":[128.634,35.8506]},"properties":{"ref":"KR-0886","name":"범어공원\tBeomeo Neighborhood Provincial Park","grid":"PM45hu","locations":"KR-TG","activations":3,"attempts":3,"qsos":44}},{"type":"Feature","geometry":{"type":"Point","coordinates":[126.92,37.4932]},"properties":{"ref":"KR-0887","name":"보라매공원\tBoramae Neighborhood Provincial Park","grid":"PM37ll","locations":"KR-SO","activations":5,"attempts":8,"qsos":90}},{"type":"Feature","geometry":{"type":"Point","coordinates":[127.38,36.3064]},"properties":{"ref":"KR-0888","name":"복수근린공원\tBoksu Neighborhood Provincial Park","grid":"PM36qh","locations":"KR-TJ","activations":1,"attempts":1,"qsos":11}},{"type":"Feature","geometry":{"type":"Point","coordinates":[126.869,37.301]},"properties":{"ref":"KR-0889","name":"본오공원\tBono Neighborhood Provincial Park","grid":"PM37kh","locations":"KR-KG","activations":1,"attempts":1,"qsos":10}},{"type":"Feature","geometry":{"type":"Point","coordinates":[126.845,35.203]},"properties":{"ref":"KR-0890","name":"봉산근린공원(광주)\tGwangju Bongsan Neighborhood Provincial Park","grid":"PM35ke","locations":"KR-KJ","activations":0,"attempts":0,"qsos":0}},{"type":"Feature","geometry":{"type":"Point","coordinates":[128.321,36.1393]},"properties":{"ref":"KR-0891","name":"봉수대공원\tBongsudae Neighborhood Provincial Park","grid":"PM46dd","locations":"KR-KB","activations":1,"attempts":1,"qsos":17}},{"type":"Feature","geometry":{"type":"Point","coordinates":[126.855,37.5419]},"properties":{"ref":"KR-0892","name":"봉제산공원\tBongjesan Neighborhood Provincial Park","grid":"PM37kn","locations":"KR-SO","activations":0,"attempts":0,"qsos":0}},{"type":"Feature","geometry":{"type":"Point","coordinates":[127.084,37.6086]},"properties":{"ref":"KR-0893","name":"봉화산근린공원\tBonghwasan Neighborhood Provincial Park","grid":"PM37no","locations":"KR-SO","activations":0,"attempts":0,"qsos":0}},{"type":"Feature","geometry":{"type":"Point","coordinates":[128.877,35.2304]},"properties":{"ref":"KR-0894","name":"봉황대공원\tBonghwangdae Neighborhood Provincial Park","grid":"PM45kf","locations":"KR-KN","activations":1,"attempts":1,"qsos":34}},{"type":"Feature","geometry":{"type":"Point","coordinates":[127.068,37.0651]},"properties":{"ref":"KR-0895","name":"부락산분수공원\tBuraksan Neighborhood Provincial Park","grid":"PM37mb","locations":"KR-KG","activations":0,"attempts":0,"qsos":0}},{"type":"Feature","geometry":{"type":"Point","coordinates":[129.056,35.1655]},"properties":{"ref":"KR-0896","name":"부산시민공원\tBusan Citizens Neighborhood Provincial Park","grid":"PM45md","locations":"KR-PU","activations":1,"attempts":1,"qsos":47}},{"type":"Feature","geometry":{"type":"Point","coordinates":[126.43,34.8129]},"properties":{"ref":"KR-0897","name":"부주산공원\tBujusan Neighborhood Provincial Park","grid":"PM34ft","locations":"KR-CN","activations":1,"attempts":1,"qsos":12}},{"type":"Feature","geometry":{"type":"Point","coordinates":[126.764,37.5006]},"properties":{"ref":"KR-0898","name":"부천중앙공원\tBucheon Jungang Neighborhood Provincial Park","grid":"PM37jm","locations":"KR-KG","activations":1,"attempts":1,"qsos":33}},{"type":"Feature","geometry":{"type":"Point","coordinates":[126.715,37.4896]},"properties":{"ref":"KR-0899","name":"부평공원\tBupyeong Neighborhood Provincial Park","grid":"PM37il","locations":"KR-IN","activations":1,"attempts":2,"qsos":65}},{"type":"Feature","geometry":{"type":"Point","coordinates":[126.766,34.6435]},"properties":{"ref":"KR-0900","name":"북산공원\tBuksan Mountain Neighborhood Provincial Park","grid":"PM34jp","locations":"KR-CN","activations":1,"attempts":1,"qsos":10}},{"type":"Feature","geometry":{"type":"Point","coordinates":[127.121,37.3803]},"properties":{"ref":"KR-0901","name":"분당중앙공원\tBundang Central Neighborhood Provincial Park","grid":"PM37nj","locations":"KR-KG","activations":3,"attempts":3,"qsos":36}},{"type":"Feature","geometry":{"type":"Point","coordinates":[129.233,35.3771]},"properties":{"ref":"KR-0902","name":"불광산근린공원\tBulgwangsan Neighborhood Provincial Park","grid":"PM45oj","locations":"KR-PU","activations":0,"attempts":0,"qsos":0}},{"type":"Feature","geometry":{"type":"Point","coordinates":[128.509,35.8607]},"properties":{"ref":"KR-0903","name":"불미골공원\tBulmigol Neighborhood Provincial Park","grid":"PM45gu","locations":"KR-TG","activations":1,"attempts":1,"qsos":16}},{"type":"Feature","geometry":{"type":"Point","coordinates":[126.795,35.014]},"properties":{"ref":"KR-0904","name":"빛가람호수공원\tBitgaram Waterside Neighborhood Provincial Park","grid":"PM35ja","locations":"KR-CN","activations":0,"attempts":0,"qsos":0}},{"type":"Feature","geometry":{"type":"Point","coordinates":[127.388,36.2854]},"properties":{"ref":"KR-0905","name":"뿌리공원\tPpuri Neighborhood Provincial Park","grid":"PM36qg","locations":"KR-TJ","activations":1,"attempts":1,"qsos":11}},{"type":"Feature","geometry":{"type":"Point","coordinates":[128.993,35.1594]},"properties":{"ref":"KR-0906","name":"사상근린공원\tSasang Neighborhood Provincial Park","grid":"PM45ld","locations":"KR-PU","activations":1,"attempts":1,"qsos":12}},{"type":"Feature","geometry":{"type":"Point","coordinates":[127.055,37.2832]},"properties":{"ref":"KR-0907","name":"사색공원\tSasaek  Neighborhood Provincial Park","grid":"PM37mg","locations":"KR-KG","activations":1,"attempts":1,"qsos":17}},{"type":"Feature","geometry":{"type":"Point","coordinates":[127.277,35.6721]},"properties":{"ref":"KR-0908","name":"사선대공원\tSaseondae Tourist Site Neighborhood Provincial Park","grid":"PM35pq","locations":"KR-CB","activations":6,"attempts":6,"qsos":86}},{"type":"Feature","geometry":{"type":"Point","coordinates":[128.63,35.2459]},"properties":{"ref":"KR-0909","name":"사화공원\tSahwa Neighborhood Provincial Park","grid":"PM45hf","locations":"KR-KN","activations":2,"attempts":2,"qsos":56}},{"type":"Feature","geometry":{"type":"Point","coordinates":[128.582,35.2138]},"properties":{"ref":"KR-0910","name":"산호공원\tSanho Neighborhood Provincial Park","grid":"PM45gf","locations":"KR-KN","activations":1,"attempts":1,"qsos":65}},{"type":"Feature","geometry":{"type":"Point","coordinates":[126.976,37.4854]},"properties":{"ref":"KR-0911","name":"삼일공원\tSamil Neighborhood Provincial Park","grid":"PM37ll","locations":"KR-SO","activations":0,"attempts":0,"qsos":0}},{"type":"Feature","geometry":{"type":"Point","coordinates":[126.983,37.5877]},"properties":{"ref":"KR-0912","name":"삼청공원\tSamcheong Neighborhood Provincial Park","grid":"PM37lo","locations":"KR-SO","activations":0,"attempts":0,"qsos":0}},{"type":"Feature","geometry":{"type":"Point","coordinates":[126.392,34.7843]},"properties":{"ref":"KR-0913","name":"삼학도공원\tSamhakdo Park Neighborhood Provincial Park","grid":"PM34es","locations":"KR-CN","activations":1,"attempts":1,"qsos":13}},{"type":"Feature","geometry":{"type":"Point","coordinates":[126.857,36.6788]},"properties":{"ref":"KR-0914","name":"삽티공원\tSapti Neighborhood Provincial Park","grid":"PM36kq","locations":"KR-HN","activations":0,"attempts":0,"qsos":0}},{"type":"Feature","geometry":{"type":"Point","coordinates":[127.113,37.2677]},"properties":{"ref":"KR-0915","name":"상갈공원\tSanggal Neighborhood Provincial Park","grid":"PM37ng","locations":"KR-KG","activations":0,"attempts":0,"qsos":0}},{"type":"Feature","geometry":{"type":"Point","coordinates":[126.938,37.4932]},"properties":{"ref":"KR-0916","name":"상도근린공원\tSangdo Neighborhood Provincial Park","grid":"PM37ll","locations":"KR-SO","activations":3,"attempts":3,"qsos":149}},{"type":"Feature","geometry":{"type":"Point","coordinates":[128.531,35.8621]},"properties":{"ref":"KR-0917","name":"상리공원\tSangri Neighborhood Provincial Park","grid":"PM45gu","locations":"KR-TG","activations":1,"attempts":1,"qsos":11}},{"type":"Feature","geometry":{"type":"Point","coordinates":[126.842,35.1542]},"properties":{"ref":"KR-0918","name":"상무시민공원\tSangmu Citizen's Neighborhood Provincial Park","grid":"PM35kd","locations":"KR-KJ","activations":1,"attempts":2,"qsos":50}},{"type":"Feature","geometry":{"type":"Point","coordinates":[126.883,37.5787]},"properties":{"ref":"KR-0919","name":"상암공원\tSang-am Neighborhood Provincial Park","grid":"PM37kn","locations":"KR-SO","activations":1,"attempts":1,"qsos":10}},{"type":"Feature","geometry":{"type":"Point","coordinates":[128.155,36.4052]},"properties":{"ref":"KR-0920","name":"상주남산공원\tSangju Namsan Neighborhood Provincial Park","grid":"PM46bj","locations":"KR-KB","activations":2,"attempts":3,"qsos":30}},{"type":"Feature","geometry":{"type":"Point","coordinates":[126.709,35.9622]},"properties":{"ref":"KR-0921","name":"새들공원\tSaedeul Neighborhood Provincial Park","grid":"PM35ix","locations":"KR-CB","activations":2,"attempts":2,"qsos":25}},{"type":"Feature","geometry":{"type":"Point","coordinates":[126.539,35.9439]},"properties":{"ref":"KR-0922","name":"새만금비응공원\tSaemangeum Bieung Neighborhood Provincial Park","grid":"PM35gw","locations":"KR-CB","activations":3,"attempts":3,"qsos":48}},{"type":"Feature","geometry":{"type":"Point","coordinates":[127.495,36.6628]},"properties":{"ref":"KR-0923","name":"새적굴공원\tSaejeokgul Neighborhood Provincial Park","grid":"PM36rp","locations":"KR-HB","activations":0,"attempts":0,"qsos":0}},{"type":"Feature","geometry":{"type":"Point","coordinates":[127.384,36.356]},"properties":{"ref":"KR-0924","name":"샘머리물순환테마공원\tSaemmeori Neighborhood Provincial Park","grid":"PM36qi","locations":"KR-TJ","activations":3,"attempts":3,"qsos":68}},{"type":"Feature","geometry":{"type":"Point","coordinates":[127.159,37.5619]},"properties":{"ref":"KR-0925","name":"샘터근린공원\tSaemteo Neighborhood Provincial Park","grid":"PM37nn","locations":"KR-SO","activations":0,"attempts":0,"qsos":0}},{"type":"Feature","geometry":{"type":"Point","coordinates":[126.807,37.3377]},"properties":{"ref":"KR-0926","name":"샛터공원\tSatteo Neighborhood Provincial Park","grid":"PM37ji","locations":"KR-KG","activations":1,"attempts":1,"qsos":12}},{"type":"Feature","geometry":{"type":"Point","coordinates":[127.064,37.9026]},"properties":{"ref":"KR-0927","name":"생연공원\tSaengyeon Neighborhood Provincial Park","grid":"PM37mv","locations":"KR-KG","activations":1,"attempts":1,"qsos":10}},{"type":"Feature","geometry":{"type":"Point","coordinates":[126.681,37.5471]},"properties":{"ref":"KR-0928","name":"서곶근린공원\tSeogot Neighborhood Provincial Park","grid":"PM37in","locations":"KR-IN","activations":0,"attempts":0,"qsos":0}},{"type":"Feature","geometry":{"type":"Point","coordinates":[127,37.4847]},"properties":{"ref":"KR-0929","name":"서리풀공원\tSeoripul Neighborhood Provincial Park","grid":"PM37ml","locations":"KR-SO","activations":1,"attempts":1,"qsos":35}},{"type":"Feature","geometry":{"type":"Point","coordinates":[127.129,37.3902]},"properties":{"ref":"KR-0930","name":"서현공원\tSeohyeon Neighborhood Provincial Park","grid":"PM37nj","locations":"KR-KG","activations":1,"attempts":1,"qsos":14}},{"type":"Feature","geometry":{"type":"Point","coordinates":[127.753,37.8647]},"properties":{"ref":"KR-0931","name":"석사공원\tSeoksa Neighborhood Provincial Park","grid":"PM37vu","locations":"KR-KW","activations":1,"attempts":1,"qsos":21}},{"type":"Feature","geometry":{"type":"Point","coordinates":[127.087,37.8229]},"properties":{"ref":"KR-0932","name":"선돌공원\tSundol Neighborhood Provincial Park","grid":"PM37nt","locations":"KR-KG","activations":2,"attempts":2,"qsos":24}},{"type":"Feature","geometry":{"type":"Point","coordinates":[127.428,37.2795]},"properties":{"ref":"KR-0933","name":"설봉공원\tSulbong Neighborhood Provincial Park","grid":"PM37rg","locations":"KR-KG","activations":1,"attempts":1,"qsos":12}},{"type":"Feature","geometry":{"type":"Point","coordinates":[127.369,36.3724]},"properties":{"ref":"KR-0934","name":"성두산공원\tSeongdusan Neighborhood Provincial Park","grid":"PM36qi","locations":"KR-TJ","activations":0,"attempts":0,"qsos":0}},{"type":"Feature","geometry":{"type":"Point","coordinates":[126.846,37.6492]},"properties":{"ref":"KR-0935","name":"성라근린공원\tSeongra Neighborhood Provincial Park","grid":"PM37kp","locations":"KR-KG","activations":0,"attempts":0,"qsos":0}},{"type":"Feature","geometry":{"type":"Point","coordinates":[127.024,37.6005]},"properties":{"ref":"KR-0936","name":"성북근린공원\tSeongbuk Neighborhood Provincial Park","grid":"PM37mo","locations":"KR-SO","activations":0,"attempts":0,"qsos":0}},{"type":"Feature","geometry":{"type":"Point","coordinates":[126.91,37.5622]},"properties":{"ref":"KR-0937","name":"성산공원(서울)\tSeoul Seongsan Neighborhood Provincial Park","grid":"PM37kn","locations":"KR-SO","activations":0,"attempts":0,"qsos":0}},{"type":"Feature","geometry":{"type":"Point","coordinates":[126.452,36.8253]},"properties":{"ref":"KR-0938","name":"성연테크노근린공원(1/2/3)\tSeong-yeontekeuno Neighborhood Provincial Park","grid":"PM36ft","locations":"KR-HN","activations":0,"attempts":0,"qsos":0}},{"type":"Feature","geometry":{"type":"Point","coordinates":[126.859,37.3287]},"properties":{"ref":"KR-0939","name":"성호공원\tSeongho Neighborhood Provincial Park","grid":"PM37kh","locations":"KR-KG","activations":2,"attempts":2,"qsos":27}},{"type":"Feature","geometry":{"type":"Point","coordinates":[126.898,36.1974]},"properties":{"ref":"KR-0940","name":"성흥산(가림성)\tSeongheungsan Mountain (Garimseong) Provincial Park","grid":"PM36ke","locations":"KR-HN","activations":0,"attempts":0,"qsos":0}},{"type":"Feature","geometry":{"type":"Point","coordinates":[127.132,35.8759]},"properties":{"ref":"KR-0941","name":"세병공원\tSebyeong Neighborhood Provincial Park","grid":"PM35nv","locations":"KR-CB","activations":1,"attempts":1,"qsos":13}},{"type":"Feature","geometry":{"type":"Point","coordinates":[127.275,36.4958]},"properties":{"ref":"KR-0942","name":"세종중앙공원\tSejong Central Neighborhood Provincial Park","grid":"PM36pl","locations":"KR-SJ","activations":4,"attempts":5,"qsos":110}},{"type":"Feature","geometry":{"type":"Point","coordinates":[129.182,35.3253]},"properties":{"ref":"KR-0943","name":"소두방공원\tSodubang Neighborhood Provincial Park","grid":"PM45oh","locations":"KR-PU","activations":1,"attempts":1,"qsos":12}},{"type":"Feature","geometry":{"type":"Point","coordinates":[126.726,37.3342]},"properties":{"ref":"KR-0944","name":"소망공원\tSomang Neighborhood Provincial Park","grid":"PM37ii","locations":"KR-KG","activations":0,"attempts":0,"qsos":0}},{"type":"Feature","geometry":{"type":"Point","coordinates":[127.435,36.6466]},"properties":{"ref":"KR-0945","name":"솔밭공원(청주)\tSolbat Neighborhood Provincial Park","grid":"PM36rp","locations":"KR-HB","activations":0,"attempts":0,"qsos":0}},{"type":"Feature","geometry":{"type":"Point","coordinates":[126.639,37.3667]},"properties":{"ref":"KR-0946","name":"솔찬공원\tSolchan Neighborhood Provincial Park","grid":"PM37hi","locations":"KR-IN","activations":1,"attempts":1,"qsos":18}},{"type":"Feature","geometry":{"type":"Point","coordinates":[126.255,34.8518]},"properties":{"ref":"KR-0947","name":"송공산공원\tSonggongsan Neighborhood Provincial Park","grid":"PM34du","locations":"KR-CN","activations":2,"attempts":2,"qsos":25}},{"type":"Feature","geometry":{"type":"Point","coordinates":[126.764,37.4778]},"properties":{"ref":"KR-0948","name":"송내공원\tSongnae Neighborhood Provincial Park","grid":"PM37jl","locations":"KR-KG","activations":0,"attempts":0,"qsos":0}},{"type":"Feature","geometry":{"type":"Point","coordinates":[126.633,37.4079]},"properties":{"ref":"KR-0949","name":"송도달빛축제공원\tSongdo Moonlight Festiva Neighborhood Provincial Park","grid":"PM37hj","locations":"KR-IN","activations":1,"attempts":1,"qsos":12}},{"type":"Feature","geometry":{"type":"Point","coordinates":[126.636,37.3923]},"properties":{"ref":"KR-0950","name":"송도센트럴파크\tSongdo Central Neighborhood Provincial Park","grid":"PM37hj","locations":"KR-IN","activations":1,"attempts":1,"qsos":20}},{"type":"Feature","geometry":{"type":"Point","coordinates":[129.023,35.0766]},"properties":{"ref":"KR-0951","name":"송림공원\tSongnim Neighborhood Provincial Park","grid":"PM45mb","locations":"KR-PU","activations":2,"attempts":2,"qsos":50}},{"type":"Feature","geometry":{"type":"Point","coordinates":[127.11,37.7476]},"properties":{"ref":"KR-0952","name":"송산사지근린공원\tSongsansaji Neighborhood Provincial Park","grid":"PM37nr","locations":"KR-KG","activations":1,"attempts":1,"qsos":13}},{"type":"Feature","geometry":{"type":"Point","coordinates":[128.823,35.0991]},"properties":{"ref":"KR-0953","name":"송정공원(강서구)\tGangseo Songjeong Neighborhood Provincial Park","grid":"PM45jc","locations":"KR-PU","activations":0,"attempts":0,"qsos":0}},{"type":"Feature","geometry":{"type":"Point","coordinates":[126.977,35.9343]},"properties":{"ref":"KR-0954","name":"수도산공원\tSudosan Neighborhood Provincial Park","grid":"PM35lw","locations":"KR-CB","activations":1,"attempts":1,"qsos":11}},{"type":"Feature","geometry":{"type":"Point","coordinates":[126.83,37.551]},"properties":{"ref":"KR-0955","name":"수명산근린공원\tSumyeongsan Neighborhood Provincial Park","grid":"PM37jn","locations":"KR-SO","activations":0,"attempts":0,"qsos":0}},{"type":"Feature","geometry":{"type":"Point","coordinates":[126.664,37.4602]},"properties":{"ref":"KR-0956","name":"수봉공원\tSubong Neighborhood Provincial Park","grid":"PM37hl","locations":"KR-IN","activations":0,"attempts":0,"qsos":0}},{"type":"Feature","geometry":{"type":"Point","coordinates":[128.616,35.8282]},"properties":{"ref":"KR-0957","name":"수성못유원지\tSuseongEcological Park Provincial Park","grid":"PM45ht","locations":"KR-TG","activations":1,"attempts":1,"qsos":11}},{"type":"Feature","geometry":{"type":"Point","coordinates":[127.028,37.2613]},"properties":{"ref":"KR-0958","name":"수원올림픽공원\tSuwon Olympic Neighborhood Provincial Park","grid":"PM37mg","locations":"KR-KG","activations":3,"attempts":3,"qsos":50}},{"type":"Feature","geometry":{"type":"Point","coordinates":[127.068,37.1625]},"properties":{"ref":"KR-0959","name":"수청근린공원\tSucheong Neighborhood Provincial Park","grid":"PM37md","locations":"KR-KG","activations":0,"attempts":0,"qsos":0}},{"type":"Feature","geometry":{"type":"Point","coordinates":[127.208,37.5534]},"properties":{"ref":"KR-0960","name":"시각공원\tSigak Neighborhood Provincial Park","grid":"PM37on","locations":"KR-KG","activations":1,"attempts":1,"qsos":11}},{"type":"Feature","geometry":{"type":"Point","coordinates":[126.755,37.3316]},"properties":{"ref":"KR-0961","name":"신길공원\tSin-gil Neighborhood Provincial Park","grid":"PM37jh","locations":"KR-KG","activations":0,"attempts":0,"qsos":0}},{"type":"Feature","geometry":{"type":"Point","coordinates":[126.918,37.4809]},"properties":{"ref":"KR-0962","name":"신림근린공원\tSillim Neighborhood Provincial Park","grid":"PM37ll","locations":"KR-SO","activations":1,"attempts":1,"qsos":97}},{"type":"Feature","geometry":{"type":"Point","coordinates":[126.488,33.4493]},"properties":{"ref":"KR-0963","name":"신비의도로\tMysterious Road Neighborhood Provincial Park","grid":"PM33fk","locations":"KR-CJ","activations":1,"attempts":1,"qsos":11}},{"type":"Feature","geometry":{"type":"Point","coordinates":[126.91,37.593]},"properties":{"ref":"KR-0964","name":"신사근린공원\tSinsa Neighborhood Provincial Park","grid":"PM37ko","locations":"KR-SO","activations":0,"attempts":0,"qsos":0}},{"type":"Feature","geometry":{"type":"Point","coordinates":[126.535,33.5044]},"properties":{"ref":"KR-0965","name":"신산공원\tShinsan Neighborhood Provincial Park","grid":"PM33gm","locations":"KR-CJ","activations":2,"attempts":2,"qsos":37}},{"type":"Feature","geometry":{"type":"Point","coordinates":[127.35,36.3755]},"properties":{"ref":"KR-0966","name":"신성근린공원\tSinsung Neighborhood Provincial Park","grid":"PM36qj","locations":"KR-TJ","activations":1,"attempts":1,"qsos":31}},{"type":"Feature","geometry":{"type":"Point","coordinates":[127.051,37.0859]},"properties":{"ref":"KR-0967","name":"신장근린공원\tSinjang Neighborhood Provincial Park","grid":"PM37mc","locations":"KR-KG","activations":0,"attempts":0,"qsos":0}},{"type":"Feature","geometry":{"type":"Point","coordinates":[128.871,35.0817]},"properties":{"ref":"KR-0968","name":"신호공원\tSinho Neighborhood Provincial Park","grid":"PM45kb","locations":"KR-PU","activations":1,"attempts":1,"qsos":40}},{"type":"Feature","geometry":{"type":"Point","coordinates":[126.706,37.4753]},"properties":{"ref":"KR-0969","name":"십정공원\tSipjeong Neighborhood Provincial Park","grid":"PM37il","locations":"KR-IN","activations":0,"attempts":0,"qsos":0}},{"type":"Feature","geometry":{"type":"Point","coordinates":[127.029,37.6542]},"properties":{"ref":"KR-0970","name":"쌍문근린공원\tSsangmun Neighborhood Provincial Park","grid":"PM37mp","locations":"KR-SO","activations":1,"attempts":1,"qsos":15}},{"type":"Feature","geometry":{"type":"Point","coordinates":[127.332,36.6425]},"properties":{"ref":"KR-0971","name":"쌍청공원\tSsangcheong Neighborhood Provincial Park","grid":"PM36pp","locations":"KR-HB","activations":2,"attempts":2,"qsos":40}},{"type":"Feature","geometry":{"type":"Point","coordinates":[127.104,36.8181]},"properties":{"ref":"KR-0972","name":"아름드리공원\tAreumdeuli Neighborhood Provincial Park","grid":"PM36nt","locations":"KR-HN","activations":0,"attempts":0,"qsos":0}},{"type":"Feature","geometry":{"type":"Point","coordinates":[127.076,37.5107]},"properties":{"ref":"KR-0973","name":"아시아공원\tAsia Neighborhood Provincial Park","grid":"PM37mm","locations":"KR-SO","activations":1,"attempts":1,"qsos":11}},{"type":"Feature","geometry":{"type":"Point","coordinates":[128.184,36.1223]},"properties":{"ref":"KR-0974","name":"안산공원(김천)\tAnsan (Gimcheon) Neighborhood Provincial Park","grid":"PM46cc","locations":"KR-KB","activations":0,"attempts":0,"qsos":0}},{"type":"Feature","geometry":{"type":"Point","coordinates":[126.83,37.3255]},"properties":{"ref":"KR-0975","name":"안산중앙공원\tAnsan Central Neighborhood Provincial Park","grid":"PM37jh","locations":"KR-KG","activations":1,"attempts":1,"qsos":12}},{"type":"Feature","geometry":{"type":"Point","coordinates":[126.802,35.213]},"properties":{"ref":"KR-0976","name":"안청공원\tAncheong Neighborhood Provincial Park","grid":"PM35jf","locations":"KR-KJ","activations":0,"attempts":0,"qsos":0}},{"type":"Feature","geometry":{"type":"Point","coordinates":[129.016,35.059]},"properties":{"ref":"KR-0977","name":"암남공원\tAmnam Neighborhood Provincial Park","grid":"PM45mb","locations":"KR-PU","activations":2,"attempts":2,"qsos":29}},{"type":"Feature","geometry":{"type":"Point","coordinates":[126.332,33.463]},"properties":{"ref":"KR-0978","name":"애월근린공원\tAewol Neighborhood Provincial Park","grid":"PM33dl","locations":"KR-CJ","activations":0,"attempts":0,"qsos":0}},{"type":"Feature","geometry":{"type":"Point","coordinates":[128.632,35.8655]},"properties":{"ref":"KR-0979","name":"야시골공원\tYasigol Neighborhood Provincial Park","grid":"PM45hu","locations":"KR-TG","activations":47,"attempts":47,"qsos":1144}},{"type":"Feature","geometry":{"type":"Point","coordinates":[126.874,35.2028]},"properties":{"ref":"KR-0980","name":"양산제호수공원\tYangsan Waterside Neighborhood Provincial Park","grid":"PM35ke","locations":"KR-KJ","activations":0,"attempts":1,"qsos":5}},{"type":"Feature","geometry":{"type":"Point","coordinates":[127.042,37.4766]},"properties":{"ref":"KR-0981","name":"양재천근린공원\tYangjaecheon Neighborhood Provincial Park","grid":"PM37ml","locations":"KR-SO","activations":4,"attempts":4,"qsos":109}},{"type":"Feature","geometry":{"type":"Point","coordinates":[127.164,37.4637]},"properties":{"ref":"KR-0982","name":"양지공원\tYangji Neighborhood Provincial Park","grid":"PM37nl","locations":"KR-KG","activations":1,"attempts":1,"qsos":21}},{"type":"Feature","geometry":{"type":"Point","coordinates":[127.244,36.2871]},"properties":{"ref":"KR-0983","name":"엄사공원\tEumsa Neighborhood Provincial Park","grid":"PM36og","locations":"KR-HN","activations":0,"attempts":0,"qsos":0}},{"type":"Feature","geometry":{"type":"Point","coordinates":[128.605,35.9005]},"properties":{"ref":"KR-0984","name":"연암공원(대구)\tDaegu Yeonam Neighborhood Provincial Park","grid":"PM45hv","locations":"KR-TG","activations":3,"attempts":3,"qsos":49}},{"type":"Feature","geometry":{"type":"Point","coordinates":[127.036,37.2945]},"properties":{"ref":"KR-0985","name":"연암공원(수원)\tSuwon Yeonam Neighborhood Provincial Park","grid":"PM37mh","locations":"KR-KG","activations":2,"attempts":2,"qsos":45}},{"type":"Feature","geometry":{"type":"Point","coordinates":[128.868,35.2451]},"properties":{"ref":"KR-0986","name":"연지공원\tYeonji Neighborhood Provincial Park","grid":"PM45kf","locations":"KR-KN","activations":1,"attempts":1,"qsos":43}},{"type":"Feature","geometry":{"type":"Point","coordinates":[126.869,37.5578]},"properties":{"ref":"KR-0987","name":"염창근린공원\tYeomchang Neighborhood Provincial Park","grid":"PM37kn","locations":"KR-SO","activations":1,"attempts":1,"qsos":52}},{"type":"Feature","geometry":{"type":"Point","coordinates":[127.061,35.843]},"properties":{"ref":"KR-0988","name":"엽순공원\tYeopsun Neighborhood Provincial Park","grid":"PM35mu","locations":"KR-CB","activations":1,"attempts":1,"qsos":13}},{"type":"Feature","geometry":{"type":"Point","coordinates":[126.507,35.2723]},"properties":{"ref":"KR-0989","name":"영광우산공원\tYeonggwang Usan Neighborhood Provincial Park","grid":"PM35gg","locations":"KR-CN","activations":1,"attempts":1,"qsos":10}},{"type":"Feature","geometry":{"type":"Point","coordinates":[126.912,37.5161]},"properties":{"ref":"KR-0990","name":"영등포근린공원\tYeongdeungpo Neighborhood Provincial Park","grid":"PM37km","locations":"KR-SO","activations":1,"attempts":1,"qsos":12}},{"type":"Feature","geometry":{"type":"Point","coordinates":[126.415,34.7381]},"properties":{"ref":"KR-0991","name":"영암국제자동차경주장\tKorea International Circuit Recreation Park","grid":"PM34er","locations":"KR-CN","activations":0,"attempts":0,"qsos":0}},{"type":"Feature","geometry":{"type":"Point","coordinates":[127.135,37.4521]},"properties":{"ref":"KR-0992","name":"영장공원\tYeongjang Neighborhood Provincial Park","grid":"PM37nk","locations":"KR-KG","activations":2,"attempts":2,"qsos":39}},{"type":"Feature","geometry":{"type":"Point","coordinates":[127.072,37.2572]},"properties":{"ref":"KR-0993","name":"영통중앙공원\tYeongtong Jungang Neighborhood Provincial Park","grid":"PM37mg","locations":"KR-KG","activations":1,"attempts":1,"qsos":26}},{"type":"Feature","geometry":{"type":"Point","coordinates":[126.898,34.6767]},"properties":{"ref":"KR-0994","name":"예양공원\tYeyang Neighborhood Provincial Park","grid":"PM34kq","locations":"KR-CN","activations":0,"attempts":1,"qsos":7}},{"type":"Feature","geometry":{"type":"Point","coordinates":[128.457,36.6522]},"properties":{"ref":"KR-0995","name":"예천남산공원\tYecheon Namsan Neighborhood Provincial Park","grid":"PM46fp","locations":"KR-KB","activations":0,"attempts":0,"qsos":0}},{"type":"Feature","geometry":{"type":"Point","coordinates":[127.135,37.5]},"properties":{"ref":"KR-0996","name":"오금공원\tOgeum Neighborhood Provincial Park","grid":"PM37nl","locations":"KR-SO","activations":1,"attempts":1,"qsos":12}},{"type":"Feature","geometry":{"type":"Point","coordinates":[127.041,37.6109]},"properties":{"ref":"KR-0997","name":"오동근린공원(성북)\tOdong Neighborhood Provincial Park","grid":"PM37mo","locations":"KR-SO","activations":0,"attempts":0,"qsos":0}},{"type":"Feature","geometry":{"type":"Point","coordinates":[126.556,35.9669]},"properties":{"ref":"KR-0998","name":"오식도공원\tOsikdo Neighborhood Provincial Park","grid":"PM35gx","locations":"KR-CB","activations":2,"attempts":2,"qsos":23}},{"type":"Feature","geometry":{"type":"Point","coordinates":[126.796,37.5298]},"properties":{"ref":"KR-0999","name":"오정대공원\tOjeongdae Neighborhood Provincial Park","grid":"PM37jm","locations":"KR-KG","activations":0,"attempts":0,"qsos":0}},{"type":"Feature","geometry":{"type":"Point","coordinates":[127.221,37.2331]},"properties":{"ref":"KR-1000","name":"한국아마추어무선연맹본부\tThe Korean Amateur Radio League (KARL) Headquarter Park","grid":"PM37of","locations":"KR-KG","activations":1,"attempts":1,"qsos":10}},{"type":"Feature","geometry":{"type":"Point","coordinates":[127.419,36.715]},"properties":{"ref":"KR-1001","name":"오창중앙근린공원\tOchang Central Neighborhood Provincial Park","grid":"PM36rr","locations":"KR-HB","activations":0,"attempts":0,"qsos":0}},{"type":"Feature","geometry":{"type":"Point","coordinates":[128.365,36.0832]},"properties":{"ref":"KR-1002","name":"오태공원\tO-Tae Neighborhood Provincial Park","grid":"PM46eb","locations":"KR-KB","activations":1,"attempts":1,"qsos":19}},{"type":"Feature","geometry":{"type":"Point","coordinates":[126.71,37.3545]},"properties":{"ref":"KR-1003","name":"옥구공원\tOkgu Neighborhood Provincial Park","grid":"PM37ii","locations":"KR-KG","activations":0,"attempts":0,"qsos":0}},{"type":"Feature","geometry":{"type":"Point","coordinates":[126.452,36.7897]},"properties":{"ref":"KR-1004","name":"옥녀봉공원(서산)\tOngnyeobong Neighborhood Provincial Park","grid":"PM36fs","locations":"KR-HN","activations":0,"attempts":0,"qsos":0}},{"type":"Feature","geometry":{"type":"Point","coordinates":[127.097,37.8237]},"properties":{"ref":"KR-1005","name":"옥정호수공원\tOkjeong Lake Provincial Park","grid":"PM37nt","locations":"KR-KG","activations":25,"attempts":25,"qsos":526}},{"type":"Feature","geometry":{"type":"Point","coordinates":[128.854,35.1563]},"properties":{"ref":"KR-1006","name":"와룡공원(부산)\tBusan Waryong Neighborhood Provincial Park","grid":"PM45kd","locations":"KR-PU","activations":0,"attempts":0,"qsos":0}},{"type":"Feature","geometry":{"type":"Point","coordinates":[126.99,37.5912]},"properties":{"ref":"KR-1007","name":"와룡공원(서울)\tSeoul Waryong Neighborhood Provincial Park","grid":"PM37lo","locations":"KR-SO","activations":0,"attempts":0,"qsos":0}},{"type":"Feature","geometry":{"type":"Point","coordinates":[126.929,37.5523]},"properties":{"ref":"KR-1008","name":"와우근린공원\tWau Neighborhood Provincial Park","grid":"PM37ln","locations":"KR-SO","activations":1,"attempts":1,"qsos":34}},{"type":"Feature","geometry":{"type":"Point","coordinates":[127.142,35.8097]},"properties":{"ref":"KR-1009","name":"완산공원\tWansan Neighborhood Provincial Park","grid":"PM35nt","locations":"KR-CB","activations":1,"attempts":1,"qsos":10}},{"type":"Feature","geometry":{"type":"Point","coordinates":[126.959,37.5117]},"properties":{"ref":"KR-1010","name":"용양봉저정공원\tYong-yangbongjeojeong Neighborhood Provincial Park","grid":"PM37lm","locations":"KR-SO","activations":1,"attempts":1,"qsos":85}},{"type":"Feature","geometry":{"type":"Point","coordinates":[127.093,36.7966]},"properties":{"ref":"KR-1011","name":"용곡공원\tYonggok Neighborhood Provincial Park","grid":"PM36nt","locations":"KR-HN","activations":0,"attempts":0,"qsos":0}},{"type":"Feature","geometry":{"type":"Point","coordinates":[127.662,34.7597]},"properties":{"ref":"KR-1012","name":"용기공원\tYonggi Neighborhood Provincial Park","grid":"PM34ts","locations":"KR-CN","activations":2,"attempts":2,"qsos":37}},{"type":"Feature","geometry":{"type":"Point","coordinates":[129.032,35.1009]},"properties":{"ref":"KR-1013","name":"용두산공원\tYongdusan Neighborhood Provincial Park","grid":"PM45mc","locations":"KR-PU","activations":2,"attempts":2,"qsos":26}},{"type":"Feature","geometry":{"type":"Point","coordinates":[126.877,37.5434]},"properties":{"ref":"KR-1014","name":"용왕산근린공원\tYong-wangsan Neighborhood Provincial Park","grid":"PM37kn","locations":"KR-SO","activations":0,"attempts":0,"qsos":0}},{"type":"Feature","geometry":{"type":"Point","coordinates":[127.208,37.2317]},"properties":{"ref":"KR-1015","name":"용인중앙공원\tYong-in Central Neighborhood Provincial Park","grid":"PM37of","locations":"KR-KG","activations":1,"attempts":1,"qsos":119}},{"type":"Feature","geometry":{"type":"Point","coordinates":[128.685,35.2314]},"properties":{"ref":"KR-1016","name":"용지공원\tYongji Neighborhood Provincial Park","grid":"PM45if","locations":"KR-KN","activations":3,"attempts":3,"qsos":84}},{"type":"Feature","geometry":{"type":"Point","coordinates":[126.926,35.1756]},"properties":{"ref":"KR-1017","name":"우산근린공원\tUsan Neighborhood Provincial Park","grid":"PM35le","locations":"KR-KJ","activations":1,"attempts":1,"qsos":14}},{"type":"Feature","geometry":{"type":"Point","coordinates":[126.867,35.1864]},"properties":{"ref":"KR-1018","name":"운암산근린공원\tUnamsan Neighborhood Provincial Park","grid":"PM35ke","locations":"KR-KJ","activations":0,"attempts":0,"qsos":0}},{"type":"Feature","geometry":{"type":"Point","coordinates":[126.743,37.7158]},"properties":{"ref":"KR-1019","name":"운정건강공원\tUnjeonggeon-gang Neighborhood Provincial Park","grid":"PM37ir","locations":"KR-KG","activations":1,"attempts":1,"qsos":10}},{"type":"Feature","geometry":{"type":"Point","coordinates":[127.471,36.6465]},"properties":{"ref":"KR-1020","name":"운천공원\tUncheon Neighborhood Provincial Park","grid":"PM36rp","locations":"KR-HB","activations":0,"attempts":0,"qsos":0}},{"type":"Feature","geometry":{"type":"Point","coordinates":[128.927,35.1011]},"properties":{"ref":"KR-1021","name":"울림공원\tUllim Neighborhood Provincial Park","grid":"PM45lc","locations":"KR-PU","activations":1,"attempts":1,"qsos":26}},{"type":"Feature","geometry":{"type":"Point","coordinates":[129.327,35.5429]},"properties":{"ref":"KR-1022","name":"울산문화공원\tUlsan Culture Neighborhood Provincial Park","grid":"PM45pn","locations":"KR-UL","activations":2,"attempts":2,"qsos":37}},{"type":"Feature","geometry":{"type":"Point","coordinates":[126.446,36.7837]},"properties":{"ref":"KR-1023","name":"울음산공원\tUreumsan Neighborhood Provincial Park","grid":"PM36fs","locations":"KR-HN","activations":0,"attempts":0,"qsos":0}},{"type":"Feature","geometry":{"type":"Point","coordinates":[126.824,37.3257]},"properties":{"ref":"KR-1024","name":"원고잔공원\tWongojan Neighborhood Provincial Park","grid":"PM37jh","locations":"KR-KG","activations":2,"attempts":2,"qsos":21}},{"type":"Feature","geometry":{"type":"Point","coordinates":[126.816,35.1912]},"properties":{"ref":"KR-1025","name":"원당산공원\tWondangsan Neighborhood Provincial Park","grid":"PM35je","locations":"KR-KJ","activations":17,"attempts":18,"qsos":289}},{"type":"Feature","geometry":{"type":"Point","coordinates":[128.418,34.8692]},"properties":{"ref":"KR-1026","name":"원문생활공원\tWeonmun Neighborhood Provincial Park","grid":"PM44fu","locations":"KR-KN","activations":0,"attempts":0,"qsos":0}},{"type":"Feature","geometry":{"type":"Point","coordinates":[126.799,37.498]},"properties":{"ref":"KR-1027","name":"원미공원\tWonmi Neighborhood Provincial Park","grid":"PM37jl","locations":"KR-KG","activations":1,"attempts":1,"qsos":24}},{"type":"Feature","geometry":{"type":"Point","coordinates":[127.513,36.6124]},"properties":{"ref":"KR-1028","name":"원봉공원\tWonbong Neighborhood Provincial Park","grid":"PM36so","locations":"KR-HB","activations":0,"attempts":0,"qsos":0}},{"type":"Feature","geometry":{"type":"Point","coordinates":[126.692,37.5132]},"properties":{"ref":"KR-1029","name":"원적산공원\tWonjeoksan Neighborhood Provincial Park","grid":"PM37im","locations":"KR-IN","activations":0,"attempts":0,"qsos":0}},{"type":"Feature","geometry":{"type":"Point","coordinates":[127.936,37.3321]},"properties":{"ref":"KR-1030","name":"원주중앙공원\tWonju Jungang Neighborhood Provincial Park","grid":"PM37xh","locations":"KR-KW","activations":1,"attempts":1,"qsos":11}},{"type":"Feature","geometry":{"type":"Point","coordinates":[126.808,37.3016]},"properties":{"ref":"KR-1031","name":"원포공원\tWonpo Neighborhood Provincial Park","grid":"PM37jh","locations":"KR-KG","activations":2,"attempts":2,"qsos":21}},{"type":"Feature","geometry":{"type":"Point","coordinates":[126.689,37.4068]},"properties":{"ref":"KR-1032","name":"월례공원\tWollye Neighborhood Provincial Park","grid":"PM37ij","locations":"KR-IN","activations":0,"attempts":0,"qsos":0}},{"type":"Feature","geometry":{"type":"Point","coordinates":[126.696,35.9802]},"properties":{"ref":"KR-1033","name":"월명공원(군산)\tGunsan Wolmyeong Neighborhood Provincial Park","grid":"PM35ix","locations":"KR-CB","activations":3,"attempts":3,"qsos":43}},{"type":"Feature","geometry":{"type":"Point","coordinates":[127.448,36.6509]},"properties":{"ref":"KR-1034","name":"월명공원(청주)\tCheongju Wolmyeong Neighborhood Provincial Park","grid":"PM36rp","locations":"KR-HB","activations":0,"attempts":0,"qsos":0}},{"type":"Feature","geometry":{"type":"Point","coordinates":[126.604,37.4711]},"properties":{"ref":"KR-1035","name":"월미공원\tWolmi Neighborhood Provincial Park","grid":"PM37hl","locations":"KR-IN","activations":1,"attempts":1,"qsos":20}},{"type":"Feature","geometry":{"type":"Point","coordinates":[129.467,35.7043]},"properties":{"ref":"KR-1036","name":"월성한마음동산\tWolseong Hanmaumdongsan Neighborhood Provincial Park","grid":"PM45rq","locations":"KR-KB","activations":0,"attempts":0,"qsos":0}},{"type":"Feature","geometry":{"type":"Point","coordinates":[127.358,36.3421]},"properties":{"ref":"KR-1037","name":"월평공원\tWolpyeong Neighborhood Provincial Park","grid":"PM36qi","locations":"KR-TJ","activations":0,"attempts":0,"qsos":0}},{"type":"Feature","geometry":{"type":"Point","coordinates":[126.782,35.0285]},"properties":{"ref":"KR-1038","name":"유전제공원\tYujeonje Neighborhood Provincial Park","grid":"PM35ja","locations":"KR-CN","activations":0,"attempts":0,"qsos":0}},{"type":"Feature","geometry":{"type":"Point","coordinates":[127.15,37.3834]},"properties":{"ref":"KR-1039","name":"율동공원\tYuldong Neighborhood Provincial Park","grid":"PM37nj","locations":"KR-KG","activations":1,"attempts":1,"qsos":19}},{"type":"Feature","geometry":{"type":"Point","coordinates":[127.502,36.6654]},"properties":{"ref":"KR-1040","name":"율봉근린공원\tYulbong Neighborhood Provincial Park","grid":"PM36sp","locations":"KR-HB","activations":2,"attempts":3,"qsos":36}},{"type":"Feature","geometry":{"type":"Point","coordinates":[127.116,37.4723]},"properties":{"ref":"KR-1041","name":"율현공원\tYulhyeon Neighborhood Provincial Park","grid":"PM37nl","locations":"KR-SO","activations":2,"attempts":2,"qsos":46}},{"type":"Feature","geometry":{"type":"Point","coordinates":[127.065,38.0281]},"properties":{"ref":"KR-1042","name":"은대근린공원\tEundae Neighborhood Provincial Park","grid":"PM38ma","locations":"KR-KG","activations":1,"attempts":1,"qsos":10}},{"type":"Feature","geometry":{"type":"Point","coordinates":[126.812,37.5205]},"properties":{"ref":"KR-1043","name":"은데미공원\tEundemi Neighborhood Provincial Park","grid":"PM37jm","locations":"KR-KG","activations":1,"attempts":1,"qsos":26}},{"type":"Feature","geometry":{"type":"Point","coordinates":[127.195,37.7142]},"properties":{"ref":"KR-1044","name":"은빛공원\tEunbit Neighborhood Provincial Park","grid":"PM37or","locations":"KR-KG","activations":1,"attempts":1,"qsos":10}},{"type":"Feature","geometry":{"type":"Point","coordinates":[127.169,37.4532]},"properties":{"ref":"KR-1045","name":"은행공원\tEunhaeng Neighborhood Provincial Park","grid":"PM37ok","locations":"KR-KG","activations":0,"attempts":0,"qsos":0}},{"type":"Feature","geometry":{"type":"Point","coordinates":[127.518,35.6411]},"properties":{"ref":"KR-1046","name":"의암공원(장수)\tJangsu Uiam Neighborhood Provincial Park","grid":"PM35sp","locations":"KR-CB","activations":1,"attempts":1,"qsos":12}},{"type":"Feature","geometry":{"type":"Point","coordinates":[127.452,37.2822]},"properties":{"ref":"KR-1047","name":"이천온천공원\tIcheon oncheon Neighborhood Provincial Park","grid":"PM37rg","locations":"KR-KG","activations":0,"attempts":0,"qsos":0}},{"type":"Feature","geometry":{"type":"Point","coordinates":[128.543,35.8734]},"properties":{"ref":"KR-1048","name":"이현공원\tYihyeon Neighborhood Provincial Park","grid":"PM45gu","locations":"KR-TG","activations":1,"attempts":1,"qsos":10}},{"type":"Feature","geometry":{"type":"Point","coordinates":[126.978,35.9629]},"properties":{"ref":"KR-1049","name":"익산시민공원\tIksan Citizens Neighborhood Provincial Park","grid":"PM35lx","locations":"KR-CB","activations":2,"attempts":2,"qsos":39}},{"type":"Feature","geometry":{"type":"Point","coordinates":[127.036,37.2594]},"properties":{"ref":"KR-1050","name":"인계예술공원\tIngye Art Neighborhood Provincial Park","grid":"PM37mg","locations":"KR-KG","activations":20,"attempts":22,"qsos":345}},{"type":"Feature","geometry":{"type":"Point","coordinates":[127.136,37.6059]},"properties":{"ref":"KR-1051","name":"인창중앙공원\tInchang Jungang Neighborhood Provincial Park","grid":"PM37no","locations":"KR-KG","activations":0,"attempts":0,"qsos":0}},{"type":"Feature","geometry":{"type":"Point","coordinates":[126.655,37.3885]},"properties":{"ref":"KR-1052","name":"인천해돋이공원\tHaedoji Neighborhood Provincial Park","grid":"PM37hj","locations":"KR-IN","activations":0,"attempts":0,"qsos":0}},{"type":"Feature","geometry":{"type":"Point","coordinates":[126.773,37.6595]},"properties":{"ref":"KR-1053","name":"일산문화공원\tIlsan Culture Neighborhood Provincial Park","grid":"PM37jp","locations":"KR-KG","activations":0,"attempts":0,"qsos":0}},{"type":"Feature","geometry":{"type":"Point","coordinates":[127.17,37.6247]},"properties":{"ref":"KR-1054","name":"일패근린공원\tIlpae Neighborhood Provincial Park","grid":"PM37oo","locations":"KR-KG","activations":1,"attempts":1,"qsos":15}},{"type":"Feature","geometry":{"type":"Point","coordinates":[126.569,33.2435]},"properties":{"ref":"KR-1055","name":"자구리공원\tJaguri Neighborhood Provincial Park","grid":"PM33gf","locations":"KR-CJ","activations":0,"attempts":0,"qsos":0}},{"type":"Feature","geometry":{"type":"Point","coordinates":[127.75,34.7392]},"properties":{"ref":"KR-1056","name":"자산공원\tJasan Neighborhood Provincial Park","grid":"PM34vr","locations":"KR-CN","activations":1,"attempts":2,"qsos":14}},{"type":"Feature","geometry":{"type":"Point","coordinates":[128.449,35.2914]},"properties":{"ref":"KR-1057","name":"자양산공원\tJayangsanMountain Provincial Park","grid":"PM45fg","locations":"KR-KN","activations":7,"attempts":7,"qsos":311}},{"type":"Feature","geometry":{"type":"Point","coordinates":[126.964,37.38]},"properties":{"ref":"KR-1058","name":"자유공원(안양)\tAnyang Jayu Neighborhood Provincial Park","grid":"PM37lj","locations":"KR-KG","activations":1,"attempts":1,"qsos":12}},{"type":"Feature","geometry":{"type":"Point","coordinates":[127.172,37.4515]},"properties":{"ref":"KR-1059","name":"자혜공원\tJahye Neighborhood Provincial Park","grid":"PM37ok","locations":"KR-KG","activations":2,"attempts":2,"qsos":33}},{"type":"Feature","geometry":{"type":"Point","coordinates":[127.485,36.6132]},"properties":{"ref":"KR-1060","name":"잠두봉공원\tJamdubong Neighborhood Provincial Park","grid":"PM36ro","locations":"KR-HB","activations":0,"attempts":0,"qsos":0}},{"type":"Feature","geometry":{"type":"Point","coordinates":[126.842,37.4994]},"properties":{"ref":"KR-1061","name":"잣절공원\tJatjeol Neighborhood Provincial Park","grid":"PM37kl","locations":"KR-SO","activations":1,"attempts":1,"qsos":39}},{"type":"Feature","geometry":{"type":"Point","coordinates":[128.52,35.8445]},"properties":{"ref":"KR-1062","name":"장기공원\tJang-gi Neighborhood Provincial Park","grid":"PM45gu","locations":"KR-TG","activations":1,"attempts":1,"qsos":11}},{"type":"Feature","geometry":{"type":"Point","coordinates":[127.664,34.7439]},"properties":{"ref":"KR-1063","name":"장도공원\tJangdo Island Neighborhood Provincial Park","grid":"PM34tr","locations":"KR-CN","activations":1,"attempts":2,"qsos":14}},{"type":"Feature","geometry":{"type":"Point","coordinates":[129.336,35.5587]},"properties":{"ref":"KR-1064","name":"장무공원\tJangmu Neighborhood Provincial Park","grid":"PM45qn","locations":"KR-UL","activations":1,"attempts":1,"qsos":12}},{"type":"Feature","geometry":{"type":"Point","coordinates":[126.791,37.303]},"properties":{"ref":"KR-1065","name":"전망대공원\tJeonmangdae Neighborhood Provincial Park","grid":"PM37jh","locations":"KR-KG","activations":12,"attempts":12,"qsos":337}},{"type":"Feature","geometry":{"type":"Point","coordinates":[126.716,37.4471]},"properties":{"ref":"KR-1066","name":"전재울공원\tJeonjae-ul Neighborhood Provincial Park","grid":"PM37ik","locations":"KR-IN","activations":0,"attempts":0,"qsos":0}},{"type":"Feature","geometry":{"type":"Point","coordinates":[126.861,37.3189]},"properties":{"ref":"KR-1067","name":"점성공원\tJeomseong Neighborhood Provincial Park","grid":"PM37kh","locations":"KR-KG","activations":0,"attempts":0,"qsos":0}},{"type":"Feature","geometry":{"type":"Point","coordinates":[126.781,37.6632]},"properties":{"ref":"KR-1068","name":"정발산공원\tJeongbalsan Neighborhood Provincial Park","grid":"PM37jp","locations":"KR-KG","activations":1,"attempts":1,"qsos":26}},{"type":"Feature","geometry":{"type":"Point","coordinates":[127.121,37.3557]},"properties":{"ref":"KR-1069","name":"정자공원\tJeongja Neighborhood Provincial Park","grid":"PM37ni","locations":"KR-KG","activations":1,"attempts":1,"qsos":10}},{"type":"Feature","geometry":{"type":"Point","coordinates":[127.922,35.674]},"properties":{"ref":"KR-1070","name":"정장공원\tJungjang Neighborhood Provincial Park","grid":"PM35xq","locations":"KR-KN","activations":1,"attempts":1,"qsos":12}},{"type":"Feature","geometry":{"type":"Point","coordinates":[126.323,33.2512]},"properties":{"ref":"KR-1071","name":"제주조각공원\tJeju Sculpture Neighborhood Provincial Park","grid":"PM33dg","locations":"KR-CJ","activations":2,"attempts":2,"qsos":30}},{"type":"Feature","geometry":{"type":"Point","coordinates":[128.664,35.1476]},"properties":{"ref":"KR-1072","name":"제황산공원\tJehwangsan Neighborhood Provincial Park","grid":"PM45hd","locations":"KR-KN","activations":0,"attempts":0,"qsos":0}},{"type":"Feature","geometry":{"type":"Point","coordinates":[127.972,37.0236]},"properties":{"ref":"KR-1073","name":"조동근린공원\tJodong Neighborhood Provincial Park","grid":"PM37xa","locations":"KR-HB","activations":0,"attempts":0,"qsos":0}},{"type":"Feature","geometry":{"type":"Point","coordinates":[127.113,37.3576]},"properties":{"ref":"KR-1074","name":"주택공원\tHome Equipment Exhibition Neighborhood Provincial Park","grid":"PM37ni","locations":"KR-KG","activations":1,"attempts":1,"qsos":18}},{"type":"Feature","geometry":{"type":"Point","coordinates":[127.337,36.3739]},"properties":{"ref":"KR-1075","name":"죽동공원\tJukdong Neighborhood Provincial Park","grid":"PM36qi","locations":"KR-TJ","activations":1,"attempts":1,"qsos":13}},{"type":"Feature","geometry":{"type":"Point","coordinates":[127.116,37.3202]},"properties":{"ref":"KR-1076","name":"죽전중앙공원\tJukjeon Jungang Neighborhood Provincial Park","grid":"PM37nh","locations":"KR-KG","activations":1,"attempts":1,"qsos":10}},{"type":"Feature","geometry":{"type":"Point","coordinates":[126.99,37.2482]},"properties":{"ref":"KR-1077","name":"중보들공원\tJungbodeul Neighborhood Provincial Park","grid":"PM37lf","locations":"KR-KG","activations":1,"attempts":1,"qsos":33}},{"type":"Feature","geometry":{"type":"Point","coordinates":[126.827,37.622]},"properties":{"ref":"KR-1078","name":"지도공원\tJido Neighborhood Provincial Park","grid":"PM37jo","locations":"KR-KG","activations":1,"attempts":1,"qsos":30}},{"type":"Feature","geometry":{"type":"Point","coordinates":[127.095,36.7892]},"properties":{"ref":"KR-1079","name":"지산공원\tJisan Neighborhood Provincial Park","grid":"PM36ns","locations":"KR-HN","activations":1,"attempts":1,"qsos":14}},{"type":"Feature","geometry":{"type":"Point","coordinates":[127.62,37.1119]},"properties":{"ref":"KR-1080","name":"진암공원\tJinam Neighborhood Provincial Park","grid":"PM37tc","locations":"KR-KG","activations":1,"attempts":1,"qsos":41}},{"type":"Feature","geometry":{"type":"Point","coordinates":[128.497,35.5484]},"properties":{"ref":"KR-1081","name":"창녕문화공원\tChangnyeong Culture Neighborhood Provincial Park","grid":"PM45fn","locations":"KR-KN","activations":1,"attempts":1,"qsos":13}},{"type":"Feature","geometry":{"type":"Point","coordinates":[128.619,35.2577]},"properties":{"ref":"KR-1082","name":"창원남산공원\tChangwon Namsan Neighborhood Provincial Park","grid":"PM45hg","locations":"KR-KN","activations":3,"attempts":4,"qsos":75}},{"type":"Feature","geometry":{"type":"Point","coordinates":[127.159,37.5004]},"properties":{"ref":"KR-1083","name":"천마근린공원\tCheonma Neighborhood Provincial Park","grid":"PM37nm","locations":"KR-KG,KR-SO","activations":1,"attempts":3,"qsos":16}},{"type":"Feature","geometry":{"type":"Point","coordinates":[127.168,36.7842]},"properties":{"ref":"KR-1084","name":"천안삼거리공원\tCheonan Samgeori Neighborhood Provincial Park","grid":"PM36os","locations":"KR-HN","activations":1,"attempts":2,"qsos":13}},{"type":"Feature","geometry":{"type":"Point","coordinates":[126.834,37.4826]},"properties":{"ref":"KR-1085","name":"천왕근린공원\tCheonwangsan Neighborhood Provincial Park","grid":"PM37kl","locations":"KR-SO","activations":2,"attempts":2,"qsos":47}},{"type":"Feature","geometry":{"type":"Point","coordinates":[127.084,35.8102]},"properties":{"ref":"KR-1086","name":"천잠산공원\tCheomjamsan Neighborhood Provincial Park","grid":"PM35nt","locations":"KR-CB","activations":25,"attempts":27,"qsos":321}},{"type":"Feature","geometry":{"type":"Point","coordinates":[127.167,36.8328]},"properties":{"ref":"KR-1087","name":"천호지공원\tCheonhoji Neighborhood Provincial Park","grid":"PM36ot","locations":"KR-HN","activations":0,"attempts":0,"qsos":0}},{"type":"Feature","geometry":{"type":"Point","coordinates":[127.108,37.1999]},"properties":{"ref":"KR-1088","name":"청계중앙공원\tCheonggye Central Neighborhood Provincial Park","grid":"PM37ne","locations":"KR-KG","activations":0,"attempts":0,"qsos":0}},{"type":"Feature","geometry":{"type":"Point","coordinates":[127.052,37.5215]},"properties":{"ref":"KR-1089","name":"청담근린공원\tCheongdam Neighborhood Provincial Park","grid":"PM37mm","locations":"KR-SO","activations":0,"attempts":0,"qsos":0}},{"type":"Feature","geometry":{"type":"Point","coordinates":[127.056,37.6047]},"properties":{"ref":"KR-1090","name":"청량근린공원\tCheongryang Neighborhood Provincial Park","grid":"PM37mo","locations":"KR-SO","activations":0,"attempts":0,"qsos":0}},{"type":"Feature","geometry":{"type":"Point","coordinates":[127.403,36.4151]},"properties":{"ref":"KR-1091","name":"청벽산공원\tCheongbyeoksan Neighborhood Provincial Park","grid":"PM36qj","locations":"KR-TJ","activations":1,"attempts":1,"qsos":28}},{"type":"Feature","geometry":{"type":"Point","coordinates":[128.218,37.1507]},"properties":{"ref":"KR-1092","name":"청전공원\tCheongjeon Neighborhood Provincial Park","grid":"PM47cd","locations":"KR-HB","activations":0,"attempts":0,"qsos":0}},{"type":"Feature","geometry":{"type":"Point","coordinates":[126.45,34.8088]},"properties":{"ref":"KR-1093","name":"초당산공원\tChodangsan Neighborhood Provincial Park","grid":"PM34ft","locations":"KR-CN","activations":0,"attempts":0,"qsos":0}},{"type":"Feature","geometry":{"type":"Point","coordinates":[127.124,37.5562]},"properties":{"ref":"KR-1094","name":"암사둔치생태공원\tAmsa River Waterfront Ecological Park","grid":"PM37nn","locations":"KR-SO","activations":3,"attempts":3,"qsos":114}},{"type":"Feature","geometry":{"type":"Point","coordinates":[127.051,37.6435]},"properties":{"ref":"KR-1095","name":"초안산공원\tChoansan Neighborhood Provincial Park","grid":"PM37mp","locations":"KR-SO","activations":1,"attempts":1,"qsos":31}},{"type":"Feature","geometry":{"type":"Point","coordinates":[127.07,37.7419]},"properties":{"ref":"KR-1096","name":"추동근린공원\tChudong Neighborhood Provincial Park","grid":"PM37mr","locations":"KR-KN","activations":1,"attempts":1,"qsos":11}},{"type":"Feature","geometry":{"type":"Point","coordinates":[127.295,35.2698]},"properties":{"ref":"KR-1097","name":"충의공원\tChung-ui Neighborhood Provincial Park","grid":"PM35pg","locations":"KR-CN","activations":1,"attempts":1,"qsos":14}},{"type":"Feature","geometry":{"type":"Point","coordinates":[128.585,35.8972]},"properties":{"ref":"KR-1098","name":"침산공원\tChimsan Neighborhood Provincial Park","grid":"PM45hv","locations":"KR-TG","activations":2,"attempts":2,"qsos":50}},{"type":"Feature","geometry":{"type":"Point","coordinates":[128.985,37.1739]},"properties":{"ref":"KR-1099","name":"태백공원\tTaebak Neighborhood Provincial Park","grid":"PM47le","locations":"KR-KW","activations":0,"attempts":0,"qsos":0}},{"type":"Feature","geometry":{"type":"Point","coordinates":[127.144,37.8331]},"properties":{"ref":"KR-1100","name":"태봉근린공원\tTeabong Neighborhood Provincial Park","grid":"PM37nt","locations":"KR-KG","activations":1,"attempts":1,"qsos":12}},{"type":"Feature","geometry":{"type":"Point","coordinates":[126.63,37.7234]},"properties":{"ref":"KR-1101","name":"태산패밀리파크\tTaesan Family Neighborhood Provincial Park","grid":"PM37hr","locations":"KR-KG","activations":0,"attempts":0,"qsos":0}},{"type":"Feature","geometry":{"type":"Point","coordinates":[128.87,35.1463]},"properties":{"ref":"KR-1102","name":"태야공원\tTaeya Neighborhood Provincial Park","grid":"PM45kd","locations":"KR-PU","activations":0,"attempts":0,"qsos":0}},{"type":"Feature","geometry":{"type":"Point","coordinates":[129.298,35.5559]},"properties":{"ref":"KR-1103","name":"태화근린공원\tTaehwa Neighborhood Provincial Park","grid":"PM45pn","locations":"KR-UL","activations":1,"attempts":1,"qsos":19}},{"type":"Feature","geometry":{"type":"Point","coordinates":[128.46,35.6914]},"properties":{"ref":"KR-1104","name":"테크노폴리스중앙공원\tTechnopolis Central Neighborhood Provincial Park","grid":"PM45fq","locations":"KR-TG","activations":1,"attempts":1,"qsos":13}},{"type":"Feature","geometry":{"type":"Point","coordinates":[126.688,37.7806]},"properties":{"ref":"KR-1105","name":"통일동산\tTong-il Hill Neighborhood Provincial Park","grid":"PM37is","locations":"KR-KG","activations":1,"attempts":1,"qsos":20}},{"type":"Feature","geometry":{"type":"Point","coordinates":[127.091,37.3919]},"properties":{"ref":"KR-1106","name":"판교공원\tPangyo Neighborhood Provincial Park","grid":"PM37nj","locations":"KR-KG","activations":0,"attempts":0,"qsos":0}},{"type":"Feature","geometry":{"type":"Point","coordinates":[128.592,35.2318]},"properties":{"ref":"KR-1107","name":"팔룡근린공원\tParyong Neighborhood Provincial Park","grid":"PM45hf","locations":"KR-KN","activations":3,"attempts":3,"qsos":120}},{"type":"Feature","geometry":{"type":"Point","coordinates":[126.961,37.3901]},"properties":{"ref":"KR-1108","name":"평촌중앙공원\tPyeongchon Central Neighborhood Provincial Park","grid":"PM37lj","locations":"KR-KG","activations":2,"attempts":2,"qsos":24}},{"type":"Feature","geometry":{"type":"Point","coordinates":[126.887,37.5671]},"properties":{"ref":"KR-1109","name":"하늘공원\tHaneul Neighborhood Provincial Park","grid":"PM37kn","locations":"KR-SO","activations":4,"attempts":4,"qsos":41}},{"type":"Feature","geometry":{"type":"Point","coordinates":[127.745,35.0686]},"properties":{"ref":"KR-1110","name":"하동송림공원\tHadongsongnim Neighborhood Provincial Park","grid":"PM35ub","locations":"KR-KN","activations":1,"attempts":1,"qsos":15}},{"type":"Feature","geometry":{"type":"Point","coordinates":[129.339,35.5545]},"properties":{"ref":"KR-1111","name":"학성공원(울산)\tUlsan Hakseong Neighborhood Provincial Park","grid":"PM45qn","locations":"KR-UL","activations":2,"attempts":2,"qsos":72}},{"type":"Feature","geometry":{"type":"Point","coordinates":[127.936,37.3531]},"properties":{"ref":"KR-1112","name":"학성공원(원주)\tWonju Hakseong Neighborhood Provincial Park","grid":"PM37xi","locations":"KR-KW","activations":0,"attempts":0,"qsos":0}},{"type":"Feature","geometry":{"type":"Point","coordinates":[128.532,35.8029]},"properties":{"ref":"KR-1113","name":"한실공원\tHansil Neighborhood Provincial Park","grid":"PM45gt","locations":"KR-TG","activations":1,"attempts":1,"qsos":23}},{"type":"Feature","geometry":{"type":"Point","coordinates":[126.933,37.3626]},"properties":{"ref":"KR-1114","name":"한얼공원\tHaneol Neighborhood Provincial Park","grid":"PM37li","locations":"KR-KG","activations":0,"attempts":0,"qsos":0}},{"type":"Feature","geometry":{"type":"Point","coordinates":[126.823,37.4636]},"properties":{"ref":"KR-1115","name":"함박근린공원\tHambak Neighborhood Provincial Park","grid":"PM37jl","locations":"KR-KG","activations":0,"attempts":0,"qsos":0}},{"type":"Feature","geometry":{"type":"Point","coordinates":[129.054,35.0735]},"properties":{"ref":"KR-1116","name":"함지골공원\tHamjigol Neighborhood Provincial Park","grid":"PM45mb","locations":"KR-PU","activations":1,"attempts":1,"qsos":11}},{"type":"Feature","geometry":{"type":"Point","coordinates":[129.368,36.0105]},"properties":{"ref":"KR-1117","name":"해도근린공원\tHaedo Neighborhood Provincial Park","grid":"PM46qa","locations":"KR-KB","activations":2,"attempts":2,"qsos":48}},{"type":"Feature","geometry":{"type":"Point","coordinates":[128.43,36.1417]},"properties":{"ref":"KR-1118","name":"해마루공원\tHaemaru Neighborhood Provincial Park","grid":"PM46fd","locations":"KR-KB","activations":1,"attempts":1,"qsos":25}},{"type":"Feature","geometry":{"type":"Point","coordinates":[126.927,37.6293]},"properties":{"ref":"KR-1119","name":"향림근린공원\tHyangnim Neighborhood Provincial Park","grid":"PM37lp","locations":"KR-SO","activations":6,"attempts":8,"qsos":92}},{"type":"Feature","geometry":{"type":"Point","coordinates":[128.555,35.1478]},"properties":{"ref":"KR-1120","name":"현동공원\tHyeon-dong Neighborhood Provincial Park","grid":"PM45gd","locations":"KR-KN","activations":2,"attempts":2,"qsos":83}},{"type":"Feature","geometry":{"type":"Point","coordinates":[128.618,38.0743]},"properties":{"ref":"KR-1121","name":"현산공원\tHyeonsan Neighborhood Provincial Park","grid":"PM48hb","locations":"KR-KW","activations":0,"attempts":0,"qsos":0}},{"type":"Feature","geometry":{"type":"Point","coordinates":[126.944,37.38]},"properties":{"ref":"KR-1122","name":"호계공원\tHogye Neighborhood Provincial Park","grid":"PM37lj","locations":"KR-KG","activations":1,"attempts":1,"qsos":11}},{"type":"Feature","geometry":{"type":"Point","coordinates":[126.32,34.8895]},"properties":{"ref":"KR-1123","name":"홀매산근린공원\tHolmaesan Neighborhood Provincial Park","grid":"PM34dv","locations":"KR-CN","activations":0,"attempts":0,"qsos":0}},{"type":"Feature","geometry":{"type":"Point","coordinates":[126.546,36.5233]},"properties":{"ref":"KR-1124","name":"홍성결성읍성공원\tHongseong Gyeolseong Eupseong Neighborhood Provincial Park","grid":"PM36gm","locations":"KR-HN","activations":0,"attempts":0,"qsos":0}},{"type":"Feature","geometry":{"type":"Point","coordinates":[126.666,36.6546]},"properties":{"ref":"KR-1125","name":"홍예공원\tHong-ye Neighborhood Provincial Park","grid":"PM36hp","locations":"KR-HN","activations":0,"attempts":0,"qsos":0}},{"type":"Feature","geometry":{"type":"Point","coordinates":[127.106,37.3971]},"properties":{"ref":"KR-1126","name":"화랑공원\tHwarang Neighborhood Provincial Park","grid":"PM37nj","locations":"KR-KG","activations":2,"attempts":2,"qsos":24}},{"type":"Feature","geometry":{"type":"Point","coordinates":[127.127,35.8198]},"properties":{"ref":"KR-1127","name":"화산공원\tHwasan Neighborhood Provincial Park","grid":"PM35nt","locations":"KR-CB","activations":1,"attempts":1,"qsos":11}},{"type":"Feature","geometry":{"type":"Point","coordinates":[126.986,35.059]},"properties":{"ref":"KR-1128","name":"화순남산공원\tHwasun Namsan Neighborhood Provincial Park","grid":"PM35lb","locations":"KR-CN","activations":1,"attempts":1,"qsos":43}},{"type":"Feature","geometry":{"type":"Point","coordinates":[129.062,35.1752]},"properties":{"ref":"KR-1129","name":"화지공원\tHwaji Neighborhood Provincial Park","grid":"PM45me","locations":"KR-PU","activations":0,"attempts":0,"qsos":0}},{"type":"Feature","geometry":{"type":"Point","coordinates":[126.905,37.106]},"properties":{"ref":"KR-1130","name":"화합공원\tHwahap Neighborhood Provincial Park","grid":"PM37kc","locations":"KR-KG","activations":0,"attempts":0,"qsos":0}},{"type":"Feature","geometry":{"type":"Point","coordinates":[129.213,35.8577]},"properties":{"ref":"KR-1131","name":"황성공원\tHwangseong Neighborhood Provincial Park","grid":"PM45ou","locations":"KR-KB","activations":1,"attempts":1,"qsos":35}},{"type":"Feature","geometry":{"type":"Point","coordinates":[127.17,37.4458]},"properties":{"ref":"KR-1132","name":"황송공원\tHwangsong Neighborhood Provincial Park","grid":"PM37ok","locations":"KR-KG","activations":2,"attempts":2,"qsos":23}},{"type":"Feature","geometry":{"type":"Point","coordinates":[127.985,37.4931]},"properties":{"ref":"KR-1133","name":"횡성중앙근린공원\tHoengseongjung-ang Neighborhood Provincial Park","grid":"PM37xl","locations":"KR-KW","activations":0,"attempts":0,"qsos":0}},{"type":"Feature","geometry":{"type":"Point","coordinates":[127.038,37.2642]},"properties":{"ref":"KR-1134","name":"효원공원\tHyowon Neighborhood Provincial Park","grid":"PM37mg","locations":"KR-KG","activations":2,"attempts":3,"qsos":34}},{"type":"Feature","geometry":{"type":"Point","coordinates":[126.865,35.1041]},"properties":{"ref":"KR-1135","name":"효천근린공원\tHyocheon Neighborhood Provincial Park","grid":"PM35kc","locations":"KR-KJ","activations":1,"attempts":1,"qsos":10}},{"type":"Feature","geometry":{"type":"Point","coordinates":[127.077,37.2726]},"properties":{"ref":"KR-1136","name":"흥덕중앙공원\tHeungdeok Jungang Neighborhood Provincial Park","grid":"PM37mg","locations":"KR-KG","activations":1,"attempts":1,"qsos":18}},{"type":"Feature","geometry":{"type":"Point","coordinates":[126.715,37.3359]},"properties":{"ref":"KR-1137","name":"희망공원\tHuimang Neighborhood Provincial Park","grid":"PM37ii","locations":"KR-KG","activations":0,"attempts":0,"qsos":0}},{"type":"Feature","geometry":{"type":"Point","coordinates":[127.15,37.4493]},"properties":{"ref":"KR-1138","name":"희망대공원\tHuimangdae Neighborhood Provincial Park","grid":"PM37nk","locations":"KR-KG","activations":0,"attempts":0,"qsos":0}},{"type":"Feature","geometry":{"type":"Point","coordinates":[127.044,37.2881]},"properties":{"ref":"KR-1139","name":"혜령공원\tHyeryeongProvincial Neighborhood Park Provincial Park","grid":"PM37mg","locations":"KR-KG","activations":2,"attempts":3,"qsos":49}},{"type":"Feature","geometry":{"type":"Point","coordinates":[127.379,37.68]},"properties":{"ref":"KR-1140","name":"대성리국민관광단지\tDaeseongri National Tourist Complex Recreation Park","grid":"PM37qq","locations":"KR-KG","activations":4,"attempts":7,"qsos":69}},{"type":"Feature","geometry":{"type":"Point","coordinates":[127.313,37.5574]},"properties":{"ref":"KR-1141","name":"물의정원\tWater Garden National Ecological Park","grid":"PM37pn","locations":"KR-KG","activations":2,"attempts":3,"qsos":75}},{"type":"Feature","geometry":{"type":"Point","coordinates":[126.689,35.9554]},"properties":{"ref":"KR-1142","name":"은파호수공원\tEunpa Lake Ecological Park","grid":"PM35iw","locations":"KR-CN","activations":3,"attempts":3,"qsos":40}},{"type":"Feature","geometry":{"type":"Point","coordinates":[126.785,36.0139]},"properties":{"ref":"KR-1143","name":"오성산공원\tOseongsan Mountain Provincial Park","grid":"PM36ja","locations":"KR-CN","activations":2,"attempts":2,"qsos":20}},{"type":"Feature","geometry":{"type":"Point","coordinates":[127.202,38.2552]},"properties":{"ref":"KR-1144","name":"철원역사문화공원(노동당사)\tCheolwon Historical Culture National Memorial","grid":"PM38og","locations":"KR-KW","activations":1,"attempts":1,"qsos":10}},{"type":"Feature","geometry":{"type":"Point","coordinates":[127.097,37.2514]},"properties":{"ref":"KR-1145","name":"기흥호수공원\tGiheung Lake Waterside Ecological Park","grid":"PM37ng","locations":"KR-KG","activations":3,"attempts":3,"qsos":43}},{"type":"Feature","geometry":{"type":"Point","coordinates":[126.745,37.5739]},"properties":{"ref":"KR-1146","name":"경인아라뱃길\tGyeongin Ara Waterway National Park","grid":"PM37in","locations":"KR-IN,KR-KG,KR-SO","activations":1,"attempts":1,"qsos":26}},{"type":"Feature","geometry":{"type":"Point","coordinates":[128.582,34.853]},"properties":{"ref":"KR-1147","name":"거제스포츠파크\tGeoje Sports Recreation Park","grid":"PM44gu","locations":"KR-KN","activations":2,"attempts":3,"qsos":35}},{"type":"Feature","geometry":{"type":"Point","coordinates":[127.188,37.563]},"properties":{"ref":"KR-1148","name":"미사호수공원 Misa Lake Provincial Ecological Park","grid":"PM37on","locations":"KR-KG","activations":2,"attempts":2,"qsos":28}},{"type":"Feature","geometry":{"type":"Point","coordinates":[126.548,37.7401]},"properties":{"ref":"KR-1149","name":"문수산공원\tMunsusan Mountain Provincial Park","grid":"PM37gr","locations":"KR-KG","activations":0,"attempts":0,"qsos":0}},{"type":"Feature","geometry":{"type":"Point","coordinates":[126.554,37.7212]},"properties":{"ref":"KR-1150","name":"김포국제조각공원\tGimpo International Sculpture Recreation Park","grid":"PM37gr","locations":"KR-KG","activations":1,"attempts":1,"qsos":12}},{"type":"Feature","geometry":{"type":"Point","coordinates":[126.642,37.684]},"properties":{"ref":"KR-1152","name":"통진레코파크\tTongjin Recopark Recreation Park","grid":"PM37hq","locations":"KR-KG","activations":0,"attempts":0,"qsos":0}},{"type":"Feature","geometry":{"type":"Point","coordinates":[126.961,37.4429]},"properties":{"ref":"KR-1153","name":"관악산\tGwanaksan Mountain Provincial Park","grid":"PM37lk","locations":"KR-KG,KR-SO","activations":8,"attempts":8,"qsos":222}},{"type":"Feature","geometry":{"type":"Point","coordinates":[127.122,37.3213]},"properties":{"ref":"KR-1154","name":"배수지공원\tBaesuji Neighborhood Provincial Park","grid":"PM37nh","locations":"KR-KG","activations":4,"attempts":4,"qsos":50}},{"type":"Feature","geometry":{"type":"Point","coordinates":[128.733,37.6474]},"properties":{"ref":"KR-1155","name":"고루포기산공원 Gorupogi Mountain Provincial Park","grid":"PM47ip","locations":"KR-KW","activations":7,"attempts":8,"qsos":117}},{"type":"Feature","geometry":{"type":"Point","coordinates":[126.862,35.6797]},"properties":{"ref":"KR-1156","name":"만석보터\tManseokboteo Historic Site","grid":"PM35kq","locations":"KR-CB","activations":2,"attempts":2,"qsos":31}},{"type":"Feature","geometry":{"type":"Point","coordinates":[127.071,35.9014]},"properties":{"ref":"KR-1157","name":"삼례비비정\tSamrye Bibijeong Historic Site","grid":"PM35mv","locations":"KR-CB","activations":1,"attempts":1,"qsos":10}},{"type":"Feature","geometry":{"type":"Point","coordinates":[127.398,36.8685]},"properties":{"ref":"KR-1158","name":"백곡저수지공원 Baekok Reservoir Provincial Ecological Park","grid":"PM36qu","locations":"KR-HB","activations":1,"attempts":1,"qsos":35}},{"type":"Feature","geometry":{"type":"Point","coordinates":[127.516,36.8218]},"properties":{"ref":"KR-1159","name":"초평저수지공원 Chopyeong Reservoir Provincial Ecological Park","grid":"PM36st","locations":"KR-HB","activations":2,"attempts":2,"qsos":23}},{"type":"Feature","geometry":{"type":"Point","coordinates":[127.849,37.0399]},"properties":{"ref":"KR-1160","name":"민주지산 Minjujisan Moubtain Provincial Park","grid":"PM37wa","locations":"KR-HB","activations":1,"attempts":1,"qsos":10}},{"type":"Feature","geometry":{"type":"Point","coordinates":[127.531,35.9432]},"properties":{"ref":"KR-1161","name":"용담댐조각공원 Yongdam Dam Ecological Park","grid":"PM35sw","locations":"KR-CB","activations":3,"attempts":6,"qsos":44}},{"type":"Feature","geometry":{"type":"Point","coordinates":[127.139,36.8297]},"properties":{"ref":"KR-1162","name":"성정공원 Seongjeong Provincial Park","grid":"PM36nt","locations":"KR-HN","activations":2,"attempts":2,"qsos":46}},{"type":"Feature","geometry":{"type":"Point","coordinates":[127.03,37.5482]},"properties":{"ref":"KR-1163","name":"응봉산공원 Eungbong Mountain Provincial Park","grid":"PM37mn","locations":"KR-SO","activations":1,"attempts":1,"qsos":33}},{"type":"Feature","geometry":{"type":"Point","coordinates":[127.016,37.7005]},"properties":{"ref":"KR-1164","name":"도봉산공원 Dobong Mountain Provincial Park","grid":"PM37mq","locations":"KR-KG,KR-SO","activations":1,"attempts":1,"qsos":48}},{"type":"Feature","geometry":{"type":"Point","coordinates":[127.106,37.5996]},"properties":{"ref":"KR-1165","name":"망우산공원\tMang-usan Mountain Provincial Park","grid":"PM37no","locations":"KR-KG,KR-SO","activations":0,"attempts":0,"qsos":0}},{"type":"Feature","geometry":{"type":"Point","coordinates":[126.92,37.4189]},"properties":{"ref":"KR-1166","name":"안양예술공원 Anyang Art Provincial Park","grid":"PM37lk","locations":"KR-KG","activations":2,"attempts":2,"qsos":33}},{"type":"Feature","geometry":{"type":"Point","coordinates":[126.923,37.4348]},"properties":{"ref":"KR-1167","name":"삼막사계곡\tSammaksa Valley Ecological Park","grid":"PM37lk","locations":"KR-KG","activations":3,"attempts":3,"qsos":95}},{"type":"Feature","geometry":{"type":"Point","coordinates":[127.529,37.8165]},"properties":{"ref":"KR-1168","name":"자라섬 Jarasum Recreation Park","grid":"PM37st","locations":"KR-KG","activations":1,"attempts":1,"qsos":13}},{"type":"Feature","geometry":{"type":"Point","coordinates":[128.21,37.1733]},"properties":{"ref":"KR-1169","name":"의림지\tUirimji Reservoir Ecological Park","grid":"PM47ce","locations":"KR-HB","activations":0,"attempts":0,"qsos":0}},{"type":"Feature","geometry":{"type":"Point","coordinates":[126.492,36.7938]},"properties":{"ref":"KR-1170","name":"잠홍저수지수변공원 Jamhong Reservoir Waterside Ecological Park","grid":"PM36ft","locations":"KR-HN","activations":1,"attempts":1,"qsos":13}},{"type":"Feature","geometry":{"type":"Point","coordinates":[126.938,36.3221]},"properties":{"ref":"KR-1171","name":"금강왕진나루지구공원 Geumgang Wangjinnaru Riverside Ecological Park","grid":"PM36lh","locations":"KR-HN","activations":0,"attempts":0,"qsos":0}},{"type":"Feature","geometry":{"type":"Point","coordinates":[127.136,36.8472]},"properties":{"ref":"KR-1172","name":"성성호수공원 Seongseong Lake Waterside Ecological Park","grid":"PM36nu","locations":"KR-HN","activations":2,"attempts":2,"qsos":23}},{"type":"Feature","geometry":{"type":"Point","coordinates":[127.185,37.5252]},"properties":{"ref":"KR-1173","name":"이성산성 Iseongsanseong Fortress Historic Site","grid":"PM37om","locations":"KR-KG","activations":2,"attempts":2,"qsos":38}},{"type":"Feature","geometry":{"type":"Point","coordinates":[127.478,36.0752]},"properties":{"ref":"KR-1174","name":"개삼터테마공원 Gaesamteo Theme Provincial Park","grid":"PM36rb","locations":"KR-HN","activations":2,"attempts":2,"qsos":39}},{"type":"Feature","geometry":{"type":"Point","coordinates":[126.812,37.3245]},"properties":{"ref":"KR-1175","name":"화랑유원지\tHwarang Waterside Ecological Park","grid":"PM37jh","locations":"KR-KG","activations":13,"attempts":13,"qsos":436}},{"type":"Feature","geometry":{"type":"Point","coordinates":[127,37.2995]},"properties":{"ref":"KR-1176","name":"만석공원 Manseok Provincial Ecological Park","grid":"PM37mh","locations":"KR-KG","activations":2,"attempts":2,"qsos":60}},{"type":"Feature","geometry":{"type":"Point","coordinates":[126.64,37.6774]},"properties":{"ref":"KR-1177","name":"김포누산수로 Gimpo Nusan Waterway Ecological Park","grid":"PM37hq","locations":"KR-KG","activations":2,"attempts":2,"qsos":37}},{"type":"Feature","geometry":{"type":"Point","coordinates":[126.764,34.6419]},"properties":{"ref":"KR-1178","name":"세계모란공원(영랑생가)\tSegyemoran Ecological Park","grid":"PM34jp","locations":"KR-CN","activations":1,"attempts":1,"qsos":14}},{"type":"Feature","geometry":{"type":"Point","coordinates":[126.753,34.6389]},"properties":{"ref":"KR-1179","name":"강진천변생태호수공원\tGangjin Waterside Lake Ecological Park","grid":"PM34jp","locations":"KR-CN","activations":1,"attempts":1,"qsos":10}},{"type":"Feature","geometry":{"type":"Point","coordinates":[126.774,34.6211]},"properties":{"ref":"KR-1180","name":"강진만생태공원\tGangjin Bay Ecological Park","grid":"PM34jo","locations":"KR-CN","activations":1,"attempts":1,"qsos":11}},{"type":"Feature","geometry":{"type":"Point","coordinates":[127.486,37.4856]},"properties":{"ref":"KR-1181","name":"강상체육공원\tGangsang Sport Recreation Park","grid":"PM37rl","locations":"KR-KG","activations":12,"attempts":12,"qsos":403}},{"type":"Feature","geometry":{"type":"Point","coordinates":[126.977,37.892]},"properties":{"ref":"KR-1182","name":"신산리공원 Sinsanri Neighborhood Provincial Park","grid":"PM37lv","locations":"KR-KG","activations":2,"attempts":2,"qsos":25}},{"type":"Feature","geometry":{"type":"Point","coordinates":[126.45,37.2727]},"properties":{"ref":"KR-1183","name":"장경리해변공원 Janggyeong-ri Beach Provincial Park","grid":"PM37fg","locations":"KR-IN","activations":7,"attempts":7,"qsos":150}},{"type":"Feature","geometry":{"type":"Point","coordinates":[126.845,37.4669]},"properties":{"ref":"KR-1184","name":"광명스피돔\tGwangmyeong Speedom National Recreation Park","grid":"PM37kl","locations":"KR-KG","activations":12,"attempts":13,"qsos":176}},{"type":"Feature","geometry":{"type":"Point","coordinates":[127.592,36.1163]},"properties":{"ref":"KR-1185","name":"기러기공원(원골유원지)\tGireogi(Wongol) Recreation Park","grid":"PM36tc","locations":"KR-HN","activations":3,"attempts":4,"qsos":47}},{"type":"Feature","geometry":{"type":"Point","coordinates":[127.3,37.6508]},"properties":{"ref":"KR-1186","name":"화도근린공원\tHwado Neighborhood Provincial Park","grid":"PM37pp","locations":"KR-KG","activations":1,"attempts":1,"qsos":13}},{"type":"Feature","geometry":{"type":"Point","coordinates":[127.485,36.3305]},"properties":{"ref":"KR-1187","name":"세천생태공원(세천유원지)\tSaecheon Ecological Park","grid":"PM36rh","locations":"KR-TJ","activations":14,"attempts":14,"qsos":264}},{"type":"Feature","geometry":{"type":"Point","coordinates":[127.154,37.4192]},"properties":{"ref":"KR-1188","name":"섬말공원\tSeommal Ecological Park","grid":"PM37nk","locations":"KR-KG","activations":2,"attempts":2,"qsos":27}},{"type":"Feature","geometry":{"type":"Point","coordinates":[126.709,37.6442]},"properties":{"ref":"KR-1191","name":"김포레코파크\tGimpo Reco Recreation Park","grid":"PM37ip","locations":"KR-KG","activations":0,"attempts":0,"qsos":0}},{"type":"Feature","geometry":{"type":"Point","coordinates":[126.878,37.5032]},"properties":{"ref":"KR-1192","name":"서울본부만남의장\tSeoul Headquarter Park","grid":"PM37km","locations":"KR-SO","activations":8,"attempts":9,"qsos":154}},{"type":"Feature","geometry":{"type":"Point","coordinates":[128.498,35.2601]},"properties":{"ref":"KR-1193","name":"청강공원 \tCheonggang Neighborhood Provincial Park","grid":"PM45fg","locations":"KR-KN","activations":2,"attempts":2,"qsos":77}},{"type":"Feature","geometry":{"type":"Point","coordinates":[127.324,37.4623]},"properties":{"ref":"KR-1194","name":"여가녹지공원\tYeoga Green Neighborhood Provincial Park","grid":"PM37pl","locations":"KR-KG","activations":5,"attempts":5,"qsos":55}},{"type":"Feature","geometry":{"type":"Point","coordinates":[128.246,36.4583]},"properties":{"ref":"KR-1195","name":"경천대국민관광지\tGyeongcheondae National Tourist Complex Park","grid":"PM46ck","locations":"KR-KB","activations":2,"attempts":2,"qsos":22}},{"type":"Feature","geometry":{"type":"Point","coordinates":[127.084,37.787]},"properties":{"ref":"KR-1196","name":"나리공원\tNari Neighborhood Provincial Park","grid":"PM37ns","locations":"KR-KG","activations":1,"attempts":1,"qsos":11}},{"type":"Feature","geometry":{"type":"Point","coordinates":[128.704,35.1229]},"properties":{"ref":"KR-1197","name":"벚꽃공원\tBeotkkot Neighborhood Provincial Park","grid":"PM45ic","locations":"KR-KN","activations":3,"attempts":3,"qsos":52}},{"type":"Feature","geometry":{"type":"Point","coordinates":[127.366,37.6469]},"properties":{"ref":"KR-1198","name":"북한강야외공연장\tBukhan River Outdoor Concert Place Provincial Park","grid":"PM37qp","locations":"KR-KG","activations":4,"attempts":4,"qsos":114}},{"type":"Feature","geometry":{"type":"Point","coordinates":[127.087,37.5141]},"properties":{"ref":"KR-1199","name":"부리근린공원\tBuri Neighborhood Provincial Park","grid":"PM37nm","locations":"KR-SO","activations":7,"attempts":9,"qsos":103}},{"type":"Feature","geometry":{"type":"Point","coordinates":[127.219,37.6939]},"properties":{"ref":"KR-1200","name":"오남호수공원\tOnam Waterside Ecological Park","grid":"PM37oq","locations":"KR-KG","activations":1,"attempts":1,"qsos":14}},{"type":"Feature","geometry":{"type":"Point","coordinates":[127.318,37.548]},"properties":{"ref":"KR-1201","name":"양수리환경생태공원\tYangsuri Supulro Ecological Park","grid":"PM37pn","locations":"KR-KG","activations":2,"attempts":3,"qsos":28}},{"type":"Feature","geometry":{"type":"Point","coordinates":[128.504,34.8339]},"properties":{"ref":"KR-1202","name":"둔덕가족생활체육공원\tDundeok Family Sports Recreation Park","grid":"PM44gu","locations":"KR-KN","activations":2,"attempts":2,"qsos":21}},{"type":"Feature","geometry":{"type":"Point","coordinates":[128.033,37.5456]},"properties":{"ref":"KR-1203","name":"횡성댐물문화관(수림공원)\tHoengseongdaem Mulmunhwagwan (Surim) Ecological Park","grid":"PM47an","locations":"KR-KW","activations":0,"attempts":0,"qsos":0}},{"type":"Feature","geometry":{"type":"Point","coordinates":[128.214,37.5169]},"properties":{"ref":"KR-1204","name":"둔내종합체육공원\tDunae Sports Recreation Park","grid":"PM47cm","locations":"KR-KW","activations":1,"attempts":1,"qsos":23}},{"type":"Feature","geometry":{"type":"Point","coordinates":[126.817,37.2812]},"properties":{"ref":"KR-1205","name":"수노을중앙공원\tSunoeul Jungang Ecological Park","grid":"PM37jg","locations":"KR-KG","activations":1,"attempts":1,"qsos":55}},{"type":"Feature","geometry":{"type":"Point","coordinates":[126.84,37.2745]},"properties":{"ref":"KR-1206","name":"갈대습지공원\tAnsan Galdae Waterland Ecological Park","grid":"PM37kg","locations":"KR-KG","activations":1,"attempts":1,"qsos":18}},{"type":"Feature","geometry":{"type":"Point","coordinates":[126.834,37.2778]},"properties":{"ref":"KR-1207","name":"안산수변공원길\tAnsan Waterside Road Ecological Park","grid":"PM37kg","locations":"KR-KG","activations":2,"attempts":2,"qsos":34}},{"type":"Feature","geometry":{"type":"Point","coordinates":[126.832,37.2821]},"properties":{"ref":"KR-1208","name":"하늬울공원\tHaneuiwul Neighborhood Provincial Park","grid":"PM37jg","locations":"KR-KG","activations":28,"attempts":28,"qsos":1026}},{"type":"Feature","geometry":{"type":"Point","coordinates":[126.838,37.3037]},"properties":{"ref":"KR-1209","name":"사동8호공원\tSadong 8th Neighborhood Provincial Park","grid":"PM37kh","locations":"KR-KG","activations":2,"attempts":2,"qsos":33}},{"type":"Feature","geometry":{"type":"Point","coordinates":[126.838,37.2876]},"properties":{"ref":"KR-1210","name":"사동공원\tSadong Neighborhood Provincial Park","grid":"PM37kg","locations":"KR-KG","activations":20,"attempts":20,"qsos":1210}},{"type":"Feature","geometry":{"type":"Point","coordinates":[126.845,37.3026]},"properties":{"ref":"KR-1211","name":"석호공원\tSeokho Neighborhood Provincial Park","grid":"PM37kh","locations":"KR-KG","activations":1,"attempts":1,"qsos":43}},{"type":"Feature","geometry":{"type":"Point","coordinates":[126.838,37.3038]},"properties":{"ref":"KR-1212","name":"마로니에공원(안산)\tAnsan Marronnier Neighborhood Provincial Park","grid":"PM37kh","locations":"KR-KG","activations":2,"attempts":2,"qsos":33}},{"type":"Feature","geometry":{"type":"Point","coordinates":[126.837,37.3826]},"properties":{"ref":"KR-1213","name":"물왕저수지\tMurwang Resevoir Ecological Park","grid":"PM37kj","locations":"KR-KG","activations":5,"attempts":5,"qsos":129}},{"type":"Feature","geometry":{"type":"Point","coordinates":[126.811,37.3907]},"properties":{"ref":"KR-1214","name":"연성1공원(발바닥공원)\tYeonseong 1st Neighborhood Provincial Park","grid":"PM37jj","locations":"KR-KG","activations":0,"attempts":0,"qsos":0}},{"type":"Feature","geometry":{"type":"Point","coordinates":[126.805,37.3915]},"properties":{"ref":"KR-1215","name":"시흥국민체육센터(성마루공원)\tSiheung Sports Training Center Recreation Park","grid":"PM37jj","locations":"KR-KG","activations":0,"attempts":0,"qsos":0}},{"type":"Feature","geometry":{"type":"Point","coordinates":[126.804,37.3957]},"properties":{"ref":"KR-1216","name":"샛말근린공원\tSaenmal Neighborhood Provincial Park","grid":"PM37jj","locations":"KR-KG","activations":1,"attempts":1,"qsos":28}},{"type":"Feature","geometry":{"type":"Point","coordinates":[126.807,37.4022]},"properties":{"ref":"KR-1217","name":"시흥연꽃테마파크(관곡지)\tSiheung Lotus Flower Theme Park Ecological Park","grid":"PM37jj","locations":"KR-KG","activations":0,"attempts":0,"qsos":0}},{"type":"Feature","geometry":{"type":"Point","coordinates":[126.784,37.4048]},"properties":{"ref":"KR-1218","name":"포동생활체육공원\tPodong Life Sports Recreation Park","grid":"PM37jj","locations":"KR-KG","activations":0,"attempts":0,"qsos":0}},{"type":"Feature","geometry":{"type":"Point","coordinates":[126.792,37.4195]},"properties":{"ref":"KR-1219","name":"숲속공원(시흥)\tSinhyeon Supsok Neighborhood Provincial Park","grid":"PM37jk","locations":"KR-KG","activations":1,"attempts":1,"qsos":13}},{"type":"Feature","geometry":{"type":"Point","coordinates":[126.786,37.4357]},"properties":{"ref":"KR-1220","name":"신천근린공원(시흥)\tSincheon Neighborhood Provincial Park","grid":"PM37jk","locations":"KR-KG","activations":0,"attempts":0,"qsos":0}},{"type":"Feature","geometry":{"type":"Point","coordinates":[126.807,37.4429]},"properties":{"ref":"KR-1221","name":"오난산전망공원\tOnansan Outlook Neighborhood Provincial Park","grid":"PM37jk","locations":"KR-KG","activations":2,"attempts":2,"qsos":25}},{"type":"Feature","geometry":{"type":"Point","coordinates":[126.804,37.4489]},"properties":{"ref":"KR-1222","name":"밤비천물길공원\tBambicheon Waterway Ecological Park","grid":"PM37jk","locations":"KR-KG","activations":1,"attempts":1,"qsos":11}},{"type":"Feature","geometry":{"type":"Point","coordinates":[126.794,37.441]},"properties":{"ref":"KR-1223","name":"비둘기공원\tBidulgi Neighborhood Provincial Park","grid":"PM37jk","locations":"KR-KG","activations":0,"attempts":0,"qsos":0}},{"type":"Feature","geometry":{"type":"Point","coordinates":[127.105,37.3273]},"properties":{"ref":"KR-1224","name":"용인아르피아체육공원\tYong-in Areupia Sport Park Recreation Park","grid":"PM37nh","locations":"KR-KG","activations":0,"attempts":1,"qsos":6}},{"type":"Feature","geometry":{"type":"Point","coordinates":[126.607,37.3117]},"properties":{"ref":"KR-1225","name":"시화나래조력공원\tSihwa Narae Tidal Power Ecological Park","grid":"PM37hh","locations":"KR-KG","activations":1,"attempts":1,"qsos":12}},{"type":"Feature","geometry":{"type":"Point","coordinates":[126.848,37.2932]},"properties":{"ref":"KR-1226","name":"감골공원\tGamgol Neighborhood Provincial Park","grid":"PM37kh","locations":"KR-KG","activations":0,"attempts":0,"qsos":0}},{"type":"Feature","geometry":{"type":"Point","coordinates":[126.861,37.2874]},"properties":{"ref":"KR-1227","name":"오목골공원\tOmokgol Neighborhood Provincial Park","grid":"PM37kg","locations":"KR-KG","activations":0,"attempts":0,"qsos":0}},{"type":"Feature","geometry":{"type":"Point","coordinates":[126.87,37.2887]},"properties":{"ref":"KR-1228","name":"반월공원\tBanwol Neighborhood Provincial Park","grid":"PM37kg","locations":"KR-KG","activations":0,"attempts":0,"qsos":0}},{"type":"Feature","geometry":{"type":"Point","coordinates":[126.874,37.2925]},"properties":{"ref":"KR-1229","name":"각골공원\tGakgol Neighborhood Provincial Park","grid":"PM37kh","locations":"KR-KG","activations":1,"attempts":1,"qsos":11}},{"type":"Feature","geometry":{"type":"Point","coordinates":[126.854,37.3062]},"properties":{"ref":"KR-1230","name":"용하공원\tYongha Neighborhood Provincial Park","grid":"PM37kh","locations":"KR-KG","activations":1,"attempts":1,"qsos":14}},{"type":"Feature","geometry":{"type":"Point","coordinates":[126.848,37.3095]},"properties":{"ref":"KR-1231","name":"이동공원\tIdong Neighborhood Provincial Park","grid":"PM37kh","locations":"KR-KG","activations":0,"attempts":0,"qsos":0}},{"type":"Feature","geometry":{"type":"Point","coordinates":[126.838,37.3092]},"properties":{"ref":"KR-1232","name":"민속공원\tMinsok Neighborhood Provincial Park","grid":"PM37kh","locations":"KR-KG","activations":1,"attempts":1,"qsos":86}},{"type":"Feature","geometry":{"type":"Point","coordinates":[126.825,37.3083]},"properties":{"ref":"KR-1233","name":"고잔공원\tGojan Neighborhood Provincial Park","grid":"PM37jh","locations":"KR-KG","activations":1,"attempts":1,"qsos":46}},{"type":"Feature","geometry":{"type":"Point","coordinates":[126.816,37.3108]},"properties":{"ref":"KR-1234","name":"둔배미공원\tDunbaemi Neighborhood Provincial Park","grid":"PM37jh","locations":"KR-KG","activations":0,"attempts":0,"qsos":0}},{"type":"Feature","geometry":{"type":"Point","coordinates":[126.816,37.3052]},"properties":{"ref":"KR-1235","name":"풍경공원\tPhunggyeong Neighborhood Provincial Park","grid":"PM37jh","locations":"KR-KG","activations":2,"attempts":2,"qsos":64}},{"type":"Feature","geometry":{"type":"Point","coordinates":[126.845,37.3273]},"properties":{"ref":"KR-1236","name":"월피공원\tWolpi Neighborhood Provincial Park","grid":"PM37kh","locations":"KR-KG","activations":1,"attempts":1,"qsos":11}},{"type":"Feature","geometry":{"type":"Point","coordinates":[126.84,37.3322]},"properties":{"ref":"KR-1237","name":"광덕공원\tGwangdeok Neighborhood Provincial Park","grid":"PM37kh","locations":"KR-KG","activations":1,"attempts":1,"qsos":11}},{"type":"Feature","geometry":{"type":"Point","coordinates":[126.855,37.3354]},"properties":{"ref":"KR-1238","name":"시낭공원\tSinang Neighborhood Provincial Park","grid":"PM37ki","locations":"KR-KG","activations":1,"attempts":1,"qsos":13}},{"type":"Feature","geometry":{"type":"Point","coordinates":[126.819,37.3399]},"properties":{"ref":"KR-1239","name":"와동체육공원\tWadong Neighborhood Recreation Park","grid":"PM37ji","locations":"KR-KG","activations":2,"attempts":2,"qsos":21}},{"type":"Feature","geometry":{"type":"Point","coordinates":[126.847,37.2594]},"properties":{"ref":"KR-1240","name":"비봉인공습지공원\tBibong Marsh Ecological Park","grid":"PM37kg","locations":"KR-KG","activations":1,"attempts":1,"qsos":18}},{"type":"Feature","geometry":{"type":"Point","coordinates":[127.113,37.3367]},"properties":{"ref":"KR-1241","name":"진고개공원(성남) Jin-gogae Neighborhood Provincial Park","grid":"PM37ni","locations":"KR-KG","activations":1,"attempts":1,"qsos":10}},{"type":"Feature","geometry":{"type":"Point","coordinates":[127.113,37.333]},"properties":{"ref":"KR-1242","name":"진고개공원(용인) Jin-gogae Park National Park","grid":"PM37nh","locations":"KR-KG","activations":1,"attempts":1,"qsos":10}},{"type":"Feature","geometry":{"type":"Point","coordinates":[127.012,37.653]},"properties":{"ref":"KR-1243","name":"솔밭근린공원(서울)\tSolbat Neighborhood Provincial Park","grid":"PM37mp","locations":"KR-SO","activations":0,"attempts":0,"qsos":0}},{"type":"Feature","geometry":{"type":"Point","coordinates":[127.289,36.5136]},"properties":{"ref":"KR-1244","name":"무궁화테마공원(세종)\tMugunghwa Theme Provincial Park","grid":"PM36pm","locations":"KR-SJ","activations":2,"attempts":2,"qsos":48}},{"type":"Feature","geometry":{"type":"Point","coordinates":[128.634,34.8782]},"properties":{"ref":"KR-1245","name":"독봉산웰빙공원\tDokbongsan Well-Being Neighborhood Provincial Park","grid":"PM44hv","locations":"KR-KN","activations":1,"attempts":1,"qsos":12}},{"type":"Feature","geometry":{"type":"Point","coordinates":[128.639,34.8685]},"properties":{"ref":"KR-1246","name":"용산쉼터(거제)\tYongsan Rest Area Neighborhood Provincial Park","grid":"PM44hu","locations":"KR-KN","activations":0,"attempts":0,"qsos":0}},{"type":"Feature","geometry":{"type":"Point","coordinates":[126.667,37.5024]},"properties":{"ref":"KR-1247","name":"석남녹지도시숲\tSeognam Nokjisup Ecological Park","grid":"PM37im","locations":"KR-IN","activations":1,"attempts":1,"qsos":14}},{"type":"Feature","geometry":{"type":"Point","coordinates":[127.105,37.8453]},"properties":{"ref":"KR-1248","name":"회암사지\tHoeamsa Temple Historic Site","grid":"PM37nu","locations":"KR-KG","activations":2,"attempts":2,"qsos":23}},{"type":"Feature","geometry":{"type":"Point","coordinates":[126.475,37.4442]},"properties":{"ref":"KR-1249","name":"인천공항하늘정원\tIncheon Airport Hanuel Gardern Ecological Park","grid":"PM37fk","locations":"KR-IN","activations":2,"attempts":2,"qsos":26}},{"type":"Feature","geometry":{"type":"Point","coordinates":[126.551,37.5043]},"properties":{"ref":"KR-1250","name":"석화도시자연공원구역\tSeokhwasan Mountain Ecological Park","grid":"PM37gm","locations":"KR-IN","activations":45,"attempts":45,"qsos":1122}},{"type":"Feature","geometry":{"type":"Point","coordinates":[126.578,37.4895]},"properties":{"ref":"KR-1251","name":"영종진공원\tYeongjongjin Neighborhood Provincial Park","grid":"PM37gl","locations":"KR-IN","activations":3,"attempts":3,"qsos":54}},{"type":"Feature","geometry":{"type":"Point","coordinates":[126.525,37.5251]},"properties":{"ref":"KR-1252","name":"미단시티3호근린공원\tMidanssiti 3 Ho Neighborhood Provincial Park","grid":"PM37gm","locations":"KR-IN","activations":2,"attempts":2,"qsos":45}},{"type":"Feature","geometry":{"type":"Point","coordinates":[126.488,37.4968]},"properties":{"ref":"KR-1253","name":"영마루공원\tYeongmaru Neighborhood Provincial Park","grid":"PM37fl","locations":"KR-IN","activations":1,"attempts":1,"qsos":13}},{"type":"Feature","geometry":{"type":"Point","coordinates":[126.564,37.4857]},"properties":{"ref":"KR-1254","name":"송산공원\tSongsan Neighborhood Provincial Park","grid":"PM37gl","locations":"KR-IN","activations":3,"attempts":3,"qsos":48}},{"type":"Feature","geometry":{"type":"Point","coordinates":[126.572,37.493]},"properties":{"ref":"KR-1255","name":"방죽공원(영종도)\tBangjuk (Yeongjongdo) Neighborhood Provincial Park","grid":"PM37gl","locations":"KR-IN","activations":2,"attempts":2,"qsos":26}},{"type":"Feature","geometry":{"type":"Point","coordinates":[126.373,37.4462]},"properties":{"ref":"KR-1256","name":"을왕리해수욕장\tEurwangni Beach Provincial Park","grid":"PM37ek","locations":"KR-IN","activations":1,"attempts":1,"qsos":13}},{"type":"Feature","geometry":{"type":"Point","coordinates":[126.37,37.4557]},"properties":{"ref":"KR-1257","name":"왕산해수욕장\tWangsan Beach Provincial Park","grid":"PM37ek","locations":"KR-IN","activations":1,"attempts":1,"qsos":13}},{"type":"Feature","geometry":{"type":"Point","coordinates":[126.417,37.4318]},"properties":{"ref":"KR-1258","name":"마시안해변\tMasian Beach Provincial Park","grid":"PM37ek","locations":"KR-IN","activations":1,"attempts":1,"qsos":12}},{"type":"Feature","geometry":{"type":"Point","coordinates":[126.271,33.1759]},"properties":{"ref":"KR-1259","name":"가파도\tGapado Island Provincial Park","grid":"PM33de","locations":"KR-CJ","activations":0,"attempts":0,"qsos":0}},{"type":"Feature","geometry":{"type":"Point","coordinates":[126.271,33.1686]},"properties":{"ref":"KR-1260","name":"회을공원\tHui-Eul Neighborhood Provincial Park","grid":"PM33de","locations":"KR-CJ","activations":0,"attempts":0,"qsos":0}},{"type":"Feature","geometry":{"type":"Point","coordinates":[126.403,37.403]},"properties":{"ref":"KR-1261","name":"실미해수욕장\tSilmi Beach Provincial Park","grid":"PM37ej","locations":"KR-IN","activations":2,"attempts":2,"qsos":25}},{"type":"Feature","geometry":{"type":"Point","coordinates":[126.412,37.3852]},"properties":{"ref":"KR-1262","name":"해나개해수욕장유원지\tHaenagae Beach Resort Provincial Park","grid":"PM37ej","locations":"KR-IN","activations":1,"attempts":1,"qsos":18}},{"type":"Feature","geometry":{"type":"Point","coordinates":[126.431,37.5446]},"properties":{"ref":"KR-1263","name":"수기해수욕장\tSugi Beach Provincial Park","grid":"PM37fn","locations":"KR-IN","activations":0,"attempts":0,"qsos":0}},{"type":"Feature","geometry":{"type":"Point","coordinates":[126.467,37.5384]},"properties":{"ref":"KR-1264","name":"능원이해변\tNeungwoni Beach Provincial Park","grid":"PM37fm","locations":"KR-IN","activations":0,"attempts":0,"qsos":0}},{"type":"Feature","geometry":{"type":"Point","coordinates":[126.406,37.529]},"properties":{"ref":"KR-1265","name":"배미꾸미조각공원\tBaemiggumi Sculpture Provincial Park","grid":"PM37em","locations":"KR-IN","activations":0,"attempts":0,"qsos":0}},{"type":"Feature","geometry":{"type":"Point","coordinates":[126.516,37.4942]},"properties":{"ref":"KR-1266","name":"백운산전망대\tBaegwon Mountain Provincial Park","grid":"PM37gl","locations":"KR-IN","activations":2,"attempts":2,"qsos":24}},{"type":"Feature","geometry":{"type":"Point","coordinates":[127.13,37.5602]},"properties":{"ref":"KR-1267","name":"서울암사동유적\tAmsa-dong Historic Site","grid":"PM37nn","locations":"KR-SO","activations":1,"attempts":1,"qsos":60}},{"type":"Feature","geometry":{"type":"Point","coordinates":[127.131,37.5583]},"properties":{"ref":"KR-1268","name":"암사역사공원\tAmsa Historic Park","grid":"PM37nn","locations":"KR-SO","activations":1,"attempts":1,"qsos":60}},{"type":"Feature","geometry":{"type":"Point","coordinates":[127.267,36.9825]},"properties":{"ref":"KR-1269","name":"안성체육공원\tAnseong Sports Recreation Park","grid":"PM36px","locations":"KR-KG","activations":0,"attempts":0,"qsos":0}},{"type":"Feature","geometry":{"type":"Point","coordinates":[128.909,35.0875]},"properties":{"ref":"KR-1270","name":"명지근린공원 Myeongji Neighborhood Provincial Park","grid":"PM45kc","locations":"KR-PU","activations":1,"attempts":1,"qsos":35}},{"type":"Feature","geometry":{"type":"Point","coordinates":[128.578,35.2005]},"properties":{"ref":"KR-1271","name":"합포수변공원\tHappo Waterside Ecological Park","grid":"PM45ge","locations":"KR-KN","activations":2,"attempts":2,"qsos":51}},{"type":"Feature","geometry":{"type":"Point","coordinates":[128.572,35.1974]},"properties":{"ref":"KR-1272","name":"마산조각공원\tMasan Sculpture Provincial Park","grid":"PM45ge","locations":"KR-KN","activations":1,"attempts":1,"qsos":62}},{"type":"Feature","geometry":{"type":"Point","coordinates":[128.702,34.8942]},"properties":{"ref":"KR-1273","name":"옥포공원\tOkpo Provincial Park","grid":"PM44iv","locations":"KR-KN","activations":0,"attempts":0,"qsos":0}},{"type":"Feature","geometry":{"type":"Point","coordinates":[128.594,34.8306]},"properties":{"ref":"KR-1274","name":"산촌습지\tSanchon Wetland Ecological Park","grid":"PM44ht","locations":"KR-KN","activations":1,"attempts":1,"qsos":11}},{"type":"Feature","geometry":{"type":"Point","coordinates":[126.897,37.6063]},"properties":{"ref":"KR-1275","name":"솔내음공원\tSolnaeum Neighborhood Provincial Park","grid":"PM37ko","locations":"KR-KG","activations":1,"attempts":1,"qsos":19}},{"type":"Feature","geometry":{"type":"Point","coordinates":[126.894,37.6065]},"properties":{"ref":"KR-1276","name":"꽃향기공원\tGgothyanggi Neighborhood Provincial Park","grid":"PM37ko","locations":"KR-KG","activations":0,"attempts":0,"qsos":0}},{"type":"Feature","geometry":{"type":"Point","coordinates":[126.435,35.8139]},"properties":{"ref":"KR-1277","name":"고군산군도지질공원\tGogunsan Islands Geopark","grid":"PM35ft","locations":"KR-CB","activations":18,"attempts":20,"qsos":4465}},{"type":"Feature","geometry":{"type":"Point","coordinates":[128.124,38.0872]},"properties":{"ref":"KR-1278","name":"갯골자연휴양림\tGaetgol Forest Provincial Park","grid":"PM48bc","locations":"KR-KW","activations":1,"attempts":1,"qsos":10}},{"type":"Feature","geometry":{"type":"Point","coordinates":[128.516,35.8225]},"properties":{"ref":"KR-1279","name":"선돌마당근린공원\tSeondol Madang Neighborhood Provincial Park","grid":"PM45gt","locations":"KR-TG","activations":1,"attempts":1,"qsos":16}},{"type":"Feature","geometry":{"type":"Point","coordinates":[128.516,35.8233]},"properties":{"ref":"KR-1280","name":"선돌공원\tSeondol Neighborhood Provincial Park","grid":"PM45gt","locations":"KR-TG","activations":1,"attempts":1,"qsos":10}},{"type":"Feature","geometry":{"type":"Point","coordinates":[128.519,35.8195]},"properties":{"ref":"KR-1281","name":"한샘청동공원\tHansaem Chengdong Provincial Park","grid":"PM45gt","locations":"KR-TG","activations":0,"attempts":0,"qsos":0}},{"type":"Feature","geometry":{"type":"Point","coordinates":[128.613,35.3765]},"properties":{"ref":"KR-1282","name":"Changwon Bukbyun Waterside Ecological Park","grid":"PM45hj","locations":"KR-KN","activations":1,"attempts":1,"qsos":48}},{"type":"Feature","geometry":{"type":"Point","coordinates":[128.697,36.2851]},"properties":{"ref":"KR-1283","name":"의성국가지질공원 Geopark","grid":"PM46ig","locations":"KR-KB","activations":0,"attempts":0,"qsos":0}},{"type":"Feature","geometry":{"type":"Point","coordinates":[126.747,37.2625]},"properties":{"ref":"KR-1284","name":"화성국가지질공원 Geopark","grid":"PM37ig","locations":"KR-KG","activations":0,"attempts":0,"qsos":0}},{"type":"Feature","geometry":{"type":"Point","coordinates":[126.637,37.6528]},"properties":{"ref":"KR-1285","name":"가마지천수변공원(호수마을)\tGamajicheon Waterside (Hosumaeul) Ecological Park","grid":"PM37hp","locations":"KR-KG","activations":0,"attempts":0,"qsos":0}},{"type":"Feature","geometry":{"type":"Point","coordinates":[126.991,37.6157]},"properties":{"ref":"KR-1286","name":"서울둘레길 Seoul Trail Provincial Park","grid":"PM37lo","locations":"KR-KG,KR-SO","activations":7,"attempts":8,"qsos":295}},{"type":"Feature","geometry":{"type":"Point","coordinates":[127.015,37.4309]},"properties":{"ref":"KR-1287","name":"서울대공원 Seoul Grand Park Provincial Park","grid":"PM37mk","locations":"KR-KG","activations":0,"attempts":0,"qsos":0}},{"type":"Feature","geometry":{"type":"Point","coordinates":[126.943,37.5731]},"properties":{"ref":"KR-1288","name":"안산도시자연공원 Ansan Nature Park Provincial Park","grid":"PM37ln","locations":"KR-SO","activations":1,"attempts":2,"qsos":21}},{"type":"Feature","geometry":{"type":"Point","coordinates":[126.895,37.5708]},"properties":{"ref":"KR-1289","name":"문화비축기지 Oil Tank Culture Park Provincial Park","grid":"PM37kn","locations":"KR-SO","activations":0,"attempts":0,"qsos":0}},{"type":"Feature","geometry":{"type":"Point","coordinates":[126.83,37.5272]},"properties":{"ref":"KR-1290","name":"서서울호수공원 Seoseoul Lake Park Provincial Park","grid":"PM37jm","locations":"KR-SO","activations":0,"attempts":0,"qsos":0}},{"type":"Feature","geometry":{"type":"Point","coordinates":[127.035,37.5245]},"properties":{"ref":"KR-1291","name":"도산공원 Dosan Park Provincial Park","grid":"PM37mm","locations":"KR-SO","activations":0,"attempts":0,"qsos":0}},{"type":"Feature","geometry":{"type":"Point","coordinates":[127.126,37.5444]},"properties":{"ref":"KR-1292","name":"천호공원 Cheonho Park Provincial Park","grid":"PM37nn","locations":"KR-SO","activations":0,"attempts":0,"qsos":0}}]}