{"type":"FeatureCollection","metadata":{"source":"api-db2.sota.org.uk","association":"HL","fetched_at":"2026-04-20T05:41:12.182Z","count":2457},"features":[{"type":"Feature","geometry":{"type":"Point","coordinates":[129.0508,35.2803]},"properties":{"ref":"HL/BS-001","name":"금정산 (Geumjeongsan)","name_kanji":null,"alt_m":802,"points":6,"region_code":"BS","region_name":"Busan","activations":52,"last_activation":"2026-02-22T00:00:00Z"}},{"type":"Feature","geometry":{"type":"Point","coordinates":[128.9994,35.1225]},"properties":{"ref":"HL/BS-002","name":"구덕산 (Gudeoksan)","name_kanji":null,"alt_m":668,"points":4,"region_code":"BS","region_name":"Busan","activations":27,"last_activation":"2026-01-11T00:00:00Z"}},{"type":"Feature","geometry":{"type":"Point","coordinates":[129.0216,35.1834]},"properties":{"ref":"HL/BS-003","name":"백양산 (Baegyangsan)","name_kanji":null,"alt_m":642,"points":2,"region_code":"BS","region_name":"Busan","activations":34,"last_activation":"2026-02-22T00:00:00Z"}},{"type":"Feature","geometry":{"type":"Point","coordinates":[129.0467,35.2321]},"properties":{"ref":"HL/BS-004","name":"상계봉 (Sanggyebong)","name_kanji":null,"alt_m":640,"points":2,"region_code":"BS","region_name":"Busan","activations":12,"last_activation":"2026-02-22T00:00:00Z"}},{"type":"Feature","geometry":{"type":"Point","coordinates":[129.145,35.194]},"properties":{"ref":"HL/BS-005","name":"장산 (Jangsan)","name_kanji":null,"alt_m":634,"points":2,"region_code":"BS","region_name":"Busan","activations":6,"last_activation":"2025-12-14T00:00:00Z"}},{"type":"Feature","geometry":{"type":"Point","coordinates":[129.136,35.3101]},"properties":{"ref":"HL/BS-006","name":"철마산 (Cheolmasan)","name_kanji":null,"alt_m":605,"points":2,"region_code":"BS","region_name":"Busan","activations":6,"last_activation":"2025-12-21T00:00:00Z"}},{"type":"Feature","geometry":{"type":"Point","coordinates":[129.2109,35.3084]},"properties":{"ref":"HL/BS-007","name":"달음산 (Daleumsan)","name_kanji":null,"alt_m":588,"points":2,"region_code":"BS","region_name":"Busan","activations":16,"last_activation":"2026-02-12T00:00:00Z"}},{"type":"Feature","geometry":{"type":"Point","coordinates":[129.0738,35.2901]},"properties":{"ref":"HL/BS-008","name":"계명봉 (Kyemyeongbong)","name_kanji":null,"alt_m":566,"points":2,"region_code":"BS","region_name":"Busan","activations":11,"last_activation":"2026-02-28T00:00:00Z"}},{"type":"Feature","geometry":{"type":"Point","coordinates":[129.1617,35.3589]},"properties":{"ref":"HL/BS-009","name":"용천산 (Yongcheonsan)","name_kanji":null,"alt_m":545,"points":2,"region_code":"BS","region_name":"Busan","activations":4,"last_activation":"2026-02-28T00:00:00Z"}},{"type":"Feature","geometry":{"type":"Point","coordinates":[129.0166,35.136]},"properties":{"ref":"HL/BS-010","name":"엄광산 (Eomgwangsan)","name_kanji":null,"alt_m":493,"points":1,"region_code":"BS","region_name":"Busan","activations":6,"last_activation":"2026-03-21T00:00:00Z"}},{"type":"Feature","geometry":{"type":"Point","coordinates":[128.8264,35.1296]},"properties":{"ref":"HL/BS-011","name":"보배산 (Bobaesan)","name_kanji":null,"alt_m":479,"points":1,"region_code":"BS","region_name":"Busan","activations":3,"last_activation":"2025-04-18T00:00:00Z"}},{"type":"Feature","geometry":{"type":"Point","coordinates":[128.8339,35.0267]},"properties":{"ref":"HL/BS-012","name":"연대봉 (Yeondaebong)","name_kanji":null,"alt_m":459,"points":1,"region_code":"BS","region_name":"Busan","activations":16,"last_activation":"2026-03-15T00:00:00Z"}},{"type":"Feature","geometry":{"type":"Point","coordinates":[129.0825,35.1586]},"properties":{"ref":"HL/BS-013","name":"황령산 (Hwangnyeongsan)","name_kanji":null,"alt_m":427,"points":1,"region_code":"BS","region_name":"Busan","activations":28,"last_activation":"2026-03-08T00:00:00Z"}},{"type":"Feature","geometry":{"type":"Point","coordinates":[129.1482,35.247]},"properties":{"ref":"HL/BS-014","name":"개좌산 (Gaejwasan)","name_kanji":null,"alt_m":449,"points":1,"region_code":"BS","region_name":"Busan","activations":4,"last_activation":"2025-11-08T00:00:00Z"}},{"type":"Feature","geometry":{"type":"Point","coordinates":[129.0552,35.082]},"properties":{"ref":"HL/BS-015","name":"봉래산 (Bongnaesan)","name_kanji":null,"alt_m":360,"points":1,"region_code":"BS","region_name":"Busan","activations":19,"last_activation":"2026-01-11T00:00:00Z"}},{"type":"Feature","geometry":{"type":"Point","coordinates":[129.2067,35.2696]},"properties":{"ref":"HL/BS-016","name":"일광산 (Ilgwangsan)","name_kanji":null,"alt_m":380,"points":1,"region_code":"BS","region_name":"Busan","activations":3,"last_activation":"2025-05-11T00:00:00Z"}},{"type":"Feature","geometry":{"type":"Point","coordinates":[129.0138,35.0896]},"properties":{"ref":"HL/BS-017","name":"천마산 (Cheonmasan)","name_kanji":null,"alt_m":324,"points":1,"region_code":"BS","region_name":"Busan","activations":5,"last_activation":"2025-04-11T00:00:00Z"}},{"type":"Feature","geometry":{"type":"Point","coordinates":[129.1034,35.2299]},"properties":{"ref":"HL/BS-018","name":"윤산 (Yunsan)","name_kanji":null,"alt_m":318,"points":1,"region_code":"BS","region_name":"Busan","activations":4,"last_activation":"2025-11-16T00:00:00Z"}},{"type":"Feature","geometry":{"type":"Point","coordinates":[128.8705,35.1205]},"properties":{"ref":"HL/BS-019","name":"봉화산 (Bonghwasan)","name_kanji":null,"alt_m":316,"points":1,"region_code":"BS","region_name":"Busan","activations":3,"last_activation":"2025-04-18T00:00:00Z"}},{"type":"Feature","geometry":{"type":"Point","coordinates":[129.1932,35.242]},"properties":{"ref":"HL/BS-020","name":"산성 (Sanseong)","name_kanji":null,"alt_m":255,"points":1,"region_code":"BS","region_name":"Busan","activations":3,"last_activation":"2025-05-10T00:00:00Z"}},{"type":"Feature","geometry":{"type":"Point","coordinates":[128.8344,35.0049]},"properties":{"ref":"HL/BS-021","name":"국수봉 (Guksubong)","name_kanji":null,"alt_m":244,"points":1,"region_code":"BS","region_name":"Busan","activations":6,"last_activation":"2025-06-01T00:00:00Z"}},{"type":"Feature","geometry":{"type":"Point","coordinates":[129.0908,35.0581]},"properties":{"ref":"HL/BS-022","name":"태종산 (Taejongsan)","name_kanji":null,"alt_m":229,"points":1,"region_code":"BS","region_name":"Busan","activations":2,"last_activation":"2025-06-03T00:00:00Z"}},{"type":"Feature","geometry":{"type":"Point","coordinates":[129.0965,35.1803]},"properties":{"ref":"HL/BS-023","name":"배산 (Baesan)","name_kanji":null,"alt_m":216,"points":1,"region_code":"BS","region_name":"Busan","activations":3,"last_activation":"2025-04-20T00:00:00Z"}},{"type":"Feature","geometry":{"type":"Point","coordinates":[128.9685,35.0657]},"properties":{"ref":"HL/BS-024","name":"아미산 (Amisan)","name_kanji":null,"alt_m":214,"points":1,"region_code":"BS","region_name":"Busan","activations":9,"last_activation":"2025-04-11T00:00:00Z"}},{"type":"Feature","geometry":{"type":"Point","coordinates":[129.2289,35.2346]},"properties":{"ref":"HL/BS-025","name":"봉대산 (Bongdaesan)","name_kanji":null,"alt_m":229,"points":1,"region_code":"BS","region_name":"Busan","activations":6,"last_activation":"2026-04-05T00:00:00Z"}},{"type":"Feature","geometry":{"type":"Point","coordinates":[129.1217,35.1172]},"properties":{"ref":"HL/BS-026","name":"장산봉 (Jangsanbong)","name_kanji":null,"alt_m":204,"points":1,"region_code":"BS","region_name":"Busan","activations":9,"last_activation":"2024-12-21T00:00:00Z"}},{"type":"Feature","geometry":{"type":"Point","coordinates":[128.4851,36.9576]},"properties":{"ref":"HL/CB-001","name":"소백산 (Sobaeksan)","name_kanji":null,"alt_m":1439,"points":10,"region_code":"CB","region_name":"Chungbuk","activations":36,"last_activation":"2025-09-21T00:00:00Z"}},{"type":"Feature","geometry":{"type":"Point","coordinates":[127.8493,36.0399]},"properties":{"ref":"HL/CB-002","name":"민주지산 (Minjujisan)","name_kanji":null,"alt_m":1242,"points":10,"region_code":"CB","region_name":"Chungbuk","activations":89,"last_activation":"2026-04-11T00:00:00Z"}},{"type":"Feature","geometry":{"type":"Point","coordinates":[128.5675,37.0343]},"properties":{"ref":"HL/CB-003","name":"형제봉 (Hyeongjebong)","name_kanji":null,"alt_m":1207,"points":10,"region_code":"CB","region_name":"Chungbuk","activations":5,"last_activation":"2021-04-24T00:00:00Z"}},{"type":"Feature","geometry":{"type":"Point","coordinates":[127.9282,36.0522]},"properties":{"ref":"HL/CB-004","name":"석교산 (Seokgyosan)","name_kanji":null,"alt_m":1180,"points":8,"region_code":"CB","region_name":"Chungbuk","activations":26,"last_activation":"2026-03-28T00:00:00Z"}},{"type":"Feature","geometry":{"type":"Point","coordinates":[128.2132,36.8502]},"properties":{"ref":"HL/CB-005","name":"문수봉 (Munsoobong)","name_kanji":null,"alt_m":1162,"points":8,"region_code":"CB","region_name":"Chungbuk","activations":6,"last_activation":"2025-01-18T00:00:00Z"}},{"type":"Feature","geometry":{"type":"Point","coordinates":[128.2166,36.8131]},"properties":{"ref":"HL/CB-006","name":"대미산 (Daemisan)","name_kanji":null,"alt_m":1115,"points":8,"region_code":"CB","region_name":"Chungbuk","activations":7,"last_activation":"2025-12-19T00:00:00Z"}},{"type":"Feature","geometry":{"type":"Point","coordinates":[127.9667,36.1183]},"properties":{"ref":"HL/CB-007","name":"황악산 (Hwangaksan)","name_kanji":null,"alt_m":1111,"points":8,"region_code":"CB","region_name":"Chungbuk","activations":48,"last_activation":"2025-07-11T00:00:00Z"}},{"type":"Feature","geometry":{"type":"Point","coordinates":[128.1997,36.8683]},"properties":{"ref":"HL/CB-008","name":"매두막봉 (Maedumakbong)","name_kanji":null,"alt_m":1100,"points":8,"region_code":"CB","region_name":"Chungbuk","activations":4,"last_activation":"2021-04-25T00:00:00Z"}},{"type":"Feature","geometry":{"type":"Point","coordinates":[128.1052,36.8866]},"properties":{"ref":"HL/CB-009","name":"월악산 (Woraksan)","name_kanji":null,"alt_m":1097,"points":8,"region_code":"CB","region_name":"Chungbuk","activations":16,"last_activation":"2025-12-27T00:00:00Z"}},{"type":"Feature","geometry":{"type":"Point","coordinates":[127.9633,37.2501]},"properties":{"ref":"HL/CB-010","name":"백운산 (Baegunsan)","name_kanji":null,"alt_m":1087,"points":8,"region_code":"CB","region_name":"Chungbuk","activations":16,"last_activation":"2026-01-06T00:00:00Z"}},{"type":"Feature","geometry":{"type":"Point","coordinates":[128.3491,36.8213]},"properties":{"ref":"HL/CB-011","name":"선미봉 (Seonmibong)","name_kanji":null,"alt_m":1080,"points":8,"region_code":"CB","region_name":"Chungbuk","activations":4,"last_activation":"2021-05-19T00:00:00Z"}},{"type":"Feature","geometry":{"type":"Point","coordinates":[128.0711,36.7087]},"properties":{"ref":"HL/CB-012","name":"백화산 (Baekhwasan)","name_kanji":null,"alt_m":1063,"points":8,"region_code":"CB","region_name":"Chungbuk","activations":4,"last_activation":"2026-02-18T00:00:00Z"}},{"type":"Feature","geometry":{"type":"Point","coordinates":[128.3823,36.8141]},"properties":{"ref":"HL/CB-013","name":"시루봉 (Sirubong)","name_kanji":null,"alt_m":1058,"points":8,"region_code":"CB","region_name":"Chungbuk","activations":12,"last_activation":"2022-02-27T00:00:00Z"}},{"type":"Feature","geometry":{"type":"Point","coordinates":[127.8707,36.5433]},"properties":{"ref":"HL/CB-014","name":"속리산 (Songnisan)","name_kanji":null,"alt_m":1057,"points":8,"region_code":"CB","region_name":"Chungbuk","activations":59,"last_activation":"2025-05-05T00:00:00Z"}},{"type":"Feature","geometry":{"type":"Point","coordinates":[128.1905,36.8173]},"properties":{"ref":"HL/CB-015","name":"HL/CB-015","name_kanji":null,"alt_m":1034,"points":8,"region_code":"CB","region_name":"Chungbuk","activations":7,"last_activation":"2025-12-19T00:00:00Z"}},{"type":"Feature","geometry":{"type":"Point","coordinates":[128.1761,36.8744]},"properties":{"ref":"HL/CB-016","name":"하설산 (Haseolsan)","name_kanji":null,"alt_m":1028,"points":8,"region_code":"CB","region_name":"Chungbuk","activations":3,"last_activation":"2021-04-25T00:00:00Z"}},{"type":"Feature","geometry":{"type":"Point","coordinates":[127.9578,36.0949]},"properties":{"ref":"HL/CB-017","name":"여정봉 (Yeojeongbong)","name_kanji":null,"alt_m":1020,"points":8,"region_code":"CB","region_name":"Chungbuk","activations":39,"last_activation":"2026-03-28T00:00:00Z"}},{"type":"Feature","geometry":{"type":"Point","coordinates":[128.332,36.8474]},"properties":{"ref":"HL/CB-018","name":"황정산 (Hwangjeongsan)","name_kanji":null,"alt_m":1019,"points":8,"region_code":"CB","region_name":"Chungbuk","activations":5,"last_activation":"2025-08-23T00:00:00Z"}},{"type":"Feature","geometry":{"type":"Point","coordinates":[128.2565,36.9848]},"properties":{"ref":"HL/CB-019","name":"금수산 (Geumsusan)","name_kanji":null,"alt_m":1016,"points":8,"region_code":"CB","region_name":"Chungbuk","activations":16,"last_activation":"2025-09-20T00:00:00Z"}},{"type":"Feature","geometry":{"type":"Point","coordinates":[128.2682,36.8818]},"properties":{"ref":"HL/CB-020","name":"용두산 (Yongdusan)","name_kanji":null,"alt_m":994,"points":6,"region_code":"CB","region_name":"Chungbuk","activations":2,"last_activation":"2025-12-27T00:00:00Z"}},{"type":"Feature","geometry":{"type":"Point","coordinates":[128.0257,36.719]},"properties":{"ref":"HL/CB-021","name":"이만봉 (Imanbong)","name_kanji":null,"alt_m":991,"points":6,"region_code":"CB","region_name":"Chungbuk","activations":4,"last_activation":"2022-11-18T00:00:00Z"}},{"type":"Feature","geometry":{"type":"Point","coordinates":[128.1197,36.8419]},"properties":{"ref":"HL/CB-022","name":"만수봉 (Mansubong)","name_kanji":null,"alt_m":983,"points":6,"region_code":"CB","region_name":"Chungbuk","activations":2,"last_activation":"2019-01-28T00:00:00Z"}},{"type":"Feature","geometry":{"type":"Point","coordinates":[127.8307,36.0804]},"properties":{"ref":"HL/CB-023","name":"각효산 (Gakhyosan)","name_kanji":null,"alt_m":980,"points":6,"region_code":"CB","region_name":"Chungbuk","activations":19,"last_activation":"2025-05-24T00:00:00Z"}},{"type":"Feature","geometry":{"type":"Point","coordinates":[128.0471,36.822]},"properties":{"ref":"HL/CB-024","name":"신선봉 (Sinseonbong)","name_kanji":null,"alt_m":967,"points":6,"region_code":"CB","region_name":"Chungbuk","activations":3,"last_activation":"2021-02-20T00:00:00Z"}},{"type":"Feature","geometry":{"type":"Point","coordinates":[128.3108,36.857]},"properties":{"ref":"HL/CB-025","name":"도락산 (Doraksan)","name_kanji":null,"alt_m":964,"points":6,"region_code":"CB","region_name":"Chungbuk","activations":10,"last_activation":"2025-12-28T00:00:00Z"}},{"type":"Feature","geometry":{"type":"Point","coordinates":[128.119,36.8231]},"properties":{"ref":"HL/CB-026","name":"포암산 (Poamsan)","name_kanji":null,"alt_m":962,"points":6,"region_code":"CB","region_name":"Chungbuk","activations":6,"last_activation":"2023-02-25T00:00:00Z"}},{"type":"Feature","geometry":{"type":"Point","coordinates":[127.8781,36.7499]},"properties":{"ref":"HL/CB-027","name":"군자산 (Gunjasan)","name_kanji":null,"alt_m":948,"points":6,"region_code":"CB","region_name":"Chungbuk","activations":7,"last_activation":"2022-08-13T00:00:00Z"}},{"type":"Feature","geometry":{"type":"Point","coordinates":[128.4254,37.0251]},"properties":{"ref":"HL/CB-028","name":"용산봉 (Yongsanbong)","name_kanji":null,"alt_m":944,"points":6,"region_code":"CB","region_name":"Chungbuk","activations":1,"last_activation":"2018-05-07T00:00:00Z"}},{"type":"Feature","geometry":{"type":"Point","coordinates":[127.9054,36.3021]},"properties":{"ref":"HL/CB-029","name":"백화산 (Baekhwasan)","name_kanji":null,"alt_m":933,"points":6,"region_code":"CB","region_name":"Chungbuk","activations":18,"last_activation":"2023-09-22T00:00:00Z"}},{"type":"Feature","geometry":{"type":"Point","coordinates":[127.7957,36.0626]},"properties":{"ref":"HL/CB-030","name":"천마령 (Cheonmaryeong)","name_kanji":null,"alt_m":926,"points":6,"region_code":"CB","region_name":"Chungbuk","activations":4,"last_activation":"2021-04-15T00:00:00Z"}},{"type":"Feature","geometry":{"type":"Point","coordinates":[127.9303,37.2115]},"properties":{"ref":"HL/CB-031","name":"삼봉산 (Sambongsan)","name_kanji":null,"alt_m":910,"points":6,"region_code":"CB","region_name":"Chungbuk","activations":4,"last_activation":"2023-02-25T00:00:00Z"}},{"type":"Feature","geometry":{"type":"Point","coordinates":[128.2275,37.0246]},"properties":{"ref":"HL/CB-032","name":"동산 (Dongsan)","name_kanji":null,"alt_m":896,"points":6,"region_code":"CB","region_name":"Chungbuk","activations":8,"last_activation":"2025-12-31T00:00:00Z"}},{"type":"Feature","geometry":{"type":"Point","coordinates":[128.2817,36.9073]},"properties":{"ref":"HL/CB-033","name":"사봉 (Sabong)","name_kanji":null,"alt_m":887,"points":6,"region_code":"CB","region_name":"Chungbuk","activations":2,"last_activation":"2025-11-15T00:00:00Z"}},{"type":"Feature","geometry":{"type":"Point","coordinates":[127.8617,36.4698]},"properties":{"ref":"HL/CB-034","name":"구병산 (Gubyeongsan)","name_kanji":null,"alt_m":877,"points":6,"region_code":"CB","region_name":"Chungbuk","activations":37,"last_activation":"2025-08-23T00:00:00Z"}},{"type":"Feature","geometry":{"type":"Point","coordinates":[127.9901,36.7171]},"properties":{"ref":"HL/CB-035","name":"구왕봉 (Guwangbong)","name_kanji":null,"alt_m":877,"points":6,"region_code":"CB","region_name":"Chungbuk","activations":6,"last_activation":"2024-05-23T00:00:00Z"}},{"type":"Feature","geometry":{"type":"Point","coordinates":[128.3716,37.1208]},"properties":{"ref":"HL/CB-036","name":"삼태산 (Samtesan)","name_kanji":null,"alt_m":876,"points":6,"region_code":"CB","region_name":"Chungbuk","activations":1,"last_activation":"2018-04-08T00:00:00Z"}},{"type":"Feature","geometry":{"type":"Point","coordinates":[127.889,36.2812]},"properties":{"ref":"HL/CB-037","name":"주행봉 (Juhaengbong)","name_kanji":null,"alt_m":874,"points":6,"region_code":"CB","region_name":"Chungbuk","activations":13,"last_activation":"2022-06-16T00:00:00Z"}},{"type":"Feature","geometry":{"type":"Point","coordinates":[128.2107,37.2031]},"properties":{"ref":"HL/CB-038","name":"용두산 (Yongdusan)","name_kanji":null,"alt_m":873,"points":6,"region_code":"CB","region_name":"Chungbuk","activations":10,"last_activation":"2025-06-06T00:00:00Z"}},{"type":"Feature","geometry":{"type":"Point","coordinates":[128.1967,37.2059]},"properties":{"ref":"HL/CB-039","name":"용두산 (Yongdusan)","name_kanji":null,"alt_m":867,"points":6,"region_code":"CB","region_name":"Chungbuk","activations":9,"last_activation":"2025-06-07T00:00:00Z"}},{"type":"Feature","geometry":{"type":"Point","coordinates":[128.459,37.0459]},"properties":{"ref":"HL/CB-040","name":"겸암산 (Gyeomamsan)","name_kanji":null,"alt_m":865,"points":6,"region_code":"CB","region_name":"Chungbuk","activations":1,"last_activation":"2021-05-09T00:00:00Z"}},{"type":"Feature","geometry":{"type":"Point","coordinates":[128.367,36.8468]},"properties":{"ref":"HL/CB-041","name":"올산 (Olsan)","name_kanji":null,"alt_m":858,"points":6,"region_code":"CB","region_name":"Chungbuk","activations":2,"last_activation":"2021-09-04T00:00:00Z"}},{"type":"Feature","geometry":{"type":"Point","coordinates":[127.9447,36.7452]},"properties":{"ref":"HL/CB-042","name":"덕가산 (Deokgasan)","name_kanji":null,"alt_m":850,"points":6,"region_code":"CB","region_name":"Chungbuk","activations":2,"last_activation":"2016-10-23T00:00:00Z"}},{"type":"Feature","geometry":{"type":"Point","coordinates":[127.887,36.7232]},"properties":{"ref":"HL/CB-043","name":"HL/CB-043","name_kanji":null,"alt_m":827,"points":6,"region_code":"CB","region_name":"Chungbuk","activations":1,"last_activation":"2020-04-11T00:00:00Z"}},{"type":"Feature","geometry":{"type":"Point","coordinates":[127.9232,36.8366]},"properties":{"ref":"HL/CB-044","name":"박달산 (Bakdalsan)","name_kanji":null,"alt_m":825,"points":6,"region_code":"CB","region_name":"Chungbuk","activations":5,"last_activation":"2023-02-25T00:00:00Z"}},{"type":"Feature","geometry":{"type":"Point","coordinates":[128.2956,37.1345]},"properties":{"ref":"HL/CB-045","name":"가창산 (Gachangsan)","name_kanji":null,"alt_m":820,"points":6,"region_code":"CB","region_name":"Chungbuk","activations":1,"last_activation":"2021-06-13T00:00:00Z"}},{"type":"Feature","geometry":{"type":"Point","coordinates":[128.2681,37.2079]},"properties":{"ref":"HL/CB-046","name":"송학산 (Songhaksan)","name_kanji":null,"alt_m":819,"points":6,"region_code":"CB","region_name":"Chungbuk","activations":17,"last_activation":"2025-07-12T00:00:00Z"}},{"type":"Feature","geometry":{"type":"Point","coordinates":[128.0033,37.0981]},"properties":{"ref":"HL/CB-047","name":"천등산 (Cheondeungsan)","name_kanji":null,"alt_m":807,"points":6,"region_code":"CB","region_name":"Chungbuk","activations":5,"last_activation":"2021-10-17T00:00:00Z"}},{"type":"Feature","geometry":{"type":"Point","coordinates":[128.0843,36.8379]},"properties":{"ref":"HL/CB-048","name":"박쥐봉 (Bakjwibong)","name_kanji":null,"alt_m":782,"points":4,"region_code":"CB","region_name":"Chungbuk","activations":1,"last_activation":"2021-05-23T00:00:00Z"}},{"type":"Feature","geometry":{"type":"Point","coordinates":[128.0679,37.0448]},"properties":{"ref":"HL/CB-049","name":"면위산 (Myeonwisan)","name_kanji":null,"alt_m":780,"points":4,"region_code":"CB","region_name":"Chungbuk","activations":1,"last_activation":"2020-07-08T00:00:00Z"}},{"type":"Feature","geometry":{"type":"Point","coordinates":[128.3327,36.9046]},"properties":{"ref":"HL/CB-050","name":"덕절산 (Deokjeolsan)","name_kanji":null,"alt_m":780,"points":4,"region_code":"CB","region_name":"Chungbuk","activations":2,"last_activation":"2025-11-15T00:00:00Z"}},{"type":"Feature","geometry":{"type":"Point","coordinates":[127.9769,36.9909]},"properties":{"ref":"HL/CB-051","name":"계명산 (Gyemyeongsan)","name_kanji":null,"alt_m":775,"points":4,"region_code":"CB","region_name":"Chungbuk","activations":9,"last_activation":"2024-06-29T00:00:00Z"}},{"type":"Feature","geometry":{"type":"Point","coordinates":[128.0591,36.844]},"properties":{"ref":"HL/CB-052","name":"북바위산 (Bukbawisan)","name_kanji":null,"alt_m":772,"points":4,"region_code":"CB","region_name":"Chungbuk","activations":2,"last_activation":"2026-03-14T00:00:00Z"}},{"type":"Feature","geometry":{"type":"Point","coordinates":[128.2166,37.0374]},"properties":{"ref":"HL/CB-053","name":"작성산 (Jakseongsan)","name_kanji":null,"alt_m":845,"points":6,"region_code":"CB","region_name":"Chungbuk","activations":3,"last_activation":"2025-08-30T00:00:00Z"}},{"type":"Feature","geometry":{"type":"Point","coordinates":[127.7349,37.078]},"properties":{"ref":"HL/CB-054","name":"국망산 (Gungmangsan)","name_kanji":null,"alt_m":770,"points":4,"region_code":"CB","region_name":"Chungbuk","activations":3,"last_activation":"2022-01-29T00:00:00Z"}},{"type":"Feature","geometry":{"type":"Point","coordinates":[127.7766,37.0692]},"properties":{"ref":"HL/CB-055","name":"보련산 (Boryeonsan)","name_kanji":null,"alt_m":765,"points":4,"region_code":"CB","region_name":"Chungbuk","activations":3,"last_activation":"2025-03-14T00:00:00Z"}},{"type":"Feature","geometry":{"type":"Point","coordinates":[128.1668,37.1842]},"properties":{"ref":"HL/CB-056","name":"백곡산 (Baekgoksan)","name_kanji":null,"alt_m":764,"points":4,"region_code":"CB","region_name":"Chungbuk","activations":1,"last_activation":"2021-04-17T00:00:00Z"}},{"type":"Feature","geometry":{"type":"Point","coordinates":[128.3965,37.079]},"properties":{"ref":"HL/CB-057","name":"옥계산 (Okgyesan)","name_kanji":null,"alt_m":754,"points":4,"region_code":"CB","region_name":"Chungbuk","activations":1,"last_activation":"2021-07-10T00:00:00Z"}},{"type":"Feature","geometry":{"type":"Point","coordinates":[127.9111,36.7534]},"properties":{"ref":"HL/CB-058","name":"보배산 (Bobaesan)","name_kanji":null,"alt_m":750,"points":4,"region_code":"CB","region_name":"Chungbuk","activations":2,"last_activation":"2018-10-07T00:00:00Z"}},{"type":"Feature","geometry":{"type":"Point","coordinates":[127.9784,36.2542]},"properties":{"ref":"HL/CB-059","name":"지장산 (Jijangsan)","name_kanji":null,"alt_m":750,"points":4,"region_code":"CB","region_name":"Chungbuk","activations":8,"last_activation":"2026-03-21T00:00:00Z"}},{"type":"Feature","geometry":{"type":"Point","coordinates":[128.2983,37.0917]},"properties":{"ref":"HL/CB-060","name":"갑산 (Gapsan)","name_kanji":null,"alt_m":747,"points":4,"region_code":"CB","region_name":"Chungbuk","activations":0,"last_activation":null}},{"type":"Feature","geometry":{"type":"Point","coordinates":[127.7862,36.6139]},"properties":{"ref":"HL/CB-061","name":"금단산 (Geumdansan)","name_kanji":null,"alt_m":746,"points":4,"region_code":"CB","region_name":"Chungbuk","activations":5,"last_activation":"2025-12-07T00:00:00Z"}},{"type":"Feature","geometry":{"type":"Point","coordinates":[127.9743,36.809]},"properties":{"ref":"HL/CB-062","name":"HL/CB-062","name_kanji":null,"alt_m":745,"points":4,"region_code":"CB","region_name":"Chungbuk","activations":1,"last_activation":"2025-05-06T00:00:00Z"}},{"type":"Feature","geometry":{"type":"Point","coordinates":[127.8315,36.6408]},"properties":{"ref":"HL/CB-063","name":"무영봉 (Muyeongbong)","name_kanji":null,"alt_m":742,"points":4,"region_code":"CB","region_name":"Chungbuk","activations":1,"last_activation":"2018-06-06T00:00:00Z"}},{"type":"Feature","geometry":{"type":"Point","coordinates":[127.8714,36.1451]},"properties":{"ref":"HL/CB-064","name":"HL/CB-064","name_kanji":null,"alt_m":741,"points":4,"region_code":"CB","region_name":"Chungbuk","activations":2,"last_activation":"2022-03-11T00:00:00Z"}},{"type":"Feature","geometry":{"type":"Point","coordinates":[128.3257,36.915]},"properties":{"ref":"HL/CB-065","name":"두악산 (Duaksan)","name_kanji":null,"alt_m":732,"points":4,"region_code":"CB","region_name":"Chungbuk","activations":2,"last_activation":"2025-11-14T00:00:00Z"}},{"type":"Feature","geometry":{"type":"Point","coordinates":[127.7052,36.9681]},"properties":{"ref":"HL/CB-066","name":"가섭산 (Gaseopsan)","name_kanji":null,"alt_m":710,"points":4,"region_code":"CB","region_name":"Chungbuk","activations":25,"last_activation":"2025-12-13T00:00:00Z"}},{"type":"Feature","geometry":{"type":"Point","coordinates":[128.0131,36.8081]},"properties":{"ref":"HL/CB-067","name":"탁사등봉 (Taksadeungbong)","name_kanji":null,"alt_m":705,"points":4,"region_code":"CB","region_name":"Chungbuk","activations":3,"last_activation":"2025-05-06T00:00:00Z"}},{"type":"Feature","geometry":{"type":"Point","coordinates":[127.9343,37.1642]},"properties":{"ref":"HL/CB-068","name":"비지재 (Bijijae)","name_kanji":null,"alt_m":702,"points":4,"region_code":"CB","region_name":"Chungbuk","activations":0,"last_activation":null}},{"type":"Feature","geometry":{"type":"Point","coordinates":[127.9913,36.8661]},"properties":{"ref":"HL/CB-069","name":"적보산 (Jeokbosan)","name_kanji":null,"alt_m":699,"points":4,"region_code":"CB","region_name":"Chungbuk","activations":1,"last_activation":"2021-05-23T00:00:00Z"}},{"type":"Feature","geometry":{"type":"Point","coordinates":[128.4007,36.9923]},"properties":{"ref":"HL/CB-070","name":"봉우등 (Bongudeung)","name_kanji":null,"alt_m":696,"points":4,"region_code":"CB","region_name":"Chungbuk","activations":8,"last_activation":"2025-07-12T00:00:00Z"}},{"type":"Feature","geometry":{"type":"Point","coordinates":[128.2908,37.1694]},"properties":{"ref":"HL/CB-071","name":"무등산 (Mudeungsan)","name_kanji":null,"alt_m":696,"points":4,"region_code":"CB","region_name":"Chungbuk","activations":3,"last_activation":"2025-11-09T00:00:00Z"}},{"type":"Feature","geometry":{"type":"Point","coordinates":[128.0558,37.1281]},"properties":{"ref":"HL/CB-072","name":"시량산 (Siryangsan)","name_kanji":null,"alt_m":691,"points":4,"region_code":"CB","region_name":"Chungbuk","activations":1,"last_activation":"2018-04-28T00:00:00Z"}},{"type":"Feature","geometry":{"type":"Point","coordinates":[128.3341,37.0964]},"properties":{"ref":"HL/CB-073","name":"시루봉 (Sirubong)","name_kanji":null,"alt_m":686,"points":4,"region_code":"CB","region_name":"Chungbuk","activations":0,"last_activation":null}},{"type":"Feature","geometry":{"type":"Point","coordinates":[128.0231,36.8873]},"properties":{"ref":"HL/CB-074","name":"대미산 (Daemisan)","name_kanji":null,"alt_m":681,"points":4,"region_code":"CB","region_name":"Chungbuk","activations":1,"last_activation":"2021-09-05T00:00:00Z"}},{"type":"Feature","geometry":{"type":"Point","coordinates":[127.664,37.0309]},"properties":{"ref":"HL/CB-075","name":"수레의산 (Sureuisan)","name_kanji":null,"alt_m":679,"points":4,"region_code":"CB","region_name":"Chungbuk","activations":4,"last_activation":"2023-02-27T00:00:00Z"}},{"type":"Feature","geometry":{"type":"Point","coordinates":[128.3583,36.9567]},"properties":{"ref":"HL/CB-076","name":"슬음산 (Sureumsan)","name_kanji":null,"alt_m":671,"points":4,"region_code":"CB","region_name":"Chungbuk","activations":1,"last_activation":"2019-01-01T00:00:00Z"}},{"type":"Feature","geometry":{"type":"Point","coordinates":[128.0056,37.0572]},"properties":{"ref":"HL/CB-077","name":"인등산 (Indeungsan)","name_kanji":null,"alt_m":667,"points":4,"region_code":"CB","region_name":"Chungbuk","activations":1,"last_activation":"2016-08-14T00:00:00Z"}},{"type":"Feature","geometry":{"type":"Point","coordinates":[128.2173,37.0544]},"properties":{"ref":"HL/CB-078","name":"마당재산 (Madangjaesan)","name_kanji":null,"alt_m":661,"points":4,"region_code":"CB","region_name":"Chungbuk","activations":1,"last_activation":"2025-06-05T00:00:00Z"}},{"type":"Feature","geometry":{"type":"Point","coordinates":[127.8081,36.5339]},"properties":{"ref":"HL/CB-079","name":"HL/CB-079","name_kanji":null,"alt_m":660,"points":4,"region_code":"CB","region_name":"Chungbuk","activations":1,"last_activation":"2017-12-09T00:00:00Z"}},{"type":"Feature","geometry":{"type":"Point","coordinates":[127.7943,36.5666]},"properties":{"ref":"HL/CB-080","name":"HL/CB-080","name_kanji":null,"alt_m":660,"points":4,"region_code":"CB","region_name":"Chungbuk","activations":4,"last_activation":"2024-08-15T00:00:00Z"}},{"type":"Feature","geometry":{"type":"Point","coordinates":[128.1417,36.876]},"properties":{"ref":"HL/CB-081","name":"HL/CB-081","name_kanji":null,"alt_m":660,"points":4,"region_code":"CB","region_name":"Chungbuk","activations":1,"last_activation":"2025-12-27T00:00:00Z"}},{"type":"Feature","geometry":{"type":"Point","coordinates":[127.6625,36.7164]},"properties":{"ref":"HL/CB-082","name":"좌구산 (Jwagusan)","name_kanji":null,"alt_m":657,"points":4,"region_code":"CB","region_name":"Chungbuk","activations":16,"last_activation":"2026-03-07T00:00:00Z"}},{"type":"Feature","geometry":{"type":"Point","coordinates":[127.684,37.0788]},"properties":{"ref":"HL/CB-083","name":"원통산 (Wontongsan)","name_kanji":null,"alt_m":657,"points":4,"region_code":"CB","region_name":"Chungbuk","activations":3,"last_activation":"2021-02-06T00:00:00Z"}},{"type":"Feature","geometry":{"type":"Point","coordinates":[127.7079,36.4065]},"properties":{"ref":"HL/CB-084","name":"금적산 (Geumjeoksan)","name_kanji":null,"alt_m":652,"points":4,"region_code":"CB","region_name":"Chungbuk","activations":12,"last_activation":"2025-12-06T00:00:00Z"}},{"type":"Feature","geometry":{"type":"Point","coordinates":[127.827,36.5042]},"properties":{"ref":"HL/CB-085","name":"HL/CB-085","name_kanji":null,"alt_m":651,"points":4,"region_code":"CB","region_name":"Chungbuk","activations":2,"last_activation":"2020-04-28T00:00:00Z"}},{"type":"Feature","geometry":{"type":"Point","coordinates":[127.765,36.7135]},"properties":{"ref":"HL/CB-086","name":"대산 (Daesan)","name_kanji":null,"alt_m":647,"points":2,"region_code":"CB","region_name":"Chungbuk","activations":1,"last_activation":"2022-04-16T00:00:00Z"}},{"type":"Feature","geometry":{"type":"Point","coordinates":[127.6515,36.9841]},"properties":{"ref":"HL/CB-087","name":"부용산 (Buyongsan)","name_kanji":null,"alt_m":644,"points":2,"region_code":"CB","region_name":"Chungbuk","activations":2,"last_activation":"2019-07-07T00:00:00Z"}},{"type":"Feature","geometry":{"type":"Point","coordinates":[127.6522,36.1718]},"properties":{"ref":"HL/CB-088","name":"마니산 (Manisan)","name_kanji":null,"alt_m":640,"points":2,"region_code":"CB","region_name":"Chungbuk","activations":4,"last_activation":"2020-12-20T00:00:00Z"}},{"type":"Feature","geometry":{"type":"Point","coordinates":[127.6917,36.6917]},"properties":{"ref":"HL/CB-089","name":"사랑산 (Sarangsan)","name_kanji":null,"alt_m":640,"points":2,"region_code":"CB","region_name":"Chungbuk","activations":2,"last_activation":"2019-11-16T00:00:00Z"}},{"type":"Feature","geometry":{"type":"Point","coordinates":[128.3842,36.9671]},"properties":{"ref":"HL/CB-090","name":"양백산 (Yangbaeksan)","name_kanji":null,"alt_m":640,"points":2,"region_code":"CB","region_name":"Chungbuk","activations":17,"last_activation":"2025-09-20T00:00:00Z"}},{"type":"Feature","geometry":{"type":"Point","coordinates":[128.0454,36.9958]},"properties":{"ref":"HL/CB-091","name":"주봉산 (Jubongsan)","name_kanji":null,"alt_m":638,"points":2,"region_code":"CB","region_name":"Chungbuk","activations":0,"last_activation":null}},{"type":"Feature","geometry":{"type":"Point","coordinates":[128.2175,36.8933]},"properties":{"ref":"HL/CB-092","name":"HL/CB-092","name_kanji":null,"alt_m":637,"points":2,"region_code":"CB","region_name":"Chungbuk","activations":0,"last_activation":null}},{"type":"Feature","geometry":{"type":"Point","coordinates":[127.9753,36.9566]},"properties":{"ref":"HL/CB-093","name":"남산 (Namsan)","name_kanji":null,"alt_m":636,"points":2,"region_code":"CB","region_name":"Chungbuk","activations":1,"last_activation":"2020-05-30T00:00:00Z"}},{"type":"Feature","geometry":{"type":"Point","coordinates":[127.6893,36.0629]},"properties":{"ref":"HL/CB-094","name":"백하산 (Baekhasan)","name_kanji":null,"alt_m":634,"points":2,"region_code":"CB","region_name":"Chungbuk","activations":1,"last_activation":"2020-11-26T00:00:00Z"}},{"type":"Feature","geometry":{"type":"Point","coordinates":[128.3712,37.0452]},"properties":{"ref":"HL/CB-095","name":"HL/CB-095","name_kanji":null,"alt_m":632,"points":2,"region_code":"CB","region_name":"Chungbuk","activations":0,"last_activation":null}},{"type":"Feature","geometry":{"type":"Point","coordinates":[127.9246,36.2794]},"properties":{"ref":"HL/CB-096","name":"만경봉 (Mangyeongbong)","name_kanji":null,"alt_m":630,"points":2,"region_code":"CB","region_name":"Chungbuk","activations":2,"last_activation":"2021-03-05T00:00:00Z"}},{"type":"Feature","geometry":{"type":"Point","coordinates":[128.0026,37.0142]},"properties":{"ref":"HL/CB-097","name":"관모봉 (Gwanmobong)","name_kanji":null,"alt_m":628,"points":2,"region_code":"CB","region_name":"Chungbuk","activations":1,"last_activation":"2024-12-07T00:00:00Z"}},{"type":"Feature","geometry":{"type":"Point","coordinates":[128.2755,37.1709]},"properties":{"ref":"HL/CB-098","name":"무등산 (Mudeungsan)","name_kanji":null,"alt_m":620,"points":2,"region_code":"CB","region_name":"Chungbuk","activations":2,"last_activation":"2025-11-08T00:00:00Z"}},{"type":"Feature","geometry":{"type":"Point","coordinates":[128.1041,37.0665]},"properties":{"ref":"HL/CB-099","name":"국사봉 (Guksabong)","name_kanji":null,"alt_m":620,"points":2,"region_code":"CB","region_name":"Chungbuk","activations":0,"last_activation":null}},{"type":"Feature","geometry":{"type":"Point","coordinates":[127.7676,36.5494]},"properties":{"ref":"HL/CB-100","name":"광대수산 (Gwangdaesusan)","name_kanji":null,"alt_m":620,"points":2,"region_code":"CB","region_name":"Chungbuk","activations":2,"last_activation":"2023-03-18T00:00:00Z"}},{"type":"Feature","geometry":{"type":"Point","coordinates":[127.3425,36.8543]},"properties":{"ref":"HL/CB-101","name":"만뢰산 (Malloesan)","name_kanji":null,"alt_m":612,"points":2,"region_code":"CB","region_name":"Chungbuk","activations":15,"last_activation":"2026-02-28T00:00:00Z"}},{"type":"Feature","geometry":{"type":"Point","coordinates":[127.6961,37.1401]},"properties":{"ref":"HL/CB-102","name":"오갑산 (Ogapsan)","name_kanji":null,"alt_m":609,"points":2,"region_code":"CB","region_name":"Chungbuk","activations":3,"last_activation":"2024-05-04T00:00:00Z"}},{"type":"Feature","geometry":{"type":"Point","coordinates":[127.8177,36.6222]},"properties":{"ref":"HL/CB-103","name":"남산 (Namsan)","name_kanji":null,"alt_m":602,"points":2,"region_code":"CB","region_name":"Chungbuk","activations":2,"last_activation":"2025-12-07T00:00:00Z"}},{"type":"Feature","geometry":{"type":"Point","coordinates":[127.8698,36.6455]},"properties":{"ref":"HL/CB-104","name":"HL/CB-104","name_kanji":null,"alt_m":602,"points":2,"region_code":"CB","region_name":"Chungbuk","activations":1,"last_activation":"2025-01-07T00:00:00Z"}},{"type":"Feature","geometry":{"type":"Point","coordinates":[127.5675,36.8304]},"properties":{"ref":"HL/CB-105","name":"두타산 (Dutasan)","name_kanji":null,"alt_m":598,"points":2,"region_code":"CB","region_name":"Chungbuk","activations":13,"last_activation":"2025-01-25T00:00:00Z"}},{"type":"Feature","geometry":{"type":"Point","coordinates":[128.3588,37.0898]},"properties":{"ref":"HL/CB-106","name":"칠봉산 (Chilbongsan)","name_kanji":null,"alt_m":597,"points":2,"region_code":"CB","region_name":"Chungbuk","activations":0,"last_activation":null}},{"type":"Feature","geometry":{"type":"Point","coordinates":[127.6845,36.783]},"properties":{"ref":"HL/CB-107","name":"쪽지봉 (Jjokjibong)","name_kanji":null,"alt_m":596,"points":2,"region_code":"CB","region_name":"Chungbuk","activations":5,"last_activation":"2023-08-05T00:00:00Z"}},{"type":"Feature","geometry":{"type":"Point","coordinates":[127.6268,36.1176]},"properties":{"ref":"HL/CB-108","name":"갈기산 (Galgisan)","name_kanji":null,"alt_m":595,"points":2,"region_code":"CB","region_name":"Chungbuk","activations":23,"last_activation":"2026-04-18T00:00:00Z"}},{"type":"Feature","geometry":{"type":"Point","coordinates":[128.1295,36.916]},"properties":{"ref":"HL/CB-109","name":"다랑산 (Darangsan)","name_kanji":null,"alt_m":591,"points":2,"region_code":"CB","region_name":"Chungbuk","activations":1,"last_activation":"2026-02-15T00:00:00Z"}},{"type":"Feature","geometry":{"type":"Point","coordinates":[128.077,36.9375]},"properties":{"ref":"HL/CB-110","name":"등곡산 (Deuggoksan)","name_kanji":null,"alt_m":589,"points":2,"region_code":"CB","region_name":"Chungbuk","activations":0,"last_activation":null}},{"type":"Feature","geometry":{"type":"Point","coordinates":[127.5424,36.3607]},"properties":{"ref":"HL/CB-111","name":"환산 (Hwansan)","name_kanji":null,"alt_m":581,"points":2,"region_code":"CB","region_name":"Chungbuk","activations":21,"last_activation":"2026-01-24T00:00:00Z"}},{"type":"Feature","geometry":{"type":"Point","coordinates":[128.3371,37.0287]},"properties":{"ref":"HL/CB-112","name":"솔미산 (Solmisan)","name_kanji":null,"alt_m":578,"points":2,"region_code":"CB","region_name":"Chungbuk","activations":0,"last_activation":null}},{"type":"Feature","geometry":{"type":"Point","coordinates":[128.2458,37.0569]},"properties":{"ref":"HL/CB-113","name":"맹자산 (Maengjasan)","name_kanji":null,"alt_m":577,"points":2,"region_code":"CB","region_name":"Chungbuk","activations":0,"last_activation":null}},{"type":"Feature","geometry":{"type":"Point","coordinates":[128.253,37.2278]},"properties":{"ref":"HL/CB-114","name":"청룡산 (Cheongnyongsan)","name_kanji":null,"alt_m":575,"points":2,"region_code":"CB","region_name":"Chungbuk","activations":0,"last_activation":null}},{"type":"Feature","geometry":{"type":"Point","coordinates":[127.7621,36.3943]},"properties":{"ref":"HL/CB-115","name":"삼승산 (Samseungsan)","name_kanji":null,"alt_m":574,"points":2,"region_code":"CB","region_name":"Chungbuk","activations":8,"last_activation":"2025-12-20T00:00:00Z"}},{"type":"Feature","geometry":{"type":"Point","coordinates":[127.382,36.9295]},"properties":{"ref":"HL/CB-116","name":"무제산 (Mujesan)","name_kanji":null,"alt_m":574,"points":2,"region_code":"CB","region_name":"Chungbuk","activations":12,"last_activation":"2024-12-25T00:00:00Z"}},{"type":"Feature","geometry":{"type":"Point","coordinates":[127.6838,36.4176]},"properties":{"ref":"HL/CB-117","name":"덕대산 (Deokdaesan)","name_kanji":null,"alt_m":573,"points":2,"region_code":"CB","region_name":"Chungbuk","activations":5,"last_activation":"2025-01-04T00:00:00Z"}},{"type":"Feature","geometry":{"type":"Point","coordinates":[127.9598,36.1752]},"properties":{"ref":"HL/CB-118","name":"개춘산 (Gaechunsan)","name_kanji":null,"alt_m":570,"points":2,"region_code":"CB","region_name":"Chungbuk","activations":6,"last_activation":"2025-04-04T00:00:00Z"}},{"type":"Feature","geometry":{"type":"Point","coordinates":[127.6152,36.5625]},"properties":{"ref":"HL/CB-119","name":"HL/CB-119","name_kanji":null,"alt_m":570,"points":2,"region_code":"CB","region_name":"Chungbuk","activations":2,"last_activation":"2022-02-06T00:00:00Z"}},{"type":"Feature","geometry":{"type":"Point","coordinates":[127.7125,36.6504]},"properties":{"ref":"HL/CB-120","name":"학당산 (Hakdangsan)","name_kanji":null,"alt_m":570,"points":2,"region_code":"CB","region_name":"Chungbuk","activations":1,"last_activation":"2019-06-08T00:00:00Z"}},{"type":"Feature","geometry":{"type":"Point","coordinates":[127.7274,36.7787]},"properties":{"ref":"HL/CB-121","name":"장자봉 (Jangjabong)","name_kanji":null,"alt_m":570,"points":2,"region_code":"CB","region_name":"Chungbuk","activations":1,"last_activation":"2025-01-04T00:00:00Z"}},{"type":"Feature","geometry":{"type":"Point","coordinates":[127.7362,36.6799]},"properties":{"ref":"HL/CB-122","name":"설운산 (Seorunsan)","name_kanji":null,"alt_m":570,"points":2,"region_code":"CB","region_name":"Chungbuk","activations":2,"last_activation":"2025-03-14T00:00:00Z"}},{"type":"Feature","geometry":{"type":"Point","coordinates":[127.633,36.0812]},"properties":{"ref":"HL/CB-123","name":"성주산 (Seongjusan)","name_kanji":null,"alt_m":570,"points":2,"region_code":"CB","region_name":"Chungbuk","activations":7,"last_activation":"2023-01-23T00:00:00Z"}},{"type":"Feature","geometry":{"type":"Point","coordinates":[127.7525,36.3738]},"properties":{"ref":"HL/CB-124","name":"관함봉 (Kwanhambong)","name_kanji":null,"alt_m":569,"points":2,"region_code":"CB","region_name":"Chungbuk","activations":8,"last_activation":"2025-12-06T00:00:00Z"}},{"type":"Feature","geometry":{"type":"Point","coordinates":[128.1499,37.039]},"properties":{"ref":"HL/CB-125","name":"대덕산 (Daedeoksan)","name_kanji":null,"alt_m":567,"points":2,"region_code":"CB","region_name":"Chungbuk","activations":0,"last_activation":null}},{"type":"Feature","geometry":{"type":"Point","coordinates":[127.6276,36.4527]},"properties":{"ref":"HL/CB-126","name":"HL/CB-126","name_kanji":null,"alt_m":560,"points":2,"region_code":"CB","region_name":"Chungbuk","activations":1,"last_activation":"2017-12-02T00:00:00Z"}},{"type":"Feature","geometry":{"type":"Point","coordinates":[127.5842,36.6766]},"properties":{"ref":"HL/CB-127","name":"인경산 (Ingyeongsan)","name_kanji":null,"alt_m":560,"points":2,"region_code":"CB","region_name":"Chungbuk","activations":3,"last_activation":"2021-12-05T00:00:00Z"}},{"type":"Feature","geometry":{"type":"Point","coordinates":[127.8316,36.6717]},"properties":{"ref":"HL/CB-128","name":"HL/CB-128","name_kanji":null,"alt_m":560,"points":2,"region_code":"CB","region_name":"Chungbuk","activations":1,"last_activation":"2025-01-04T00:00:00Z"}},{"type":"Feature","geometry":{"type":"Point","coordinates":[127.6563,36.2288]},"properties":{"ref":"HL/CB-129","name":"월이산 (Worisan)","name_kanji":null,"alt_m":551,"points":2,"region_code":"CB","region_name":"Chungbuk","activations":9,"last_activation":"2025-05-30T00:00:00Z"}},{"type":"Feature","geometry":{"type":"Point","coordinates":[127.76,36.5906]},"properties":{"ref":"HL/CB-130","name":"주봉 (Jubong)","name_kanji":null,"alt_m":550,"points":2,"region_code":"CB","region_name":"Chungbuk","activations":1,"last_activation":"2020-09-05T00:00:00Z"}},{"type":"Feature","geometry":{"type":"Point","coordinates":[128.3361,37.0506]},"properties":{"ref":"HL/CB-131","name":"HL/CB-131","name_kanji":null,"alt_m":550,"points":2,"region_code":"CB","region_name":"Chungbuk","activations":0,"last_activation":null}},{"type":"Feature","geometry":{"type":"Point","coordinates":[127.6333,36.5408]},"properties":{"ref":"HL/CB-132","name":"구룡산 (Guryongsan)","name_kanji":null,"alt_m":549,"points":2,"region_code":"CB","region_name":"Chungbuk","activations":2,"last_activation":"2020-12-24T00:00:00Z"}},{"type":"Feature","geometry":{"type":"Point","coordinates":[127.7271,36.8481]},"properties":{"ref":"HL/CB-133","name":"설우산 (Seorusan)","name_kanji":null,"alt_m":549,"points":2,"region_code":"CB","region_name":"Chungbuk","activations":3,"last_activation":"2019-11-02T00:00:00Z"}},{"type":"Feature","geometry":{"type":"Point","coordinates":[127.2967,36.9298]},"properties":{"ref":"HL/CB-134","name":"서운산 (Seounsan)","name_kanji":null,"alt_m":548,"points":2,"region_code":"CB","region_name":"Chungbuk","activations":29,"last_activation":"2026-04-05T00:00:00Z"}},{"type":"Feature","geometry":{"type":"Point","coordinates":[127.5569,36.6307]},"properties":{"ref":"HL/CB-135","name":"선도산 (Seondosan)","name_kanji":null,"alt_m":547,"points":2,"region_code":"CB","region_name":"Chungbuk","activations":10,"last_activation":"2026-01-02T00:00:00Z"}},{"type":"Feature","geometry":{"type":"Point","coordinates":[127.79,36.7477]},"properties":{"ref":"HL/CB-136","name":"배미산 (Baemisan)","name_kanji":null,"alt_m":544,"points":2,"region_code":"CB","region_name":"Chungbuk","activations":1,"last_activation":"2025-01-07T00:00:00Z"}},{"type":"Feature","geometry":{"type":"Point","coordinates":[128.1342,36.9028]},"properties":{"ref":"HL/CB-137","name":"HL/CB-137","name_kanji":null,"alt_m":542,"points":2,"region_code":"CB","region_name":"Chungbuk","activations":1,"last_activation":"2026-02-15T00:00:00Z"}},{"type":"Feature","geometry":{"type":"Point","coordinates":[127.6674,36.1794]},"properties":{"ref":"HL/CB-138","name":"HL/CB-138","name_kanji":null,"alt_m":540,"points":2,"region_code":"CB","region_name":"Chungbuk","activations":3,"last_activation":"2020-12-20T00:00:00Z"}},{"type":"Feature","geometry":{"type":"Point","coordinates":[127.8238,36.739]},"properties":{"ref":"HL/CB-139","name":"삼성봉 (Samseongbong)","name_kanji":null,"alt_m":540,"points":2,"region_code":"CB","region_name":"Chungbuk","activations":3,"last_activation":"2021-11-14T00:00:00Z"}},{"type":"Feature","geometry":{"type":"Point","coordinates":[128.2493,37.0754]},"properties":{"ref":"HL/CB-140","name":"HL/CB-140","name_kanji":null,"alt_m":537,"points":2,"region_code":"CB","region_name":"Chungbuk","activations":0,"last_activation":null}},{"type":"Feature","geometry":{"type":"Point","coordinates":[127.974,36.9275]},"properties":{"ref":"HL/CB-141","name":"발치봉 (Balchibong)","name_kanji":null,"alt_m":535,"points":2,"region_code":"CB","region_name":"Chungbuk","activations":0,"last_activation":null}},{"type":"Feature","geometry":{"type":"Point","coordinates":[128.1431,37.0089]},"properties":{"ref":"HL/CB-142","name":"비봉산 (Bibongsan)","name_kanji":null,"alt_m":531,"points":2,"region_code":"CB","region_name":"Chungbuk","activations":7,"last_activation":"2026-02-15T00:00:00Z"}},{"type":"Feature","geometry":{"type":"Point","coordinates":[127.6419,36.706]},"properties":{"ref":"HL/CB-143","name":"HL/CB-143","name_kanji":null,"alt_m":531,"points":2,"region_code":"CB","region_name":"Chungbuk","activations":10,"last_activation":"2026-03-07T00:00:00Z"}},{"type":"Feature","geometry":{"type":"Point","coordinates":[127.6829,36.8218]},"properties":{"ref":"HL/CB-144","name":"보광산 (Bogwangsan)","name_kanji":null,"alt_m":530,"points":2,"region_code":"CB","region_name":"Chungbuk","activations":16,"last_activation":"2026-02-28T00:00:00Z"}},{"type":"Feature","geometry":{"type":"Point","coordinates":[127.7373,36.5666]},"properties":{"ref":"HL/CB-145","name":"탁주봉 (Takjubong)","name_kanji":null,"alt_m":530,"points":2,"region_code":"CB","region_name":"Chungbuk","activations":4,"last_activation":"2024-04-06T00:00:00Z"}},{"type":"Feature","geometry":{"type":"Point","coordinates":[127.5766,36.6161]},"properties":{"ref":"HL/CB-146","name":"선두산 (Seondusan)","name_kanji":null,"alt_m":527,"points":2,"region_code":"CB","region_name":"Chungbuk","activations":10,"last_activation":"2026-01-02T00:00:00Z"}},{"type":"Feature","geometry":{"type":"Point","coordinates":[127.8438,36.911]},"properties":{"ref":"HL/CB-147","name":"고양봉 (Goyangbong)","name_kanji":null,"alt_m":526,"points":2,"region_code":"CB","region_name":"Chungbuk","activations":0,"last_activation":null}},{"type":"Feature","geometry":{"type":"Point","coordinates":[128.1669,36.9299]},"properties":{"ref":"HL/CB-148","name":"야미산 (Yamisan)","name_kanji":null,"alt_m":526,"points":2,"region_code":"CB","region_name":"Chungbuk","activations":0,"last_activation":null}},{"type":"Feature","geometry":{"type":"Point","coordinates":[127.8342,36.1915]},"properties":{"ref":"HL/CB-149","name":"백마산 (Baengmasan)","name_kanji":null,"alt_m":525,"points":2,"region_code":"CB","region_name":"Chungbuk","activations":7,"last_activation":"2025-04-05T00:00:00Z"}},{"type":"Feature","geometry":{"type":"Point","coordinates":[127.78,36.6483]},"properties":{"ref":"HL/CB-150","name":"신산 (Sinsan)","name_kanji":null,"alt_m":522,"points":2,"region_code":"CB","region_name":"Chungbuk","activations":1,"last_activation":"2024-12-28T00:00:00Z"}},{"type":"Feature","geometry":{"type":"Point","coordinates":[127.6593,36.0339]},"properties":{"ref":"HL/CB-151","name":"칠봉산 (Chilbongsan)","name_kanji":null,"alt_m":521,"points":2,"region_code":"CB","region_name":"Chungbuk","activations":20,"last_activation":"2026-04-19T00:00:00Z"}},{"type":"Feature","geometry":{"type":"Point","coordinates":[127.8619,36.815]},"properties":{"ref":"HL/CB-152","name":"성불산 (Seongbulsan)","name_kanji":null,"alt_m":520,"points":2,"region_code":"CB","region_name":"Chungbuk","activations":4,"last_activation":"2024-12-07T00:00:00Z"}},{"type":"Feature","geometry":{"type":"Point","coordinates":[128.1095,36.9646]},"properties":{"ref":"HL/CB-153","name":"경심령 (Gyeongsimnyeong)","name_kanji":null,"alt_m":519,"points":2,"region_code":"CB","region_name":"Chungbuk","activations":0,"last_activation":null}},{"type":"Feature","geometry":{"type":"Point","coordinates":[127.6124,36.3851]},"properties":{"ref":"HL/CB-154","name":"막지봉 (Makjibong)","name_kanji":null,"alt_m":517,"points":2,"region_code":"CB","region_name":"Chungbuk","activations":2,"last_activation":"2024-02-12T00:00:00Z"}},{"type":"Feature","geometry":{"type":"Point","coordinates":[127.7133,36.6015]},"properties":{"ref":"HL/CB-155","name":"옥화봉 (Okhwabong)","name_kanji":null,"alt_m":513,"points":2,"region_code":"CB","region_name":"Chungbuk","activations":2,"last_activation":"2025-03-14T00:00:00Z"}},{"type":"Feature","geometry":{"type":"Point","coordinates":[127.9042,36.2508]},"properties":{"ref":"HL/CB-156","name":"북살미산 (Buksalmisan)","name_kanji":null,"alt_m":511,"points":2,"region_code":"CB","region_name":"Chungbuk","activations":3,"last_activation":"2021-10-23T00:00:00Z"}},{"type":"Feature","geometry":{"type":"Point","coordinates":[127.6509,36.9017]},"properties":{"ref":"HL/CB-157","name":"큰산 (Keunsan)","name_kanji":null,"alt_m":510,"points":2,"region_code":"CB","region_name":"Chungbuk","activations":9,"last_activation":"2025-12-25T00:00:00Z"}},{"type":"Feature","geometry":{"type":"Point","coordinates":[128.404,37.1393]},"properties":{"ref":"HL/CB-158","name":"HL/CB-158","name_kanji":null,"alt_m":509,"points":2,"region_code":"CB","region_name":"Chungbuk","activations":0,"last_activation":null}},{"type":"Feature","geometry":{"type":"Point","coordinates":[127.6543,36.3146]},"properties":{"ref":"HL/CB-159","name":"탑산 (Tapsan)","name_kanji":null,"alt_m":505,"points":2,"region_code":"CB","region_name":"Chungbuk","activations":11,"last_activation":"2026-02-21T00:00:00Z"}},{"type":"Feature","geometry":{"type":"Point","coordinates":[127.9063,36.8008]},"properties":{"ref":"HL/CB-160","name":"HL/CB-160","name_kanji":null,"alt_m":504,"points":2,"region_code":"CB","region_name":"Chungbuk","activations":0,"last_activation":null}},{"type":"Feature","geometry":{"type":"Point","coordinates":[127.6406,36.441]},"properties":{"ref":"HL/CB-161","name":"HL/CB-161","name_kanji":null,"alt_m":504,"points":2,"region_code":"CB","region_name":"Chungbuk","activations":1,"last_activation":"2017-12-02T00:00:00Z"}},{"type":"Feature","geometry":{"type":"Point","coordinates":[127.8726,37.1459]},"properties":{"ref":"HL/CB-162","name":"국사봉 (Guksabong)","name_kanji":null,"alt_m":503,"points":2,"region_code":"CB","region_name":"Chungbuk","activations":1,"last_activation":"2020-04-15T00:00:00Z"}},{"type":"Feature","geometry":{"type":"Point","coordinates":[127.6797,36.1972]},"properties":{"ref":"HL/CB-163","name":"국사봉 (Guksabong)","name_kanji":null,"alt_m":502,"points":2,"region_code":"CB","region_name":"Chungbuk","activations":5,"last_activation":"2025-04-18T00:00:00Z"}},{"type":"Feature","geometry":{"type":"Point","coordinates":[127.7964,36.3655]},"properties":{"ref":"HL/CB-164","name":"도덕봉 (Dodeokbong)","name_kanji":null,"alt_m":500,"points":2,"region_code":"CB","region_name":"Chungbuk","activations":13,"last_activation":"2025-12-20T00:00:00Z"}},{"type":"Feature","geometry":{"type":"Point","coordinates":[127.8637,36.4032]},"properties":{"ref":"HL/CB-165","name":"골봉산 (Golbongsan)","name_kanji":null,"alt_m":500,"points":2,"region_code":"CB","region_name":"Chungbuk","activations":2,"last_activation":"2025-03-29T00:00:00Z"}},{"type":"Feature","geometry":{"type":"Point","coordinates":[127.9028,36.1938]},"properties":{"ref":"HL/CB-166","name":"HL/CB-166","name_kanji":null,"alt_m":500,"points":2,"region_code":"CB","region_name":"Chungbuk","activations":2,"last_activation":"2025-12-27T00:00:00Z"}},{"type":"Feature","geometry":{"type":"Point","coordinates":[127.7356,36.6291]},"properties":{"ref":"HL/CB-167","name":"HL/CB-167","name_kanji":null,"alt_m":500,"points":2,"region_code":"CB","region_name":"Chungbuk","activations":1,"last_activation":"2023-03-19T00:00:00Z"}},{"type":"Feature","geometry":{"type":"Point","coordinates":[127.92,36.8815]},"properties":{"ref":"HL/CB-168","name":"옥답산 (Okdapsan)","name_kanji":null,"alt_m":500,"points":2,"region_code":"CB","region_name":"Chungbuk","activations":0,"last_activation":null}},{"type":"Feature","geometry":{"type":"Point","coordinates":[127.5986,36.3276]},"properties":{"ref":"HL/CB-169","name":"마성산 (Maseongsan)","name_kanji":null,"alt_m":497,"points":1,"region_code":"CB","region_name":"Chungbuk","activations":7,"last_activation":"2026-02-14T00:00:00Z"}},{"type":"Feature","geometry":{"type":"Point","coordinates":[127.6755,36.4375]},"properties":{"ref":"HL/CB-170","name":"거멍산 (Geomeongsan)","name_kanji":null,"alt_m":494,"points":1,"region_code":"CB","region_name":"Chungbuk","activations":1,"last_activation":"2017-12-14T00:00:00Z"}},{"type":"Feature","geometry":{"type":"Point","coordinates":[128.1706,37.1039]},"properties":{"ref":"HL/CB-171","name":"HL/CB-171","name_kanji":null,"alt_m":490,"points":1,"region_code":"CB","region_name":"Chungbuk","activations":0,"last_activation":null}},{"type":"Feature","geometry":{"type":"Point","coordinates":[127.9452,36.9374]},"properties":{"ref":"HL/CB-172","name":"대림산 (Daerimsan)","name_kanji":null,"alt_m":489,"points":1,"region_code":"CB","region_name":"Chungbuk","activations":0,"last_activation":null}},{"type":"Feature","geometry":{"type":"Point","coordinates":[127.6714,36.5266]},"properties":{"ref":"HL/CB-173","name":"HL/CB-173","name_kanji":null,"alt_m":489,"points":1,"region_code":"CB","region_name":"Chungbuk","activations":1,"last_activation":"2025-10-18T00:00:00Z"}},{"type":"Feature","geometry":{"type":"Point","coordinates":[127.7133,36.9005]},"properties":{"ref":"HL/CB-174","name":"가막산 (Gamaksan)","name_kanji":null,"alt_m":485,"points":1,"region_code":"CB","region_name":"Chungbuk","activations":1,"last_activation":"2024-11-22T00:00:00Z"}},{"type":"Feature","geometry":{"type":"Point","coordinates":[127.6799,36.6762]},"properties":{"ref":"HL/CB-175","name":"HL/CB-175","name_kanji":null,"alt_m":484,"points":1,"region_code":"CB","region_name":"Chungbuk","activations":1,"last_activation":"2025-04-18T00:00:00Z"}},{"type":"Feature","geometry":{"type":"Point","coordinates":[127.8631,37.1268]},"properties":{"ref":"HL/CB-176","name":"묵봉산 (Mukbongsan)","name_kanji":null,"alt_m":482,"points":1,"region_code":"CB","region_name":"Chungbuk","activations":1,"last_activation":"2020-04-15T00:00:00Z"}},{"type":"Feature","geometry":{"type":"Point","coordinates":[127.6338,36.9457]},"properties":{"ref":"HL/CB-177","name":"보현산 (Bohyeonsan)","name_kanji":null,"alt_m":482,"points":1,"region_code":"CB","region_name":"Chungbuk","activations":3,"last_activation":"2023-04-16T00:00:00Z"}},{"type":"Feature","geometry":{"type":"Point","coordinates":[127.6502,36.1215]},"properties":{"ref":"HL/CB-178","name":"비봉산 (Bibongsan)","name_kanji":null,"alt_m":482,"points":1,"region_code":"CB","region_name":"Chungbuk","activations":2,"last_activation":"2022-10-18T00:00:00Z"}},{"type":"Feature","geometry":{"type":"Point","coordinates":[127.9343,36.907]},"properties":{"ref":"HL/CB-179","name":"두룽봉 (Durungbong)","name_kanji":null,"alt_m":480,"points":1,"region_code":"CB","region_name":"Chungbuk","activations":1,"last_activation":"2024-04-21T00:00:00Z"}},{"type":"Feature","geometry":{"type":"Point","coordinates":[127.8055,37.0735]},"properties":{"ref":"HL/CB-180","name":"국사봉 (Guksabong)","name_kanji":null,"alt_m":480,"points":1,"region_code":"CB","region_name":"Chungbuk","activations":1,"last_activation":"2016-01-02T00:00:00Z"}},{"type":"Feature","geometry":{"type":"Point","coordinates":[127.7085,36.3794]},"properties":{"ref":"HL/CB-181","name":"HL/CB-181","name_kanji":null,"alt_m":480,"points":1,"region_code":"CB","region_name":"Chungbuk","activations":1,"last_activation":"2019-01-18T00:00:00Z"}},{"type":"Feature","geometry":{"type":"Point","coordinates":[127.4919,36.2453]},"properties":{"ref":"HL/CB-182","name":"HL/CB-182","name_kanji":null,"alt_m":480,"points":1,"region_code":"CB","region_name":"Chungbuk","activations":9,"last_activation":"2025-11-29T00:00:00Z"}},{"type":"Feature","geometry":{"type":"Point","coordinates":[128.2023,36.9399]},"properties":{"ref":"HL/CB-183","name":"사무산 (Samusan)","name_kanji":null,"alt_m":478,"points":1,"region_code":"CB","region_name":"Chungbuk","activations":1,"last_activation":"2025-09-21T00:00:00Z"}},{"type":"Feature","geometry":{"type":"Point","coordinates":[127.8012,36.2405]},"properties":{"ref":"HL/CB-184","name":"박달산 (Bakdalsan)","name_kanji":null,"alt_m":475,"points":1,"region_code":"CB","region_name":"Chungbuk","activations":3,"last_activation":"2025-09-13T00:00:00Z"}},{"type":"Feature","geometry":{"type":"Point","coordinates":[128.2578,37.1015]},"properties":{"ref":"HL/CB-185","name":"호명산 (Homyeongsan)","name_kanji":null,"alt_m":475,"points":1,"region_code":"CB","region_name":"Chungbuk","activations":0,"last_activation":null}},{"type":"Feature","geometry":{"type":"Point","coordinates":[127.7099,36.3498]},"properties":{"ref":"HL/CB-186","name":"HL/CB-186","name_kanji":null,"alt_m":473,"points":1,"region_code":"CB","region_name":"Chungbuk","activations":1,"last_activation":"2017-12-25T00:00:00Z"}},{"type":"Feature","geometry":{"type":"Point","coordinates":[127.7522,36.8746]},"properties":{"ref":"HL/CB-187","name":"갑산 (Gapsan)","name_kanji":null,"alt_m":472,"points":1,"region_code":"CB","region_name":"Chungbuk","activations":1,"last_activation":"2024-05-03T00:00:00Z"}},{"type":"Feature","geometry":{"type":"Point","coordinates":[127.6693,36.555]},"properties":{"ref":"HL/CB-188","name":"구봉산 (Gubongsan)","name_kanji":null,"alt_m":470,"points":1,"region_code":"CB","region_name":"Chungbuk","activations":1,"last_activation":"2024-04-06T00:00:00Z"}},{"type":"Feature","geometry":{"type":"Point","coordinates":[127.9104,36.8522]},"properties":{"ref":"HL/CB-189","name":"주월산 (Juwolsan)","name_kanji":null,"alt_m":470,"points":1,"region_code":"CB","region_name":"Chungbuk","activations":1,"last_activation":"2022-06-19T00:00:00Z"}},{"type":"Feature","geometry":{"type":"Point","coordinates":[127.5369,36.2508]},"properties":{"ref":"HL/CB-190","name":"닭이치 (Dalgichi)","name_kanji":null,"alt_m":470,"points":1,"region_code":"CB","region_name":"Chungbuk","activations":2,"last_activation":"2022-03-21T00:00:00Z"}},{"type":"Feature","geometry":{"type":"Point","coordinates":[127.718,36.555]},"properties":{"ref":"HL/CB-191","name":"HL/CB-191","name_kanji":null,"alt_m":470,"points":1,"region_code":"CB","region_name":"Chungbuk","activations":1,"last_activation":"2025-04-26T00:00:00Z"}},{"type":"Feature","geometry":{"type":"Point","coordinates":[127.9654,36.7678]},"properties":{"ref":"HL/CB-192","name":"HL/CB-192","name_kanji":null,"alt_m":470,"points":1,"region_code":"CB","region_name":"Chungbuk","activations":1,"last_activation":"2025-05-06T00:00:00Z"}},{"type":"Feature","geometry":{"type":"Point","coordinates":[127.7111,37.1318]},"properties":{"ref":"HL/CB-193","name":"HL/CB-193","name_kanji":null,"alt_m":470,"points":1,"region_code":"CB","region_name":"Chungbuk","activations":1,"last_activation":"2024-05-04T00:00:00Z"}},{"type":"Feature","geometry":{"type":"Point","coordinates":[127.6625,36.0896]},"properties":{"ref":"HL/CB-194","name":"HL/CB-194","name_kanji":null,"alt_m":460,"points":1,"region_code":"CB","region_name":"Chungbuk","activations":1,"last_activation":"2020-11-26T00:00:00Z"}},{"type":"Feature","geometry":{"type":"Point","coordinates":[127.5909,36.3968]},"properties":{"ref":"HL/CB-195","name":"HL/CB-195","name_kanji":null,"alt_m":460,"points":1,"region_code":"CB","region_name":"Chungbuk","activations":1,"last_activation":"2024-11-16T00:00:00Z"}},{"type":"Feature","geometry":{"type":"Point","coordinates":[127.8416,36.9284]},"properties":{"ref":"HL/CB-196","name":"HL/CB-196","name_kanji":null,"alt_m":460,"points":1,"region_code":"CB","region_name":"Chungbuk","activations":0,"last_activation":null}},{"type":"Feature","geometry":{"type":"Point","coordinates":[127.3047,36.6853]},"properties":{"ref":"HL/CB-197","name":"동림산 (Dongnimsan)","name_kanji":null,"alt_m":458,"points":1,"region_code":"CB","region_name":"Chungbuk","activations":5,"last_activation":"2024-08-15T00:00:00Z"}},{"type":"Feature","geometry":{"type":"Point","coordinates":[127.9849,36.7768]},"properties":{"ref":"HL/CB-198","name":"HL/CB-198","name_kanji":null,"alt_m":455,"points":1,"region_code":"CB","region_name":"Chungbuk","activations":1,"last_activation":"2025-05-06T00:00:00Z"}},{"type":"Feature","geometry":{"type":"Point","coordinates":[127.611,36.3547]},"properties":{"ref":"HL/CB-199","name":"이슬봉 (Iseulbong)","name_kanji":null,"alt_m":454,"points":1,"region_code":"CB","region_name":"Chungbuk","activations":3,"last_activation":"2023-04-04T00:00:00Z"}},{"type":"Feature","geometry":{"type":"Point","coordinates":[127.8013,36.4114]},"properties":{"ref":"HL/CB-200","name":"울미산 (Ulmisan)","name_kanji":null,"alt_m":451,"points":1,"region_code":"CB","region_name":"Chungbuk","activations":1,"last_activation":"2022-12-10T00:00:00Z"}},{"type":"Feature","geometry":{"type":"Point","coordinates":[127.6565,36.4231]},"properties":{"ref":"HL/CB-201","name":"가재봉 (Gajaebong)","name_kanji":null,"alt_m":450,"points":1,"region_code":"CB","region_name":"Chungbuk","activations":1,"last_activation":"2024-11-16T00:00:00Z"}},{"type":"Feature","geometry":{"type":"Point","coordinates":[127.7853,36.8798]},"properties":{"ref":"HL/CB-202","name":"HL/CB-202","name_kanji":null,"alt_m":450,"points":1,"region_code":"CB","region_name":"Chungbuk","activations":0,"last_activation":null}},{"type":"Feature","geometry":{"type":"Point","coordinates":[127.6632,36.2699]},"properties":{"ref":"HL/CB-203","name":"철봉산 (Cheolbongsan)","name_kanji":null,"alt_m":450,"points":1,"region_code":"CB","region_name":"Chungbuk","activations":5,"last_activation":"2020-11-20T00:00:00Z"}},{"type":"Feature","geometry":{"type":"Point","coordinates":[127.7449,36.281]},"properties":{"ref":"HL/CB-204","name":"국사봉 (Guksabong)","name_kanji":null,"alt_m":449,"points":1,"region_code":"CB","region_name":"Chungbuk","activations":4,"last_activation":"2024-11-21T00:00:00Z"}},{"type":"Feature","geometry":{"type":"Point","coordinates":[128.2386,36.9133]},"properties":{"ref":"HL/CB-205","name":"HL/CB-205","name_kanji":null,"alt_m":446,"points":1,"region_code":"CB","region_name":"Chungbuk","activations":1,"last_activation":"2025-11-15T00:00:00Z"}},{"type":"Feature","geometry":{"type":"Point","coordinates":[127.7071,36.2866]},"properties":{"ref":"HL/CB-206","name":"가운데날산 (Gaundenalsan)","name_kanji":null,"alt_m":446,"points":1,"region_code":"CB","region_name":"Chungbuk","activations":2,"last_activation":"2020-11-20T00:00:00Z"}},{"type":"Feature","geometry":{"type":"Point","coordinates":[128.3437,36.9361]},"properties":{"ref":"HL/CB-207","name":"HL/CB-207","name_kanji":null,"alt_m":446,"points":1,"region_code":"CB","region_name":"Chungbuk","activations":1,"last_activation":"2025-11-15T00:00:00Z"}},{"type":"Feature","geometry":{"type":"Point","coordinates":[127.7744,37.1178]},"properties":{"ref":"HL/CB-208","name":"치마산 (Chimasan)","name_kanji":null,"alt_m":441,"points":1,"region_code":"CB","region_name":"Chungbuk","activations":1,"last_activation":"2025-10-17T00:00:00Z"}},{"type":"Feature","geometry":{"type":"Point","coordinates":[127.861,36.4396]},"properties":{"ref":"HL/CB-209","name":"먹산 (Meoksan)","name_kanji":null,"alt_m":440,"points":1,"region_code":"CB","region_name":"Chungbuk","activations":1,"last_activation":"2025-03-29T00:00:00Z"}},{"type":"Feature","geometry":{"type":"Point","coordinates":[127.6598,36.2913]},"properties":{"ref":"HL/CB-210","name":"어깨산 (Eokkaesan)","name_kanji":null,"alt_m":440,"points":1,"region_code":"CB","region_name":"Chungbuk","activations":11,"last_activation":"2025-10-09T00:00:00Z"}},{"type":"Feature","geometry":{"type":"Point","coordinates":[127.8465,36.8015]},"properties":{"ref":"HL/CB-211","name":"HL/CB-211","name_kanji":null,"alt_m":440,"points":1,"region_code":"CB","region_name":"Chungbuk","activations":0,"last_activation":null}},{"type":"Feature","geometry":{"type":"Point","coordinates":[127.7609,37.0285]},"properties":{"ref":"HL/CB-212","name":"자주봉산 (Jajubongsan)","name_kanji":null,"alt_m":438,"points":1,"region_code":"CB","region_name":"Chungbuk","activations":1,"last_activation":"2025-10-17T00:00:00Z"}},{"type":"Feature","geometry":{"type":"Point","coordinates":[127.7353,36.1685]},"properties":{"ref":"HL/CB-213","name":"성산 (Seongsan)","name_kanji":null,"alt_m":437,"points":1,"region_code":"CB","region_name":"Chungbuk","activations":1,"last_activation":"2022-08-13T00:00:00Z"}},{"type":"Feature","geometry":{"type":"Point","coordinates":[127.5894,36.9529]},"properties":{"ref":"HL/CB-214","name":"소속리산 (Sosongnisan)","name_kanji":null,"alt_m":432,"points":1,"region_code":"CB","region_name":"Chungbuk","activations":4,"last_activation":"2023-04-16T00:00:00Z"}},{"type":"Feature","geometry":{"type":"Point","coordinates":[127.8008,36.2981]},"properties":{"ref":"HL/CB-215","name":"천관산 (Cheongwansan)","name_kanji":null,"alt_m":430,"points":1,"region_code":"CB","region_name":"Chungbuk","activations":4,"last_activation":"2025-09-13T00:00:00Z"}},{"type":"Feature","geometry":{"type":"Point","coordinates":[127.4792,36.5233]},"properties":{"ref":"HL/CB-216","name":"작두산 (Jakdusan)","name_kanji":null,"alt_m":430,"points":1,"region_code":"CB","region_name":"Chungbuk","activations":5,"last_activation":"2025-06-15T00:00:00Z"}},{"type":"Feature","geometry":{"type":"Point","coordinates":[127.815,36.1808]},"properties":{"ref":"HL/CB-217","name":"무량산 (Muryangsan)","name_kanji":null,"alt_m":427,"points":1,"region_code":"CB","region_name":"Chungbuk","activations":8,"last_activation":"2024-10-05T00:00:00Z"}},{"type":"Feature","geometry":{"type":"Point","coordinates":[127.8991,36.9139]},"properties":{"ref":"HL/CB-218","name":"두루봉 (Durubong)","name_kanji":null,"alt_m":417,"points":1,"region_code":"CB","region_name":"Chungbuk","activations":0,"last_activation":null}},{"type":"Feature","geometry":{"type":"Point","coordinates":[127.4215,36.8375]},"properties":{"ref":"HL/CB-219","name":"봉화산 (Bonghwasan)","name_kanji":null,"alt_m":412,"points":1,"region_code":"CB","region_name":"Chungbuk","activations":8,"last_activation":"2024-08-18T00:00:00Z"}},{"type":"Feature","geometry":{"type":"Point","coordinates":[127.4065,36.8406]},"properties":{"ref":"HL/CB-221","name":"문안산 (Munansan)","name_kanji":null,"alt_m":412,"points":1,"region_code":"CB","region_name":"Chungbuk","activations":0,"last_activation":null}},{"type":"Feature","geometry":{"type":"Point","coordinates":[127.7471,36.2652]},"properties":{"ref":"HL/CB-222","name":"갓모봉 (Gatmobong)","name_kanji":null,"alt_m":410,"points":1,"region_code":"CB","region_name":"Chungbuk","activations":1,"last_activation":"2020-11-20T00:00:00Z"}},{"type":"Feature","geometry":{"type":"Point","coordinates":[127.6145,36.8585]},"properties":{"ref":"HL/CB-223","name":"HL/CB-223","name_kanji":null,"alt_m":410,"points":1,"region_code":"CB","region_name":"Chungbuk","activations":1,"last_activation":"2024-07-28T00:00:00Z"}},{"type":"Feature","geometry":{"type":"Point","coordinates":[128.0113,36.9859]},"properties":{"ref":"HL/CB-224","name":"사우앙산 (Sauangsan)","name_kanji":null,"alt_m":408,"points":1,"region_code":"CB","region_name":"Chungbuk","activations":0,"last_activation":null}},{"type":"Feature","geometry":{"type":"Point","coordinates":[127.5985,36.2592]},"properties":{"ref":"HL/CB-225","name":"도덕봉 (Dodeokbong)","name_kanji":null,"alt_m":407,"points":1,"region_code":"CB","region_name":"Chungbuk","activations":3,"last_activation":"2023-06-04T00:00:00Z"}},{"type":"Feature","geometry":{"type":"Point","coordinates":[127.7065,36.9388]},"properties":{"ref":"HL/CB-226","name":"수정산 (Sujeongsan)","name_kanji":null,"alt_m":407,"points":1,"region_code":"CB","region_name":"Chungbuk","activations":1,"last_activation":"2022-05-02T00:00:00Z"}},{"type":"Feature","geometry":{"type":"Point","coordinates":[127.8393,37.1363]},"properties":{"ref":"HL/CB-227","name":"청계산 (Cheonggyesan)","name_kanji":null,"alt_m":402,"points":1,"region_code":"CB","region_name":"Chungbuk","activations":0,"last_activation":null}},{"type":"Feature","geometry":{"type":"Point","coordinates":[127.8843,36.2288]},"properties":{"ref":"HL/CB-228","name":"월유오봉 (Woryuobong)","name_kanji":null,"alt_m":401,"points":1,"region_code":"CB","region_name":"Chungbuk","activations":7,"last_activation":"2021-12-14T00:00:00Z"}},{"type":"Feature","geometry":{"type":"Point","coordinates":[127.8175,37.0241]},"properties":{"ref":"HL/CB-229","name":"평풍산 (Pyeongpungsan)","name_kanji":null,"alt_m":396,"points":1,"region_code":"CB","region_name":"Chungbuk","activations":1,"last_activation":"2025-08-16T00:00:00Z"}},{"type":"Feature","geometry":{"type":"Point","coordinates":[127.8238,37.0497]},"properties":{"ref":"HL/CB-230","name":"을궁산 (Eulgungsan)","name_kanji":null,"alt_m":394,"points":1,"region_code":"CB","region_name":"Chungbuk","activations":1,"last_activation":"2025-08-16T00:00:00Z"}},{"type":"Feature","geometry":{"type":"Point","coordinates":[127.6577,36.3489]},"properties":{"ref":"HL/CB-231","name":"둔주봉 (Dunjubong)","name_kanji":null,"alt_m":383,"points":1,"region_code":"CB","region_name":"Chungbuk","activations":6,"last_activation":"2022-09-20T00:00:00Z"}},{"type":"Feature","geometry":{"type":"Point","coordinates":[127.7456,36.82]},"properties":{"ref":"HL/CB-232","name":"HL/CB-232","name_kanji":null,"alt_m":380,"points":1,"region_code":"CB","region_name":"Chungbuk","activations":1,"last_activation":"2024-11-23T00:00:00Z"}},{"type":"Feature","geometry":{"type":"Point","coordinates":[128.1795,37.0628]},"properties":{"ref":"HL/CB-233","name":"HL/CB-233","name_kanji":null,"alt_m":377,"points":1,"region_code":"CB","region_name":"Chungbuk","activations":0,"last_activation":null}},{"type":"Feature","geometry":{"type":"Point","coordinates":[127.4757,36.4869]},"properties":{"ref":"HL/CB-234","name":"구룡산 (Guryongsan)","name_kanji":null,"alt_m":373,"points":1,"region_code":"CB","region_name":"Chungbuk","activations":23,"last_activation":"2025-03-22T00:00:00Z"}},{"type":"Feature","geometry":{"type":"Point","coordinates":[127.6843,36.2993]},"properties":{"ref":"HL/CB-235","name":"HL/CB-235","name_kanji":null,"alt_m":365,"points":1,"region_code":"CB","region_name":"Chungbuk","activations":1,"last_activation":"2021-01-01T00:00:00Z"}},{"type":"Feature","geometry":{"type":"Point","coordinates":[127.7779,36.4451]},"properties":{"ref":"HL/CB-236","name":"국사봉 (Guksabong)","name_kanji":null,"alt_m":363,"points":1,"region_code":"CB","region_name":"Chungbuk","activations":2,"last_activation":"2021-01-03T00:00:00Z"}},{"type":"Feature","geometry":{"type":"Point","coordinates":[127.5712,37.0486]},"properties":{"ref":"HL/CB-237","name":"팔성산 (Palseongsan)","name_kanji":null,"alt_m":361,"points":1,"region_code":"CB","region_name":"Chungbuk","activations":1,"last_activation":"2024-11-23T00:00:00Z"}},{"type":"Feature","geometry":{"type":"Point","coordinates":[127.6511,36.3641]},"properties":{"ref":"HL/CB-238","name":"HL/CB-238","name_kanji":null,"alt_m":360,"points":1,"region_code":"CB","region_name":"Chungbuk","activations":2,"last_activation":"2022-11-13T00:00:00Z"}},{"type":"Feature","geometry":{"type":"Point","coordinates":[127.4456,36.5528]},"properties":{"ref":"HL/CB-239","name":"봉무산 (Bongmusan)","name_kanji":null,"alt_m":347,"points":1,"region_code":"CB","region_name":"Chungbuk","activations":5,"last_activation":"2024-09-13T00:00:00Z"}},{"type":"Feature","geometry":{"type":"Point","coordinates":[127.5059,36.649]},"properties":{"ref":"HL/CB-240","name":"우암산 (Uamsan)","name_kanji":null,"alt_m":338,"points":1,"region_code":"CB","region_name":"Chungbuk","activations":6,"last_activation":"2024-11-16T00:00:00Z"}},{"type":"Feature","geometry":{"type":"Point","coordinates":[127.5712,36.4087]},"properties":{"ref":"HL/CB-241","name":"HL/CB-241","name_kanji":null,"alt_m":331,"points":1,"region_code":"CB","region_name":"Chungbuk","activations":1,"last_activation":"2016-02-10T00:00:00Z"}},{"type":"Feature","geometry":{"type":"Point","coordinates":[127.4033,36.5385]},"properties":{"ref":"HL/CB-242","name":"유모산 (Yumosan)","name_kanji":null,"alt_m":330,"points":1,"region_code":"CB","region_name":"Chungbuk","activations":6,"last_activation":"2026-04-05T00:00:00Z"}},{"type":"Feature","geometry":{"type":"Point","coordinates":[127.5375,36.4209]},"properties":{"ref":"HL/CB-243","name":"국사봉 (Guksabong)","name_kanji":null,"alt_m":320,"points":1,"region_code":"CB","region_name":"Chungbuk","activations":11,"last_activation":"2024-03-17T00:00:00Z"}},{"type":"Feature","geometry":{"type":"Point","coordinates":[127.5032,36.4801]},"properties":{"ref":"HL/CB-244","name":"곰실봉 (Gomsilbong)","name_kanji":null,"alt_m":310,"points":1,"region_code":"CB","region_name":"Chungbuk","activations":1,"last_activation":"2024-10-29T00:00:00Z"}},{"type":"Feature","geometry":{"type":"Point","coordinates":[127.7655,36.9459]},"properties":{"ref":"HL/CB-245","name":"HL/CB-245","name_kanji":null,"alt_m":310,"points":1,"region_code":"CB","region_name":"Chungbuk","activations":1,"last_activation":"2024-11-22T00:00:00Z"}},{"type":"Feature","geometry":{"type":"Point","coordinates":[127.394,36.5199]},"properties":{"ref":"HL/CB-246","name":"노고봉 (Nogobong)","name_kanji":null,"alt_m":305,"points":1,"region_code":"CB","region_name":"Chungbuk","activations":7,"last_activation":"2025-04-04T00:00:00Z"}},{"type":"Feature","geometry":{"type":"Point","coordinates":[127.8874,37.0885]},"properties":{"ref":"HL/CB-247","name":"제내편봉 (Jenaepyeonbong)","name_kanji":null,"alt_m":289,"points":1,"region_code":"CB","region_name":"Chungbuk","activations":0,"last_activation":null}},{"type":"Feature","geometry":{"type":"Point","coordinates":[127.5547,36.4194]},"properties":{"ref":"HL/CB-248","name":"HL/CB-248","name_kanji":null,"alt_m":280,"points":1,"region_code":"CB","region_name":"Chungbuk","activations":1,"last_activation":"2024-11-16T00:00:00Z"}},{"type":"Feature","geometry":{"type":"Point","coordinates":[127.8588,36.9908]},"properties":{"ref":"HL/CB-249","name":"HL/CB-249","name_kanji":null,"alt_m":270,"points":1,"region_code":"CB","region_name":"Chungbuk","activations":0,"last_activation":null}},{"type":"Feature","geometry":{"type":"Point","coordinates":[127.41,36.6345]},"properties":{"ref":"HL/CB-250","name":"부모산 (Bumosan)","name_kanji":null,"alt_m":232,"points":1,"region_code":"CB","region_name":"Chungbuk","activations":6,"last_activation":"2024-09-21T00:00:00Z"}},{"type":"Feature","geometry":{"type":"Point","coordinates":[127.5382,36.2206]},"properties":{"ref":"HL/CN-001","name":"서대산 (Seodaesan)","name_kanji":null,"alt_m":904,"points":6,"region_code":"CN","region_name":"Chungnam","activations":58,"last_activation":"2026-03-21T00:00:00Z"}},{"type":"Feature","geometry":{"type":"Point","coordinates":[127.32,36.125]},"properties":{"ref":"HL/CN-002","name":"대둔산 (Daedunsan)","name_kanji":null,"alt_m":879,"points":6,"region_code":"CN","region_name":"Chungnam","activations":73,"last_activation":"2026-02-21T00:00:00Z"}},{"type":"Feature","geometry":{"type":"Point","coordinates":[127.2059,36.3422]},"properties":{"ref":"HL/CN-003","name":"계룡산 (Gyeryongsan)","name_kanji":null,"alt_m":845,"points":6,"region_code":"CN","region_name":"Chungnam","activations":13,"last_activation":"2021-06-06T00:00:00Z"}},{"type":"Feature","geometry":{"type":"Point","coordinates":[126.6593,36.4581]},"properties":{"ref":"HL/CN-004","name":"오서산 (Oseosan)","name_kanji":null,"alt_m":791,"points":4,"region_code":"CN","region_name":"Chungnam","activations":41,"last_activation":"2026-04-12T00:00:00Z"}},{"type":"Feature","geometry":{"type":"Point","coordinates":[127.4586,36.0776]},"properties":{"ref":"HL/CN-005","name":"진악산 (Jinaksan)","name_kanji":null,"alt_m":732,"points":4,"region_code":"CN","region_name":"Chungnam","activations":75,"last_activation":"2026-04-18T00:00:00Z"}},{"type":"Feature","geometry":{"type":"Point","coordinates":[127.5934,36.1959]},"properties":{"ref":"HL/CN-006","name":"천태산 (Cheontaesan)","name_kanji":null,"alt_m":705,"points":4,"region_code":"CN","region_name":"Chungnam","activations":27,"last_activation":"2024-09-16T00:00:00Z"}},{"type":"Feature","geometry":{"type":"Point","coordinates":[127.0274,36.6874]},"properties":{"ref":"HL/CN-007","name":"광덕산 (Gwangdeoksan)","name_kanji":null,"alt_m":699,"points":4,"region_code":"CN","region_name":"Chungnam","activations":68,"last_activation":"2026-04-16T00:00:00Z"}},{"type":"Feature","geometry":{"type":"Point","coordinates":[126.6868,36.3675]},"properties":{"ref":"HL/CN-008","name":"성주산 (Seongjusan)","name_kanji":null,"alt_m":680,"points":4,"region_code":"CN","region_name":"Chungnam","activations":20,"last_activation":"2026-01-04T00:00:00Z"}},{"type":"Feature","geometry":{"type":"Point","coordinates":[126.6092,36.7042]},"properties":{"ref":"HL/CN-009","name":"가야산 (Gayasan)","name_kanji":null,"alt_m":678,"points":4,"region_code":"CN","region_name":"Chungnam","activations":71,"last_activation":"2026-04-19T00:00:00Z"}},{"type":"Feature","geometry":{"type":"Point","coordinates":[127.5622,36.1766]},"properties":{"ref":"HL/CN-010","name":"국사봉 (Guksabong)","name_kanji":null,"alt_m":668,"points":4,"region_code":"CN","region_name":"Chungnam","activations":29,"last_activation":"2026-04-18T00:00:00Z"}},{"type":"Feature","geometry":{"type":"Point","coordinates":[127.2409,36.3472]},"properties":{"ref":"HL/CN-011","name":"치개봉 (Chigaebong)","name_kanji":null,"alt_m":664,"points":4,"region_code":"CN","region_name":"Chungnam","activations":26,"last_activation":"2026-01-17T00:00:00Z"}},{"type":"Feature","geometry":{"type":"Point","coordinates":[127.2905,36.1438]},"properties":{"ref":"HL/CN-012","name":"월성봉 (Wolseongbong)","name_kanji":null,"alt_m":650,"points":4,"region_code":"CN","region_name":"Chungnam","activations":34,"last_activation":"2026-03-14T00:00:00Z"}},{"type":"Feature","geometry":{"type":"Point","coordinates":[127.0216,36.6515]},"properties":{"ref":"HL/CN-013","name":"천자봉 (Cheonjabong)","name_kanji":null,"alt_m":646,"points":2,"region_code":"CN","region_name":"Chungnam","activations":30,"last_activation":"2026-01-01T00:00:00Z"}},{"type":"Feature","geometry":{"type":"Point","coordinates":[126.6923,36.2796]},"properties":{"ref":"HL/CN-014","name":"아미산 (Amisan)","name_kanji":null,"alt_m":635,"points":2,"region_code":"CN","region_name":"Chungnam","activations":13,"last_activation":"2026-03-14T00:00:00Z"}},{"type":"Feature","geometry":{"type":"Point","coordinates":[126.7246,36.3737]},"properties":{"ref":"HL/CN-015","name":"성태산 (Seongtaesan)","name_kanji":null,"alt_m":631,"points":2,"region_code":"CN","region_name":"Chungnam","activations":12,"last_activation":"2026-01-31T00:00:00Z"}},{"type":"Feature","geometry":{"type":"Point","coordinates":[127.4595,36.0451]},"properties":{"ref":"HL/CN-016","name":"마이산 (Maisan)","name_kanji":null,"alt_m":627,"points":2,"region_code":"CN","region_name":"Chungnam","activations":17,"last_activation":"2026-02-28T00:00:00Z"}},{"type":"Feature","geometry":{"type":"Point","coordinates":[127.3977,36.1052]},"properties":{"ref":"HL/CN-017","name":"인대산 (Indaesan)","name_kanji":null,"alt_m":623,"points":2,"region_code":"CN","region_name":"Chungnam","activations":10,"last_activation":"2026-02-21T00:00:00Z"}},{"type":"Feature","geometry":{"type":"Point","coordinates":[127.0589,36.5488]},"properties":{"ref":"HL/CN-018","name":"무성산 (Museongsan)","name_kanji":null,"alt_m":614,"points":2,"region_code":"CN","region_name":"Chungnam","activations":27,"last_activation":"2026-03-14T00:00:00Z"}},{"type":"Feature","geometry":{"type":"Point","coordinates":[126.6353,36.3179]},"properties":{"ref":"HL/CN-019","name":"옥마산 (Okmasan)","name_kanji":null,"alt_m":597,"points":2,"region_code":"CN","region_name":"Chungnam","activations":37,"last_activation":"2026-03-07T00:00:00Z"}},{"type":"Feature","geometry":{"type":"Point","coordinates":[127.3537,36.111]},"properties":{"ref":"HL/CN-020","name":"극기봉 (Geukgibong)","name_kanji":null,"alt_m":592,"points":2,"region_code":"CN","region_name":"Chungnam","activations":20,"last_activation":"2026-01-18T00:00:00Z"}},{"type":"Feature","geometry":{"type":"Point","coordinates":[127.0316,36.6025]},"properties":{"ref":"HL/CN-021","name":"국사봉 (Guksabong)","name_kanji":null,"alt_m":591,"points":2,"region_code":"CN","region_name":"Chungnam","activations":29,"last_activation":"2026-01-01T00:00:00Z"}},{"type":"Feature","geometry":{"type":"Point","coordinates":[127.5867,36.026]},"properties":{"ref":"HL/CN-022","name":"갈선산 (Galseonsan)","name_kanji":null,"alt_m":590,"points":2,"region_code":"CN","region_name":"Chungnam","activations":9,"last_activation":"2026-01-17T00:00:00Z"}},{"type":"Feature","geometry":{"type":"Point","coordinates":[126.99021,36.6263]},"properties":{"ref":"HL/CN-023","name":"금계산 (Geumgyesan)","name_kanji":null,"alt_m":575,"points":2,"region_code":"CN","region_name":"Chungnam","activations":22,"last_activation":"2025-12-07T00:00:00Z"}},{"type":"Feature","geometry":{"type":"Point","coordinates":[127.2018,36.2932]},"properties":{"ref":"HL/CN-024","name":"향적산 (Hyangjeoksan)","name_kanji":null,"alt_m":574,"points":2,"region_code":"CN","region_name":"Chungnam","activations":41,"last_activation":"2026-01-17T00:00:00Z"}},{"type":"Feature","geometry":{"type":"Point","coordinates":[127.2267,36.8506]},"properties":{"ref":"HL/CN-025","name":"성거산 (Seonggeosan)","name_kanji":null,"alt_m":573,"points":2,"region_code":"CN","region_name":"Chungnam","activations":65,"last_activation":"2026-02-08T00:00:00Z"}},{"type":"Feature","geometry":{"type":"Point","coordinates":[127.0081,36.5864]},"properties":{"ref":"HL/CN-026","name":"연종고개 (Yeonjonggogae)","name_kanji":null,"alt_m":569,"points":2,"region_code":"CN","region_name":"Chungnam","activations":21,"last_activation":"2025-12-06T00:00:00Z"}},{"type":"Feature","geometry":{"type":"Point","coordinates":[126.7149,36.3943]},"properties":{"ref":"HL/CN-027","name":"백월산 (Baegwolsan)","name_kanji":null,"alt_m":565,"points":2,"region_code":"CN","region_name":"Chungnam","activations":11,"last_activation":"2026-01-31T00:00:00Z"}},{"type":"Feature","geometry":{"type":"Point","coordinates":[126.8851,36.4128]},"properties":{"ref":"HL/CN-028","name":"칠갑산 (Chilgapsan)","name_kanji":null,"alt_m":561,"points":2,"region_code":"CN","region_name":"Chungnam","activations":44,"last_activation":"2026-03-28T00:00:00Z"}},{"type":"Feature","geometry":{"type":"Point","coordinates":[127.5319,36.0351]},"properties":{"ref":"HL/CN-029","name":"마하산 (Mahasan)","name_kanji":null,"alt_m":559,"points":2,"region_code":"CN","region_name":"Chungnam","activations":29,"last_activation":"2026-04-19T00:00:00Z"}},{"type":"Feature","geometry":{"type":"Point","coordinates":[126.7184,36.2565]},"properties":{"ref":"HL/CN-030","name":"월명산 (Wolmyeongsan)","name_kanji":null,"alt_m":544,"points":2,"region_code":"CN","region_name":"Chungnam","activations":15,"last_activation":"2026-03-01T00:00:00Z"}},{"type":"Feature","geometry":{"type":"Point","coordinates":[127.5645,36.1369]},"properties":{"ref":"HL/CN-031","name":"천왕봉 (Cheonwangbong)","name_kanji":null,"alt_m":540,"points":2,"region_code":"CN","region_name":"Chungnam","activations":11,"last_activation":"2026-03-14T00:00:00Z"}},{"type":"Feature","geometry":{"type":"Point","coordinates":[126.9683,36.6806]},"properties":{"ref":"HL/CN-032","name":"봉수산 (Bongsusan)","name_kanji":null,"alt_m":535,"points":2,"region_code":"CN","region_name":"Chungnam","activations":20,"last_activation":"2026-01-03T00:00:00Z"}},{"type":"Feature","geometry":{"type":"Point","coordinates":[127.5049,36.2019]},"properties":{"ref":"HL/CN-033","name":"추엽봉 (Chuyeopbong)","name_kanji":null,"alt_m":530,"points":2,"region_code":"CN","region_name":"Chungnam","activations":29,"last_activation":"2026-04-12T00:00:00Z"}},{"type":"Feature","geometry":{"type":"Point","coordinates":[127.2508,36.8776]},"properties":{"ref":"HL/CN-034","name":"위례산 (Wiryesan)","name_kanji":null,"alt_m":524,"points":2,"region_code":"CN","region_name":"Chungnam","activations":42,"last_activation":"2026-03-07T00:00:00Z"}},{"type":"Feature","geometry":{"type":"Point","coordinates":[126.6427,36.3469]},"properties":{"ref":"HL/CN-035","name":"왕자봉 (Wangjabong)","name_kanji":null,"alt_m":515,"points":2,"region_code":"CN","region_name":"Chungnam","activations":20,"last_activation":"2026-03-01T00:00:00Z"}},{"type":"Feature","geometry":{"type":"Point","coordinates":[127.5621,36.0298]},"properties":{"ref":"HL/CN-036","name":"수로봉 (Surobong)","name_kanji":null,"alt_m":506,"points":2,"region_code":"CN","region_name":"Chungnam","activations":14,"last_activation":"2026-03-15T00:00:00Z"}},{"type":"Feature","geometry":{"type":"Point","coordinates":[127.208,36.7966]},"properties":{"ref":"HL/CN-037","name":"흑성산 (Heukseongsan)","name_kanji":null,"alt_m":504,"points":2,"region_code":"CN","region_name":"Chungnam","activations":113,"last_activation":"2026-04-18T00:00:00Z"}},{"type":"Feature","geometry":{"type":"Point","coordinates":[127.2951,36.8022]},"properties":{"ref":"HL/CN-038","name":"작성산 (Jakseongsan)","name_kanji":null,"alt_m":497,"points":1,"region_code":"CN","region_name":"Chungnam","activations":7,"last_activation":"2024-06-02T00:00:00Z"}},{"type":"Feature","geometry":{"type":"Point","coordinates":[127.405,36.1251]},"properties":{"ref":"HL/CN-039","name":"진산 (Jinsan)","name_kanji":null,"alt_m":496,"points":1,"region_code":"CN","region_name":"Chungnam","activations":3,"last_activation":"2025-12-06T00:00:00Z"}},{"type":"Feature","geometry":{"type":"Point","coordinates":[126.6243,36.6717]},"properties":{"ref":"HL/CN-040","name":"덕숭산 (Deoksungsan)","name_kanji":null,"alt_m":495,"points":1,"region_code":"CN","region_name":"Chungnam","activations":11,"last_activation":"2025-02-20T00:00:00Z"}},{"type":"Feature","geometry":{"type":"Point","coordinates":[126.5798,36.6538]},"properties":{"ref":"HL/CN-041","name":"삼준산 (Samjunsan)","name_kanji":null,"alt_m":490,"points":1,"region_code":"CN","region_name":"Chungnam","activations":5,"last_activation":"2025-12-07T00:00:00Z"}},{"type":"Feature","geometry":{"type":"Point","coordinates":[126.8941,36.5268]},"properties":{"ref":"HL/CN-042","name":"국사봉 (Guksabong)","name_kanji":null,"alt_m":489,"points":1,"region_code":"CN","region_name":"Chungnam","activations":3,"last_activation":"2024-04-10T00:00:00Z"}},{"type":"Feature","geometry":{"type":"Point","coordinates":[126.7725,36.5939]},"properties":{"ref":"HL/CN-043","name":"봉수산 (Bongsusan)","name_kanji":null,"alt_m":484,"points":1,"region_code":"CN","region_name":"Chungnam","activations":3,"last_activation":"2023-10-28T00:00:00Z"}},{"type":"Feature","geometry":{"type":"Point","coordinates":[126.8946,36.7252]},"properties":{"ref":"HL/CN-044","name":"도고산 (Dogosan)","name_kanji":null,"alt_m":482,"points":1,"region_code":"CN","region_name":"Chungnam","activations":6,"last_activation":"2025-03-06T00:00:00Z"}},{"type":"Feature","geometry":{"type":"Point","coordinates":[127.3604,36.0792]},"properties":{"ref":"HL/CN-045","name":"HL/CN-045","name_kanji":null,"alt_m":480,"points":1,"region_code":"CN","region_name":"Chungnam","activations":2,"last_activation":"2025-11-22T00:00:00Z"}},{"type":"Feature","geometry":{"type":"Point","coordinates":[126.6332,36.7293]},"properties":{"ref":"HL/CN-046","name":"서원산 (Seowonsan)","name_kanji":null,"alt_m":473,"points":1,"region_code":"CN","region_name":"Chungnam","activations":3,"last_activation":"2025-04-12T00:00:00Z"}},{"type":"Feature","geometry":{"type":"Point","coordinates":[127.2437,36.8234]},"properties":{"ref":"HL/CN-047","name":"서금재봉 (Seogeumjaebong)","name_kanji":null,"alt_m":467,"points":1,"region_code":"CN","region_name":"Chungnam","activations":2,"last_activation":"2023-11-26T00:00:00Z"}},{"type":"Feature","geometry":{"type":"Point","coordinates":[127.3884,36.235]},"properties":{"ref":"HL/CN-048","name":"천비산 (Cheonbisan)","name_kanji":null,"alt_m":466,"points":1,"region_code":"CN","region_name":"Chungnam","activations":11,"last_activation":"2026-03-21T00:00:00Z"}},{"type":"Feature","geometry":{"type":"Point","coordinates":[127.0641,36.6459]},"properties":{"ref":"HL/CN-049","name":"섭밭봉 (Seopbatbong)","name_kanji":null,"alt_m":465,"points":1,"region_code":"CN","region_name":"Chungnam","activations":2,"last_activation":"2021-04-10T00:00:00Z"}},{"type":"Feature","geometry":{"type":"Point","coordinates":[127.4057,36.2218]},"properties":{"ref":"HL/CN-050","name":"HL/CN-050","name_kanji":null,"alt_m":465,"points":1,"region_code":"CN","region_name":"Chungnam","activations":3,"last_activation":"2026-03-21T00:00:00Z"}},{"type":"Feature","geometry":{"type":"Point","coordinates":[126.7424,36.3443]},"properties":{"ref":"HL/CN-051","name":"감봉산 (Gambongsan)","name_kanji":null,"alt_m":464,"points":1,"region_code":"CN","region_name":"Chungnam","activations":2,"last_activation":"2025-11-07T00:00:00Z"}},{"type":"Feature","geometry":{"type":"Point","coordinates":[126.8248,36.5267]},"properties":{"ref":"HL/CN-052","name":"법산 (Beopsan)","name_kanji":null,"alt_m":459,"points":1,"region_code":"CN","region_name":"Chungnam","activations":2,"last_activation":"2023-10-29T00:00:00Z"}},{"type":"Feature","geometry":{"type":"Point","coordinates":[127.2808,36.7925]},"properties":{"ref":"HL/CN-053","name":"은석산 (Eunseoksan)","name_kanji":null,"alt_m":456,"points":1,"region_code":"CN","region_name":"Chungnam","activations":12,"last_activation":"2024-11-18T00:00:00Z"}},{"type":"Feature","geometry":{"type":"Point","coordinates":[126.7808,36.3097]},"properties":{"ref":"HL/CN-054","name":"축융봉 (Chugyungbong)","name_kanji":null,"alt_m":455,"points":1,"region_code":"CN","region_name":"Chungnam","activations":3,"last_activation":"2025-11-07T00:00:00Z"}},{"type":"Feature","geometry":{"type":"Point","coordinates":[127.0809,36.7205]},"properties":{"ref":"HL/CN-055","name":"태화산 (Taehwasan)","name_kanji":null,"alt_m":455,"points":1,"region_code":"CN","region_name":"Chungnam","activations":13,"last_activation":"2024-09-18T00:00:00Z"}},{"type":"Feature","geometry":{"type":"Point","coordinates":[127.2426,36.6847]},"properties":{"ref":"HL/CN-056","name":"운주산 (Unjusan)","name_kanji":null,"alt_m":455,"points":1,"region_code":"CN","region_name":"Chungnam","activations":15,"last_activation":"2025-06-29T00:00:00Z"}},{"type":"Feature","geometry":{"type":"Point","coordinates":[126.6524,36.2627]},"properties":{"ref":"HL/CN-057","name":"양각산 (Yanggaksan)","name_kanji":null,"alt_m":452,"points":1,"region_code":"CN","region_name":"Chungnam","activations":3,"last_activation":"2025-11-15T00:00:00Z"}},{"type":"Feature","geometry":{"type":"Point","coordinates":[127.4607,36.1602]},"properties":{"ref":"HL/CN-058","name":"금성산 (Geumseongsan)","name_kanji":null,"alt_m":445,"points":1,"region_code":"CN","region_name":"Chungnam","activations":11,"last_activation":"2025-11-22T00:00:00Z"}},{"type":"Feature","geometry":{"type":"Point","coordinates":[126.5701,36.6727]},"properties":{"ref":"HL/CN-059","name":"연암산 (Yeonamsan)","name_kanji":null,"alt_m":441,"points":1,"region_code":"CN","region_name":"Chungnam","activations":5,"last_activation":"2025-12-07T00:00:00Z"}},{"type":"Feature","geometry":{"type":"Point","coordinates":[127.1803,36.0943]},"properties":{"ref":"HL/CN-060","name":"까치봉 (Kkachibong)","name_kanji":null,"alt_m":440,"points":1,"region_code":"CN","region_name":"Chungnam","activations":3,"last_activation":"2026-03-28T00:00:00Z"}},{"type":"Feature","geometry":{"type":"Point","coordinates":[127.4954,36.0144]},"properties":{"ref":"HL/CN-061","name":"HL/CN-061","name_kanji":null,"alt_m":440,"points":1,"region_code":"CN","region_name":"Chungnam","activations":4,"last_activation":"2026-02-14T00:00:00Z"}},{"type":"Feature","geometry":{"type":"Point","coordinates":[127.2031,36.6327]},"properties":{"ref":"HL/CN-062","name":"금성산 (Geumseongsan)","name_kanji":null,"alt_m":424,"points":1,"region_code":"CN","region_name":"Chungnam","activations":5,"last_activation":"2023-04-29T00:00:00Z"}},{"type":"Feature","geometry":{"type":"Point","coordinates":[126.7409,36.3139]},"properties":{"ref":"HL/CN-063","name":"월하산 (Wolhasan)","name_kanji":null,"alt_m":423,"points":1,"region_code":"CN","region_name":"Chungnam","activations":2,"last_activation":"2025-11-07T00:00:00Z"}},{"type":"Feature","geometry":{"type":"Point","coordinates":[126.7466,36.4217]},"properties":{"ref":"HL/CN-064","name":"구봉산 (Gubongsan)","name_kanji":null,"alt_m":422,"points":1,"region_code":"CN","region_name":"Chungnam","activations":3,"last_activation":"2024-03-23T00:00:00Z"}},{"type":"Feature","geometry":{"type":"Point","coordinates":[127.1484,36.6286]},"properties":{"ref":"HL/CN-065","name":"HL/CN-065","name_kanji":null,"alt_m":420,"points":1,"region_code":"CN","region_name":"Chungnam","activations":3,"last_activation":"2023-04-28T00:00:00Z"}},{"type":"Feature","geometry":{"type":"Point","coordinates":[127.1028,36.6688]},"properties":{"ref":"HL/CN-066","name":"태봉산 (Taebongsan)","name_kanji":null,"alt_m":420,"points":1,"region_code":"CN","region_name":"Chungnam","activations":2,"last_activation":"2021-03-27T00:00:00Z"}},{"type":"Feature","geometry":{"type":"Point","coordinates":[127.0041,36.5474]},"properties":{"ref":"HL/CN-067","name":"활인봉 (Hwarinbong)","name_kanji":null,"alt_m":417,"points":1,"region_code":"CN","region_name":"Chungnam","activations":3,"last_activation":"2021-08-07T00:00:00Z"}},{"type":"Feature","geometry":{"type":"Point","coordinates":[126.6036,36.2683]},"properties":{"ref":"HL/CN-068","name":"잔미산 (Janmisan)","name_kanji":null,"alt_m":417,"points":1,"region_code":"CN","region_name":"Chungnam","activations":2,"last_activation":"2025-11-02T00:00:00Z"}},{"type":"Feature","geometry":{"type":"Point","coordinates":[126.8674,36.7039]},"properties":{"ref":"HL/CN-069","name":"용굴봉 (Yonggulbong)","name_kanji":null,"alt_m":415,"points":1,"region_code":"CN","region_name":"Chungnam","activations":4,"last_activation":"2020-05-23T00:00:00Z"}},{"type":"Feature","geometry":{"type":"Point","coordinates":[127.3889,36.8082]},"properties":{"ref":"HL/CN-070","name":"덕유산 (Deogyusan)","name_kanji":null,"alt_m":412,"points":1,"region_code":"CN","region_name":"Chungnam","activations":2,"last_activation":"2021-11-20T00:00:00Z"}},{"type":"Feature","geometry":{"type":"Point","coordinates":[127.0118,36.533]},"properties":{"ref":"HL/CN-071","name":"철승산 (Cheolseungsan)","name_kanji":null,"alt_m":411,"points":1,"region_code":"CN","region_name":"Chungnam","activations":3,"last_activation":"2021-08-06T00:00:00Z"}},{"type":"Feature","geometry":{"type":"Point","coordinates":[126.9958,36.481]},"properties":{"ref":"HL/CN-072","name":"팔봉산 (Palbongsan)","name_kanji":null,"alt_m":410,"points":1,"region_code":"CN","region_name":"Chungnam","activations":3,"last_activation":"2024-03-15T00:00:00Z"}},{"type":"Feature","geometry":{"type":"Point","coordinates":[127.2464,36.2303]},"properties":{"ref":"HL/CN-073","name":"구운산 (Guunsan)","name_kanji":null,"alt_m":400,"points":1,"region_code":"CN","region_name":"Chungnam","activations":9,"last_activation":"2025-05-01T00:00:00Z"}},{"type":"Feature","geometry":{"type":"Point","coordinates":[126.6675,36.2137]},"properties":{"ref":"HL/CN-074","name":"동달산 (Dongdalsan)","name_kanji":null,"alt_m":396,"points":1,"region_code":"CN","region_name":"Chungnam","activations":2,"last_activation":"2025-11-15T00:00:00Z"}},{"type":"Feature","geometry":{"type":"Point","coordinates":[126.623,36.6081]},"properties":{"ref":"HL/CN-075","name":"일월산 (Irwolsan)","name_kanji":null,"alt_m":394,"points":1,"region_code":"CN","region_name":"Chungnam","activations":10,"last_activation":"2025-11-22T00:00:00Z"}},{"type":"Feature","geometry":{"type":"Point","coordinates":[127.2287,36.4107]},"properties":{"ref":"HL/CN-076","name":"국사봉 (Guksabong)","name_kanji":null,"alt_m":390,"points":1,"region_code":"CN","region_name":"Chungnam","activations":7,"last_activation":"2025-05-06T00:00:00Z"}},{"type":"Feature","geometry":{"type":"Point","coordinates":[126.6491,36.6436]},"properties":{"ref":"HL/CN-077","name":"용봉산 (Yongbongsan)","name_kanji":null,"alt_m":381,"points":1,"region_code":"CN","region_name":"Chungnam","activations":20,"last_activation":"2026-02-26T00:00:00Z"}},{"type":"Feature","geometry":{"type":"Point","coordinates":[127.3166,36.1732]},"properties":{"ref":"HL/CN-078","name":"HL/CN-078","name_kanji":null,"alt_m":380,"points":1,"region_code":"CN","region_name":"Chungnam","activations":2,"last_activation":"2025-11-21T00:00:00Z"}},{"type":"Feature","geometry":{"type":"Point","coordinates":[127.1522,36.1106]},"properties":{"ref":"HL/CN-079","name":"정토산 (Jeongtosan)","name_kanji":null,"alt_m":370,"points":1,"region_code":"CN","region_name":"Chungnam","activations":3,"last_activation":"2026-03-28T00:00:00Z"}},{"type":"Feature","geometry":{"type":"Point","coordinates":[127.1585,36.4012]},"properties":{"ref":"HL/CN-080","name":"성화산 (Seonghwasan)","name_kanji":null,"alt_m":370,"points":1,"region_code":"CN","region_name":"Chungnam","activations":5,"last_activation":"2023-10-02T00:00:00Z"}},{"type":"Feature","geometry":{"type":"Point","coordinates":[126.6936,36.2089]},"properties":{"ref":"HL/CN-081","name":"옥녀봉 (Ongnyeobong)","name_kanji":null,"alt_m":368,"points":1,"region_code":"CN","region_name":"Chungnam","activations":4,"last_activation":"2024-05-26T00:00:00Z"}},{"type":"Feature","geometry":{"type":"Point","coordinates":[126.3716,36.8092]},"properties":{"ref":"HL/CN-082","name":"팔봉산 (Palbongsan)","name_kanji":null,"alt_m":364,"points":1,"region_code":"CN","region_name":"Chungnam","activations":10,"last_activation":"2025-04-04T00:00:00Z"}},{"type":"Feature","geometry":{"type":"Point","coordinates":[126.9341,36.8445]},"properties":{"ref":"HL/CN-083","name":"영인산 (Yeonginsan)","name_kanji":null,"alt_m":364,"points":1,"region_code":"CN","region_name":"Chungnam","activations":27,"last_activation":"2026-02-23T00:00:00Z"}},{"type":"Feature","geometry":{"type":"Point","coordinates":[127.0549,36.7507]},"properties":{"ref":"HL/CN-084","name":"배방산 (Baebangsan)","name_kanji":null,"alt_m":361,"points":1,"region_code":"CN","region_name":"Chungnam","activations":12,"last_activation":"2024-09-18T00:00:00Z"}},{"type":"Feature","geometry":{"type":"Point","coordinates":[126.9937,36.4409]},"properties":{"ref":"HL/CN-085","name":"미궐산 (Migwolsan)","name_kanji":null,"alt_m":360,"points":1,"region_code":"CN","region_name":"Chungnam","activations":3,"last_activation":"2023-11-25T00:00:00Z"}},{"type":"Feature","geometry":{"type":"Point","coordinates":[126.8765,36.3518]},"properties":{"ref":"HL/CN-086","name":"명월산 (Myeongwolsan)","name_kanji":null,"alt_m":356,"points":1,"region_code":"CN","region_name":"Chungnam","activations":2,"last_activation":"2025-11-09T00:00:00Z"}},{"type":"Feature","geometry":{"type":"Point","coordinates":[126.8626,36.3756]},"properties":{"ref":"HL/CN-087","name":"정혜산 (Jeonghyesan)","name_kanji":null,"alt_m":355,"points":1,"region_code":"CN","region_name":"Chungnam","activations":4,"last_activation":"2025-11-09T00:00:00Z"}},{"type":"Feature","geometry":{"type":"Point","coordinates":[126.9819,36.5439]},"properties":{"ref":"HL/CN-088","name":"광덕산 (Gwangdeoksan)","name_kanji":null,"alt_m":355,"points":1,"region_code":"CN","region_name":"Chungnam","activations":3,"last_activation":"2021-07-24T00:00:00Z"}},{"type":"Feature","geometry":{"type":"Point","coordinates":[126.4168,36.7033]},"properties":{"ref":"HL/CN-089","name":"도비산 (Dobisan)","name_kanji":null,"alt_m":352,"points":1,"region_code":"CN","region_name":"Chungnam","activations":3,"last_activation":"2023-10-21T00:00:00Z"}},{"type":"Feature","geometry":{"type":"Point","coordinates":[127.3803,36.1666]},"properties":{"ref":"HL/CN-090","name":"HL/CN-090","name_kanji":null,"alt_m":351,"points":1,"region_code":"CN","region_name":"Chungnam","activations":3,"last_activation":"2025-11-21T00:00:00Z"}},{"type":"Feature","geometry":{"type":"Point","coordinates":[127.1987,36.4657]},"properties":{"ref":"HL/CN-091","name":"장군산 (Janggunsan)","name_kanji":null,"alt_m":350,"points":1,"region_code":"CN","region_name":"Chungnam","activations":9,"last_activation":"2024-10-01T00:00:00Z"}},{"type":"Feature","geometry":{"type":"Point","coordinates":[126.6579,36.1787]},"properties":{"ref":"HL/CN-092","name":"장태봉 (Jangtaebong)","name_kanji":null,"alt_m":350,"points":1,"region_code":"CN","region_name":"Chungnam","activations":4,"last_activation":"2025-11-02T00:00:00Z"}},{"type":"Feature","geometry":{"type":"Point","coordinates":[126.6649,36.8454]},"properties":{"ref":"HL/CN-093","name":"아미산 (Amisan)","name_kanji":null,"alt_m":350,"points":1,"region_code":"CN","region_name":"Chungnam","activations":12,"last_activation":"2025-02-10T00:00:00Z"}},{"type":"Feature","geometry":{"type":"Point","coordinates":[126.6016,36.1972]},"properties":{"ref":"HL/CN-094","name":"주렴삼 (Juryeomsan)","name_kanji":null,"alt_m":349,"points":1,"region_code":"CN","region_name":"Chungnam","activations":2,"last_activation":"2025-11-02T00:00:00Z"}},{"type":"Feature","geometry":{"type":"Point","coordinates":[126.6378,36.4389]},"properties":{"ref":"HL/CN-095","name":"HL/CN-095","name_kanji":null,"alt_m":349,"points":1,"region_code":"CN","region_name":"Chungnam","activations":3,"last_activation":"2025-05-04T00:00:00Z"}},{"type":"Feature","geometry":{"type":"Point","coordinates":[127.1242,36.2961]},"properties":{"ref":"HL/CN-096","name":"노성산 (Noseongsan)","name_kanji":null,"alt_m":348,"points":1,"region_code":"CN","region_name":"Chungnam","activations":8,"last_activation":"2025-06-28T00:00:00Z"}},{"type":"Feature","geometry":{"type":"Point","coordinates":[127.3586,36.7606]},"properties":{"ref":"HL/CN-097","name":"서림산 (Seorimsan)","name_kanji":null,"alt_m":348,"points":1,"region_code":"CN","region_name":"Chungnam","activations":4,"last_activation":"2025-10-26T00:00:00Z"}},{"type":"Feature","geometry":{"type":"Point","coordinates":[126.98,36.7364]},"properties":{"ref":"HL/CN-098","name":"황산 (Hwangsan)","name_kanji":null,"alt_m":348,"points":1,"region_code":"CN","region_name":"Chungnam","activations":8,"last_activation":"2025-05-11T00:00:00Z"}},{"type":"Feature","geometry":{"type":"Point","coordinates":[126.7699,36.2743]},"properties":{"ref":"HL/CN-099","name":"HL/CN-099","name_kanji":null,"alt_m":346,"points":1,"region_code":"CN","region_name":"Chungnam","activations":2,"last_activation":"2022-04-10T00:00:00Z"}},{"type":"Feature","geometry":{"type":"Point","coordinates":[126.7184,36.1401]},"properties":{"ref":"HL/CN-100","name":"봉림산 (Bongnimsan)","name_kanji":null,"alt_m":346,"points":1,"region_code":"CN","region_name":"Chungnam","activations":4,"last_activation":"2025-11-01T00:00:00Z"}},{"type":"Feature","geometry":{"type":"Point","coordinates":[127.1241,36.4176]},"properties":{"ref":"HL/CN-101","name":"주미산 (Jumisan)","name_kanji":null,"alt_m":345,"points":1,"region_code":"CN","region_name":"Chungnam","activations":4,"last_activation":"2025-10-11T00:00:00Z"}},{"type":"Feature","geometry":{"type":"Point","coordinates":[127.1268,36.3682]},"properties":{"ref":"HL/CN-102","name":"거묵바위산 (Geomukbawisan)","name_kanji":null,"alt_m":344,"points":1,"region_code":"CN","region_name":"Chungnam","activations":4,"last_activation":"2023-10-02T00:00:00Z"}},{"type":"Feature","geometry":{"type":"Point","coordinates":[126.7479,36.5619]},"properties":{"ref":"HL/CN-103","name":"초롱산 (Chorongsan)","name_kanji":null,"alt_m":340,"points":1,"region_code":"CN","region_name":"Chungnam","activations":5,"last_activation":"2025-08-23T00:00:00Z"}},{"type":"Feature","geometry":{"type":"Point","coordinates":[127.1042,36.3957]},"properties":{"ref":"HL/CN-104","name":"구절산 (Gujeolsan)","name_kanji":null,"alt_m":340,"points":1,"region_code":"CN","region_name":"Chungnam","activations":5,"last_activation":"2026-04-04T00:00:00Z"}},{"type":"Feature","geometry":{"type":"Point","coordinates":[126.8131,36.4862]},"properties":{"ref":"HL/CN-105","name":"문전산 (Munjeonsan)","name_kanji":null,"alt_m":338,"points":1,"region_code":"CN","region_name":"Chungnam","activations":3,"last_activation":"2025-06-03T00:00:00Z"}},{"type":"Feature","geometry":{"type":"Point","coordinates":[126.6233,36.2309]},"properties":{"ref":"HL/CN-106","name":"운봉산 (Unbongsan)","name_kanji":null,"alt_m":337,"points":1,"region_code":"CN","region_name":"Chungnam","activations":4,"last_activation":"2025-11-15T00:00:00Z"}},{"type":"Feature","geometry":{"type":"Point","coordinates":[126.6765,36.1189]},"properties":{"ref":"HL/CN-107","name":"희리산 (Huirisan)","name_kanji":null,"alt_m":327,"points":1,"region_code":"CN","region_name":"Chungnam","activations":7,"last_activation":"2025-05-24T00:00:00Z"}},{"type":"Feature","geometry":{"type":"Point","coordinates":[127.1885,36.5772]},"properties":{"ref":"HL/CN-108","name":"HL/CN-108","name_kanji":null,"alt_m":325,"points":1,"region_code":"CN","region_name":"Chungnam","activations":2,"last_activation":"2025-04-06T00:00:00Z"}},{"type":"Feature","geometry":{"type":"Point","coordinates":[126.6477,36.8406]},"properties":{"ref":"HL/CN-109","name":"다불산 (Dabulsan)","name_kanji":null,"alt_m":321,"points":1,"region_code":"CN","region_name":"Chungnam","activations":8,"last_activation":"2025-02-24T00:00:00Z"}},{"type":"Feature","geometry":{"type":"Point","coordinates":[126.6059,36.5305]},"properties":{"ref":"HL/CN-110","name":"지기산 (Jigisan)","name_kanji":null,"alt_m":320,"points":1,"region_code":"CN","region_name":"Chungnam","activations":3,"last_activation":"2025-03-23T00:00:00Z"}},{"type":"Feature","geometry":{"type":"Point","coordinates":[126.3952,36.7967]},"properties":{"ref":"HL/CN-111","name":"금강산 (Geumgangsan)","name_kanji":null,"alt_m":316,"points":1,"region_code":"CN","region_name":"Chungnam","activations":4,"last_activation":"2023-10-21T00:00:00Z"}},{"type":"Feature","geometry":{"type":"Point","coordinates":[127.1846,36.4266]},"properties":{"ref":"HL/CN-112","name":"명덕산 (Myeongdeoksan)","name_kanji":null,"alt_m":310,"points":1,"region_code":"CN","region_name":"Chungnam","activations":3,"last_activation":"2024-11-02T00:00:00Z"}},{"type":"Feature","geometry":{"type":"Point","coordinates":[126.6235,36.6441]},"properties":{"ref":"HL/CN-113","name":"홍동산 (Hongdongsan)","name_kanji":null,"alt_m":310,"points":1,"region_code":"CN","region_name":"Chungnam","activations":4,"last_activation":"2023-07-29T00:00:00Z"}},{"type":"Feature","geometry":{"type":"Point","coordinates":[127.036,36.4286]},"properties":{"ref":"HL/CN-114","name":"사마산 (Samasan)","name_kanji":null,"alt_m":308,"points":1,"region_code":"CN","region_name":"Chungnam","activations":3,"last_activation":"2024-11-16T00:00:00Z"}},{"type":"Feature","geometry":{"type":"Point","coordinates":[127.1634,36.3448]},"properties":{"ref":"HL/CN-115","name":"감바위산 (Gambawisan)","name_kanji":null,"alt_m":308,"points":1,"region_code":"CN","region_name":"Chungnam","activations":3,"last_activation":"2024-11-24T00:00:00Z"}},{"type":"Feature","geometry":{"type":"Point","coordinates":[126.4499,36.9382]},"properties":{"ref":"HL/CN-116","name":"망일산 (Mangilsan)","name_kanji":null,"alt_m":302,"points":1,"region_code":"CN","region_name":"Chungnam","activations":3,"last_activation":"2025-07-05T00:00:00Z"}},{"type":"Feature","geometry":{"type":"Point","coordinates":[126.6176,36.1409]},"properties":{"ref":"HL/CN-117","name":"월명산 (Wolmyeongsan)","name_kanji":null,"alt_m":298,"points":1,"region_code":"CN","region_name":"Chungnam","activations":5,"last_activation":"2025-05-24T00:00:00Z"}},{"type":"Feature","geometry":{"type":"Point","coordinates":[126.9842,36.8881]},"properties":{"ref":"HL/CN-118","name":"고용산 (Goyongsan)","name_kanji":null,"alt_m":296,"points":1,"region_code":"CN","region_name":"Chungnam","activations":17,"last_activation":"2024-05-01T00:00:00Z"}},{"type":"Feature","geometry":{"type":"Point","coordinates":[127.0575,36.8608]},"properties":{"ref":"HL/CN-119","name":"연암산 (Yeonamsan)","name_kanji":null,"alt_m":293,"points":1,"region_code":"CN","region_name":"Chungnam","activations":7,"last_activation":"2025-04-12T00:00:00Z"}},{"type":"Feature","geometry":{"type":"Point","coordinates":[126.9731,36.3798]},"properties":{"ref":"HL/CN-120","name":"앵봉산 (Aengbongsan)","name_kanji":null,"alt_m":290,"points":1,"region_code":"CN","region_name":"Chungnam","activations":3,"last_activation":"2024-11-16T00:00:00Z"}},{"type":"Feature","geometry":{"type":"Point","coordinates":[126.9777,36.8599]},"properties":{"ref":"HL/CN-121","name":"금산 (Geumsan)","name_kanji":null,"alt_m":286,"points":1,"region_code":"CN","region_name":"Chungnam","activations":10,"last_activation":"2024-11-09T00:00:00Z"}},{"type":"Feature","geometry":{"type":"Point","coordinates":[126.3009,36.7681]},"properties":{"ref":"HL/CN-122","name":"백화산 (Baekhwasan)","name_kanji":null,"alt_m":284,"points":1,"region_code":"CN","region_name":"Chungnam","activations":9,"last_activation":"2025-10-25T00:00:00Z"}},{"type":"Feature","geometry":{"type":"Point","coordinates":[127.0328,36.8372]},"properties":{"ref":"HL/CN-123","name":"수한산 (Suhansan)","name_kanji":null,"alt_m":284,"points":1,"region_code":"CN","region_name":"Chungnam","activations":7,"last_activation":"2024-04-07T00:00:00Z"}},{"type":"Feature","geometry":{"type":"Point","coordinates":[126.5502,36.8324]},"properties":{"ref":"HL/CN-124","name":"응봉산 (Eungbongsan)","name_kanji":null,"alt_m":284,"points":1,"region_code":"CN","region_name":"Chungnam","activations":4,"last_activation":"2026-03-07T00:00:00Z"}},{"type":"Feature","geometry":{"type":"Point","coordinates":[126.6227,36.5714]},"properties":{"ref":"HL/CN-125","name":"보개산 (Bogaesan)","name_kanji":null,"alt_m":274,"points":1,"region_code":"CN","region_name":"Chungnam","activations":4,"last_activation":"2025-11-23T00:00:00Z"}},{"type":"Feature","geometry":{"type":"Point","coordinates":[127.3519,36.4867]},"properties":{"ref":"HL/CN-126","name":"꾀꼬리봉 (Kkoekkoribong)","name_kanji":null,"alt_m":271,"points":1,"region_code":"CN","region_name":"Chungnam","activations":11,"last_activation":"2025-10-04T00:00:00Z"}},{"type":"Feature","geometry":{"type":"Point","coordinates":[126.8994,36.1982]},"properties":{"ref":"HL/CN-127","name":"성흥산 (Seongheungsan)","name_kanji":null,"alt_m":260,"points":1,"region_code":"CN","region_name":"Chungnam","activations":18,"last_activation":"2025-12-27T00:00:00Z"}},{"type":"Feature","geometry":{"type":"Point","coordinates":[126.5219,36.855]},"properties":{"ref":"HL/CN-128","name":"자모산 (Jamosan)","name_kanji":null,"alt_m":255,"points":1,"region_code":"CN","region_name":"Chungnam","activations":3,"last_activation":"2025-07-04T00:00:00Z"}},{"type":"Feature","geometry":{"type":"Point","coordinates":[126.4713,36.8118]},"properties":{"ref":"HL/CN-129","name":"성왕산 (Seongwangsan)","name_kanji":null,"alt_m":252,"points":1,"region_code":"CN","region_name":"Chungnam","activations":5,"last_activation":"2025-07-05T00:00:00Z"}},{"type":"Feature","geometry":{"type":"Point","coordinates":[127.0451,36.3765]},"properties":{"ref":"HL/CN-130","name":"운암산 (Unamsan)","name_kanji":null,"alt_m":251,"points":1,"region_code":"CN","region_name":"Chungnam","activations":2,"last_activation":"2025-05-31T00:00:00Z"}},{"type":"Feature","geometry":{"type":"Point","coordinates":[127.0226,36.3125]},"properties":{"ref":"HL/CN-131","name":"됨봉 (Doembong)","name_kanji":null,"alt_m":250,"points":1,"region_code":"CN","region_name":"Chungnam","activations":3,"last_activation":"2024-11-24T00:00:00Z"}},{"type":"Feature","geometry":{"type":"Point","coordinates":[127.2979,36.5091]},"properties":{"ref":"HL/CN-132","name":"전월산 (Jeonwolsan)","name_kanji":null,"alt_m":250,"points":1,"region_code":"CN","region_name":"Chungnam","activations":13,"last_activation":"2024-10-05T00:00:00Z"}},{"type":"Feature","geometry":{"type":"Point","coordinates":[126.55,36.401]},"properties":{"ref":"HL/CN-133","name":"태봉산 (Taebongsan)","name_kanji":null,"alt_m":240,"points":1,"region_code":"CN","region_name":"Chungnam","activations":2,"last_activation":"2025-04-12T00:00:00Z"}},{"type":"Feature","geometry":{"type":"Point","coordinates":[127.2777,36.5164]},"properties":{"ref":"HL/CN-134","name":"원수산 (Wonsusan)","name_kanji":null,"alt_m":240,"points":1,"region_code":"CN","region_name":"Chungnam","activations":10,"last_activation":"2024-11-02T00:00:00Z"}},{"type":"Feature","geometry":{"type":"Point","coordinates":[126.5336,36.5522]},"properties":{"ref":"HL/CN-135","name":"청룡산 (Cheongnyongsan)","name_kanji":null,"alt_m":236,"points":1,"region_code":"CN","region_name":"Chungnam","activations":3,"last_activation":"2025-04-11T00:00:00Z"}},{"type":"Feature","geometry":{"type":"Point","coordinates":[126.0902,36.2292]},"properties":{"ref":"HL/CN-136","name":"봉화산 (Bonghwasan)","name_kanji":null,"alt_m":233,"points":1,"region_code":"CN","region_name":"Chungnam","activations":3,"last_activation":"2023-10-07T00:00:00Z"}},{"type":"Feature","geometry":{"type":"Point","coordinates":[127.1626,36.2649]},"properties":{"ref":"HL/CN-137","name":"탑산 (Tapsan)","name_kanji":null,"alt_m":230,"points":1,"region_code":"CN","region_name":"Chungnam","activations":7,"last_activation":"2026-03-28T00:00:00Z"}},{"type":"Feature","geometry":{"type":"Point","coordinates":[127.3528,36.5081]},"properties":{"ref":"HL/CN-138","name":"부용산 (Buyongsan)","name_kanji":null,"alt_m":223,"points":1,"region_code":"CN","region_name":"Chungnam","activations":6,"last_activation":"2025-03-22T00:00:00Z"}},{"type":"Feature","geometry":{"type":"Point","coordinates":[126.175,36.7765]},"properties":{"ref":"HL/CN-139","name":"대소산 (Daesosan)","name_kanji":null,"alt_m":221,"points":1,"region_code":"CN","region_name":"Chungnam","activations":2,"last_activation":"2025-10-25T00:00:00Z"}},{"type":"Feature","geometry":{"type":"Point","coordinates":[127.1044,36.4773]},"properties":{"ref":"HL/CN-140","name":"연미산 (Yeonmisan)","name_kanji":null,"alt_m":220,"points":1,"region_code":"CN","region_name":"Chungnam","activations":27,"last_activation":"2024-08-09T00:00:00Z"}},{"type":"Feature","geometry":{"type":"Point","coordinates":[126.2183,36.7908]},"properties":{"ref":"HL/CN-141","name":"철마산 (Cheolmasan)","name_kanji":null,"alt_m":213,"points":1,"region_code":"CN","region_name":"Chungnam","activations":2,"last_activation":"2025-10-25T00:00:00Z"}},{"type":"Feature","geometry":{"type":"Point","coordinates":[126.1669,36.7011]},"properties":{"ref":"HL/CN-142","name":"지령산 (Jiryeongsan)","name_kanji":null,"alt_m":206,"points":1,"region_code":"CN","region_name":"Chungnam","activations":6,"last_activation":"2026-04-19T00:00:00Z"}},{"type":"Feature","geometry":{"type":"Point","coordinates":[126.5049,36.489]},"properties":{"ref":"HL/CN-143","name":"봉화산 (Bonghwasan)","name_kanji":null,"alt_m":203,"points":1,"region_code":"CN","region_name":"Chungnam","activations":2,"last_activation":"2025-03-22T00:00:00Z"}},{"type":"Feature","geometry":{"type":"Point","coordinates":[126.0624,36.6755]},"properties":{"ref":"HL/CN-144","name":"큰산 (Keunsan)","name_kanji":null,"alt_m":183,"points":1,"region_code":"CN","region_name":"Chungnam","activations":4,"last_activation":"2026-04-19T00:00:00Z"}},{"type":"Feature","geometry":{"type":"Point","coordinates":[126.5519,36.2006]},"properties":{"ref":"HL/CN-145","name":"통달산 (Tongdalsan)","name_kanji":null,"alt_m":183,"points":1,"region_code":"CN","region_name":"Chungnam","activations":0,"last_activation":null}},{"type":"Feature","geometry":{"type":"Point","coordinates":[128.5244,35.7155]},"properties":{"ref":"HL/DG-001","name":"비슬산 (Biseulsan)","name_kanji":null,"alt_m":1084,"points":8,"region_code":"DG","region_name":"Daegu","activations":56,"last_activation":"2026-02-14T00:00:00Z"}},{"type":"Feature","geometry":{"type":"Point","coordinates":[128.5994,35.7606]},"properties":{"ref":"HL/DG-002","name":"최정산 (Choejeongsan)","name_kanji":null,"alt_m":915,"points":6,"region_code":"DG","region_name":"Daegu","activations":130,"last_activation":"2026-01-24T00:00:00Z"}},{"type":"Feature","geometry":{"type":"Point","coordinates":[128.5707,35.7859]},"properties":{"ref":"HL/DG-003","name":"청룡산 (Cheongnyongsan)","name_kanji":null,"alt_m":793,"points":4,"region_code":"DG","region_name":"Daegu","activations":19,"last_activation":"2025-12-07T00:00:00Z"}},{"type":"Feature","geometry":{"type":"Point","coordinates":[128.6814,35.7435]},"properties":{"ref":"HL/DG-004","name":"상원산 (Sangwonsan)","name_kanji":null,"alt_m":673,"points":4,"region_code":"DG","region_name":"Daegu","activations":30,"last_activation":"2026-03-14T00:00:00Z"}},{"type":"Feature","geometry":{"type":"Point","coordinates":[128.5033,35.6543]},"properties":{"ref":"HL/DG-005","name":"비둘산 (Bidulsan)","name_kanji":null,"alt_m":651,"points":4,"region_code":"DG","region_name":"Daegu","activations":5,"last_activation":"2025-01-11T00:00:00Z"}},{"type":"Feature","geometry":{"type":"Point","coordinates":[128.6499,35.8035]},"properties":{"ref":"HL/DG-006","name":"용지봉 (Yongjibong)","name_kanji":null,"alt_m":634,"points":2,"region_code":"DG","region_name":"Daegu","activations":26,"last_activation":"2026-02-06T00:00:00Z"}},{"type":"Feature","geometry":{"type":"Point","coordinates":[128.6727,35.8144]},"properties":{"ref":"HL/DG-007","name":"대덕산 (Daedeoksan)","name_kanji":null,"alt_m":600,"points":2,"region_code":"DG","region_name":"Daegu","activations":25,"last_activation":"2026-01-04T00:00:00Z"}},{"type":"Feature","geometry":{"type":"Point","coordinates":[128.6197,35.9768]},"properties":{"ref":"HL/DG-008","name":"응해산 (Eunghaesan)","name_kanji":null,"alt_m":518,"points":2,"region_code":"DG","region_name":"Daegu","activations":14,"last_activation":"2026-02-08T00:00:00Z"}},{"type":"Feature","geometry":{"type":"Point","coordinates":[128.6382,35.9708]},"properties":{"ref":"HL/DG-009","name":"응해산 (Eunghaesan)","name_kanji":null,"alt_m":509,"points":2,"region_code":"DG","region_name":"Daegu","activations":22,"last_activation":"2026-02-07T00:00:00Z"}},{"type":"Feature","geometry":{"type":"Point","coordinates":[128.449,35.7707]},"properties":{"ref":"HL/DG-010","name":"금계산 (Geumgyesan)","name_kanji":null,"alt_m":491,"points":1,"region_code":"DG","region_name":"Daegu","activations":4,"last_activation":"2025-09-21T00:00:00Z"}},{"type":"Feature","geometry":{"type":"Point","coordinates":[128.6492,35.9631]},"properties":{"ref":"HL/DG-011","name":"응봉 (Eungbong)","name_kanji":null,"alt_m":450,"points":1,"region_code":"DG","region_name":"Daegu","activations":10,"last_activation":"2026-02-07T00:00:00Z"}},{"type":"Feature","geometry":{"type":"Point","coordinates":[128.6691,35.944]},"properties":{"ref":"HL/DG-012","name":"문암산 (Munamsan)","name_kanji":null,"alt_m":427,"points":1,"region_code":"DG","region_name":"Daegu","activations":7,"last_activation":"2023-12-24T00:00:00Z"}},{"type":"Feature","geometry":{"type":"Point","coordinates":[128.4131,35.6759]},"properties":{"ref":"HL/DG-013","name":"대니산 (Daenisan)","name_kanji":null,"alt_m":408,"points":1,"region_code":"DG","region_name":"Daegu","activations":2,"last_activation":"2018-06-30T00:00:00Z"}},{"type":"Feature","geometry":{"type":"Point","coordinates":[128.4407,35.737]},"properties":{"ref":"HL/DG-014","name":"잠용산 (Jamyongsan)","name_kanji":null,"alt_m":344,"points":1,"region_code":"DG","region_name":"Daegu","activations":2,"last_activation":"2024-12-18T00:00:00Z"}},{"type":"Feature","geometry":{"type":"Point","coordinates":[128.5119,35.8683]},"properties":{"ref":"HL/DG-015","name":"와룡산 (Waryongsan)","name_kanji":null,"alt_m":300,"points":1,"region_code":"DG","region_name":"Daegu","activations":6,"last_activation":"2022-09-11T00:00:00Z"}},{"type":"Feature","geometry":{"type":"Point","coordinates":[128.6155,35.935]},"properties":{"ref":"HL/DG-016","name":"학봉 (Hakbong)","name_kanji":null,"alt_m":278,"points":1,"region_code":"DG","region_name":"Daegu","activations":10,"last_activation":"2024-05-01T00:00:00Z"}},{"type":"Feature","geometry":{"type":"Point","coordinates":[128.4606,35.8991]},"properties":{"ref":"HL/DG-017","name":"마천산 (Macheonsan)","name_kanji":null,"alt_m":274,"points":1,"region_code":"DG","region_name":"Daegu","activations":4,"last_activation":"2023-10-06T00:00:00Z"}},{"type":"Feature","geometry":{"type":"Point","coordinates":[128.4425,35.7195]},"properties":{"ref":"HL/DG-018","name":"쌍산 (Ssangsan)","name_kanji":null,"alt_m":260,"points":1,"region_code":"DG","region_name":"Daegu","activations":2,"last_activation":"2024-12-18T00:00:00Z"}},{"type":"Feature","geometry":{"type":"Point","coordinates":[128.4831,35.8674]},"properties":{"ref":"HL/DG-019","name":"궁산 (Gungsan)","name_kanji":null,"alt_m":251,"points":1,"region_code":"DG","region_name":"Daegu","activations":5,"last_activation":"2022-12-04T00:00:00Z"}},{"type":"Feature","geometry":{"type":"Point","coordinates":[127.4813,36.3004]},"properties":{"ref":"HL/DJ-001","name":"식장산 (Sikjangsan)","name_kanji":null,"alt_m":598,"points":2,"region_code":"DJ","region_name":"Daejeon","activations":101,"last_activation":"2026-03-15T00:00:00Z"}},{"type":"Feature","geometry":{"type":"Point","coordinates":[127.2788,36.3966]},"properties":{"ref":"HL/DJ-002","name":"우산봉 (Usanbong)","name_kanji":null,"alt_m":574,"points":2,"region_code":"DJ","region_name":"Daejeon","activations":47,"last_activation":"2026-03-25T00:00:00Z"}},{"type":"Feature","geometry":{"type":"Point","coordinates":[127.4536,36.2068]},"properties":{"ref":"HL/DJ-003","name":"정기봉 (Jeonggibong)","name_kanji":null,"alt_m":580,"points":2,"region_code":"DJ","region_name":"Daejeon","activations":72,"last_activation":"2026-03-15T00:00:00Z"}},{"type":"Feature","geometry":{"type":"Point","coordinates":[127.4413,36.1965]},"properties":{"ref":"HL/DJ-004","name":"만인산 (Maninsan)","name_kanji":null,"alt_m":538,"points":2,"region_code":"DJ","region_name":"Daejeon","activations":71,"last_activation":"2026-04-18T00:00:00Z"}},{"type":"Feature","geometry":{"type":"Point","coordinates":[127.2562,36.3289]},"properties":{"ref":"HL/DJ-005","name":"HL/DJ-005","name_kanji":null,"alt_m":535,"points":2,"region_code":"DJ","region_name":"Daejeon","activations":43,"last_activation":"2026-01-03T00:00:00Z"}},{"type":"Feature","geometry":{"type":"Point","coordinates":[127.4375,36.2353]},"properties":{"ref":"HL/DJ-006","name":"떡갈봉 (Tteokgalbong)","name_kanji":null,"alt_m":490,"points":1,"region_code":"DJ","region_name":"Daejeon","activations":7,"last_activation":"2024-09-15T00:00:00Z"}},{"type":"Feature","geometry":{"type":"Point","coordinates":[127.3644,36.2191]},"properties":{"ref":"HL/DJ-007","name":"안평산 (Anpyeongsan)","name_kanji":null,"alt_m":470,"points":1,"region_code":"DJ","region_name":"Daejeon","activations":6,"last_activation":"2023-09-10T00:00:00Z"}},{"type":"Feature","geometry":{"type":"Point","coordinates":[127.422,36.2959]},"properties":{"ref":"HL/DJ-008","name":"보문산 (Bomunsan)","name_kanji":null,"alt_m":457,"points":1,"region_code":"DJ","region_name":"Daejeon","activations":41,"last_activation":"2025-11-07T00:00:00Z"}},{"type":"Feature","geometry":{"type":"Point","coordinates":[127.4537,36.3954]},"properties":{"ref":"HL/DJ-009","name":"계족산 (Gyejoksan)","name_kanji":null,"alt_m":425,"points":1,"region_code":"DJ","region_name":"Daejeon","activations":37,"last_activation":"2025-11-07T00:00:00Z"}},{"type":"Feature","geometry":{"type":"Point","coordinates":[127.4236,36.2509]},"properties":{"ref":"HL/DJ-010","name":"석태산 (Seoktaesan)","name_kanji":null,"alt_m":409,"points":1,"region_code":"DJ","region_name":"Daejeon","activations":6,"last_activation":"2024-10-09T00:00:00Z"}},{"type":"Feature","geometry":{"type":"Point","coordinates":[127.3392,36.4299]},"properties":{"ref":"HL/DJ-011","name":"옥당봉 (Okdangbong)","name_kanji":null,"alt_m":382,"points":1,"region_code":"DJ","region_name":"Daejeon","activations":11,"last_activation":"2025-08-23T00:00:00Z"}},{"type":"Feature","geometry":{"type":"Point","coordinates":[128.1226,35.8226]},"properties":{"ref":"HL/GB-001","name":"칠불봉 (Chilbulbong)","name_kanji":null,"alt_m":1430,"points":10,"region_code":"GB","region_name":"Gyeongbuk","activations":36,"last_activation":"2026-03-14T00:00:00Z"}},{"type":"Feature","geometry":{"type":"Point","coordinates":[128.4432,36.8683]},"properties":{"ref":"HL/GB-002","name":"도솔봉 (Dosolbong)","name_kanji":null,"alt_m":1316,"points":10,"region_code":"GB","region_name":"Gyeongbuk","activations":7,"last_activation":"2024-06-07T00:00:00Z"}},{"type":"Feature","geometry":{"type":"Point","coordinates":[127.9818,35.8598]},"properties":{"ref":"HL/GB-003","name":"수도산 (Sudosan)","name_kanji":null,"alt_m":1313,"points":10,"region_code":"GB","region_name":"Gyeongbuk","activations":51,"last_activation":"2026-02-14T00:00:00Z"}},{"type":"Feature","geometry":{"type":"Point","coordinates":[128.8778,37.0533]},"properties":{"ref":"HL/GB-004","name":"신선봉 (Sinseonbong)","name_kanji":null,"alt_m":1280,"points":10,"region_code":"GB","region_name":"Gyeongbuk","activations":4,"last_activation":"2022-01-01T00:00:00Z"}},{"type":"Feature","geometry":{"type":"Point","coordinates":[128.9604,37.0456]},"properties":{"ref":"HL/GB-005","name":"청옥산 (Cheongoksan)","name_kanji":null,"alt_m":1277,"points":10,"region_code":"GB","region_name":"Gyeongbuk","activations":5,"last_activation":"2021-04-14T00:00:00Z"}},{"type":"Feature","geometry":{"type":"Point","coordinates":[128.782,37.0222]},"properties":{"ref":"HL/GB-006","name":"옥돌봉 (Okdolbong)","name_kanji":null,"alt_m":1244,"points":10,"region_code":"GB","region_name":"Gyeongbuk","activations":10,"last_activation":"2026-02-28T00:00:00Z"}},{"type":"Feature","geometry":{"type":"Point","coordinates":[129.0022,35.6199]},"properties":{"ref":"HL/GB-007","name":"가지산 (Gajisan)","name_kanji":null,"alt_m":1241,"points":10,"region_code":"GB","region_name":"Gyeongbuk","activations":63,"last_activation":"2026-03-01T00:00:00Z"}},{"type":"Feature","geometry":{"type":"Point","coordinates":[129.0994,36.8028]},"properties":{"ref":"HL/GB-008","name":"일월산 (Irwolsan)","name_kanji":null,"alt_m":1218,"points":10,"region_code":"GB","region_name":"Gyeongbuk","activations":25,"last_activation":"2025-08-30T00:00:00Z"}},{"type":"Feature","geometry":{"type":"Point","coordinates":[128.347,36.8052]},"properties":{"ref":"HL/GB-009","name":"문복대 (Munbokdae)","name_kanji":null,"alt_m":1209,"points":10,"region_code":"GB","region_name":"Gyeongbuk","activations":18,"last_activation":"2025-08-30T00:00:00Z"}},{"type":"Feature","geometry":{"type":"Point","coordinates":[128.8119,36.9808]},"properties":{"ref":"HL/GB-010","name":"문수산 (Munsusan)","name_kanji":null,"alt_m":1208,"points":10,"region_code":"GB","region_name":"Gyeongbuk","activations":12,"last_activation":"2026-02-28T00:00:00Z"}},{"type":"Feature","geometry":{"type":"Point","coordinates":[128.6948,36.0166]},"properties":{"ref":"HL/GB-011","name":"팔공산 (Palgongsan)","name_kanji":null,"alt_m":1193,"points":8,"region_code":"GB","region_name":"Gyeongbuk","activations":61,"last_activation":"2026-02-25T00:00:00Z"}},{"type":"Feature","geometry":{"type":"Point","coordinates":[129.1523,37.0664]},"properties":{"ref":"HL/GB-012","name":"묘봉 (Myobong)","name_kanji":null,"alt_m":1169,"points":8,"region_code":"GB","region_name":"Gyeongbuk","activations":3,"last_activation":"2025-08-30T00:00:00Z"}},{"type":"Feature","geometry":{"type":"Point","coordinates":[129.1548,37.0231]},"properties":{"ref":"HL/GB-013","name":"백병산 (Baekbyeongsan)","name_kanji":null,"alt_m":1154,"points":8,"region_code":"GB","region_name":"Gyeongbuk","activations":2,"last_activation":"2023-05-20T00:00:00Z"}},{"type":"Feature","geometry":{"type":"Point","coordinates":[129.0863,36.8531]},"properties":{"ref":"HL/GB-014","name":"장군봉 (Janggunbong)","name_kanji":null,"alt_m":1139,"points":8,"region_code":"GB","region_name":"Gyeongbuk","activations":1,"last_activation":"2020-01-11T00:00:00Z"}},{"type":"Feature","geometry":{"type":"Point","coordinates":[129.0477,36.9968]},"properties":{"ref":"HL/GB-015","name":"비룡산 (Biryongsan)","name_kanji":null,"alt_m":1129,"points":8,"region_code":"GB","region_name":"Gyeongbuk","activations":2,"last_activation":"2023-06-03T00:00:00Z"}},{"type":"Feature","geometry":{"type":"Point","coordinates":[128.9761,36.165]},"properties":{"ref":"HL/GB-016","name":"보현산 (Bohyeonsan)","name_kanji":null,"alt_m":1124,"points":8,"region_code":"GB","region_name":"Gyeongbuk","activations":48,"last_activation":"2026-02-21T00:00:00Z"}},{"type":"Feature","geometry":{"type":"Point","coordinates":[129.0132,37.0277]},"properties":{"ref":"HL/GB-017","name":"솔개밭목이봉 (Solgaebanmogibong)","name_kanji":null,"alt_m":1120,"points":8,"region_code":"GB","region_name":"Gyeongbuk","activations":3,"last_activation":"2022-04-09T00:00:00Z"}},{"type":"Feature","geometry":{"type":"Point","coordinates":[128.101,36.7881]},"properties":{"ref":"HL/GB-018","name":"주흘산 (Juheulsan)","name_kanji":null,"alt_m":1108,"points":8,"region_code":"GB","region_name":"Gyeongbuk","activations":12,"last_activation":"2024-11-23T00:00:00Z"}},{"type":"Feature","geometry":{"type":"Point","coordinates":[128.9975,36.1792]},"properties":{"ref":"HL/GB-019","name":"면봉산 (Myeonbongsan)","name_kanji":null,"alt_m":1100,"points":8,"region_code":"GB","region_name":"Gyeongbuk","activations":27,"last_activation":"2026-02-19T00:00:00Z"}},{"type":"Feature","geometry":{"type":"Point","coordinates":[128.1994,36.7559]},"properties":{"ref":"HL/GB-020","name":"운달산 (Undalsan)","name_kanji":null,"alt_m":1100,"points":8,"region_code":"GB","region_name":"Gyeongbuk","activations":5,"last_activation":"2025-04-13T00:00:00Z"}},{"type":"Feature","geometry":{"type":"Point","coordinates":[128.6383,37.0266]},"properties":{"ref":"HL/GB-021","name":"HL/GB-021","name_kanji":null,"alt_m":1097,"points":8,"region_code":"GB","region_name":"Gyeongbuk","activations":2,"last_activation":"2021-04-08T00:00:00Z"}},{"type":"Feature","geometry":{"type":"Point","coordinates":[128.8399,37.0307]},"properties":{"ref":"HL/GB-022","name":"시루봉 (Sirubong)","name_kanji":null,"alt_m":1093,"points":8,"region_code":"GB","region_name":"Gyeongbuk","activations":3,"last_activation":"2022-01-29T00:00:00Z"}},{"type":"Feature","geometry":{"type":"Point","coordinates":[128.9884,37.0721]},"properties":{"ref":"HL/GB-023","name":"조록바위봉 (Jorokbawibong)","name_kanji":null,"alt_m":1087,"points":8,"region_code":"GB","region_name":"Gyeongbuk","activations":1,"last_activation":"2022-05-06T00:00:00Z"}},{"type":"Feature","geometry":{"type":"Point","coordinates":[129.1792,37.0368]},"properties":{"ref":"HL/GB-024","name":"삿갓재 (Satgatjae)","name_kanji":null,"alt_m":1084,"points":8,"region_code":"GB","region_name":"Gyeongbuk","activations":2,"last_activation":"2023-05-20T00:00:00Z"}},{"type":"Feature","geometry":{"type":"Point","coordinates":[128.2782,36.8121]},"properties":{"ref":"HL/GB-025","name":"황장산 (Hwangjangsan)","name_kanji":null,"alt_m":1077,"points":8,"region_code":"GB","region_name":"Gyeongbuk","activations":7,"last_activation":"2022-02-26T00:00:00Z"}},{"type":"Feature","geometry":{"type":"Point","coordinates":[129.1147,37.0261]},"properties":{"ref":"HL/GB-026","name":"오미산 (Omisan)","name_kanji":null,"alt_m":1072,"points":8,"region_code":"GB","region_name":"Gyeongbuk","activations":2,"last_activation":"2023-05-20T00:00:00Z"}},{"type":"Feature","geometry":{"type":"Point","coordinates":[129.1914,36.8992]},"properties":{"ref":"HL/GB-027","name":"통고산 (Tonggosan)","name_kanji":null,"alt_m":1066,"points":8,"region_code":"GB","region_name":"Gyeongbuk","activations":3,"last_activation":"2022-10-11T00:00:00Z"}},{"type":"Feature","geometry":{"type":"Point","coordinates":[128.6716,37.0232]},"properties":{"ref":"HL/GB-028","name":"HL/GB-028","name_kanji":null,"alt_m":1057,"points":8,"region_code":"GB","region_name":"Gyeongbuk","activations":2,"last_activation":"2021-04-08T00:00:00Z"}},{"type":"Feature","geometry":{"type":"Point","coordinates":[129.0324,37.0748]},"properties":{"ref":"HL/GB-029","name":"연화산 (Yeonhwasan)","name_kanji":null,"alt_m":1053,"points":8,"region_code":"GB","region_name":"Gyeongbuk","activations":2,"last_activation":"2023-07-29T00:00:00Z"}},{"type":"Feature","geometry":{"type":"Point","coordinates":[127.9643,35.8792]},"properties":{"ref":"HL/GB-030","name":"월매산 (Wolmaesan)","name_kanji":null,"alt_m":1027,"points":8,"region_code":"GB","region_name":"Gyeongbuk","activations":18,"last_activation":"2026-02-21T00:00:00Z"}},{"type":"Feature","geometry":{"type":"Point","coordinates":[128.0442,36.7713]},"properties":{"ref":"HL/GB-031","name":"조령산 (Joryeongsan)","name_kanji":null,"alt_m":1025,"points":8,"region_code":"GB","region_name":"Gyeongbuk","activations":28,"last_activation":"2026-02-28T00:00:00Z"}},{"type":"Feature","geometry":{"type":"Point","coordinates":[128.0877,35.8747]},"properties":{"ref":"HL/GB-032","name":"형제봉 (Hyeongjebong)","name_kanji":null,"alt_m":1022,"points":8,"region_code":"GB","region_name":"Gyeongbuk","activations":12,"last_activation":"2026-02-14T00:00:00Z"}},{"type":"Feature","geometry":{"type":"Point","coordinates":[129.034,35.6755]},"properties":{"ref":"HL/GB-033","name":"문복산 (Munboksan)","name_kanji":null,"alt_m":1014,"points":8,"region_code":"GB","region_name":"Gyeongbuk","activations":26,"last_activation":"2026-02-28T00:00:00Z"}},{"type":"Feature","geometry":{"type":"Point","coordinates":[129.299,36.7168]},"properties":{"ref":"HL/GB-034","name":"백암산 (Baegamsan)","name_kanji":null,"alt_m":1000,"points":8,"region_code":"GB","region_name":"Gyeongbuk","activations":1,"last_activation":"2019-09-01T00:00:00Z"}},{"type":"Feature","geometry":{"type":"Point","coordinates":[129.2541,36.7456]},"properties":{"ref":"HL/GB-035","name":"검마산 (Geommasan)","name_kanji":null,"alt_m":1000,"points":8,"region_code":"GB","region_name":"Gyeongbuk","activations":4,"last_activation":"2025-06-08T00:00:00Z"}},{"type":"Feature","geometry":{"type":"Point","coordinates":[128.0052,36.715]},"properties":{"ref":"HL/GB-036","name":"희양산 (Huiyangsan)","name_kanji":null,"alt_m":998,"points":6,"region_code":"GB","region_name":"Gyeongbuk","activations":6,"last_activation":"2024-05-23T00:00:00Z"}},{"type":"Feature","geometry":{"type":"Point","coordinates":[128.0381,36.6882]},"properties":{"ref":"HL/GB-037","name":"뇌정산 (Noejeongsan)","name_kanji":null,"alt_m":991,"points":6,"region_code":"GB","region_name":"Gyeongbuk","activations":2,"last_activation":"2020-12-27T00:00:00Z"}},{"type":"Feature","geometry":{"type":"Point","coordinates":[127.9208,36.6042]},"properties":{"ref":"HL/GB-038","name":"청화산 (Cheonghwasan)","name_kanji":null,"alt_m":984,"points":6,"region_code":"GB","region_name":"Gyeongbuk","activations":15,"last_activation":"2025-12-07T00:00:00Z"}},{"type":"Feature","geometry":{"type":"Point","coordinates":[130.8633,37.4948]},"properties":{"ref":"HL/GB-039","name":"성인봉 (Seonginbong)","name_kanji":null,"alt_m":984,"points":6,"region_code":"GB","region_name":"Gyeongbuk","activations":13,"last_activation":"2024-10-05T00:00:00Z"}},{"type":"Feature","geometry":{"type":"Point","coordinates":[129.1556,36.8566]},"properties":{"ref":"HL/GB-040","name":"칠보산 (Chilbosan)","name_kanji":null,"alt_m":977,"points":6,"region_code":"GB","region_name":"Gyeongbuk","activations":3,"last_activation":"2025-06-08T00:00:00Z"}},{"type":"Feature","geometry":{"type":"Point","coordinates":[128.2998,36.092]},"properties":{"ref":"HL/GB-041","name":"금오산 (Geumosan)","name_kanji":null,"alt_m":977,"points":6,"region_code":"GB","region_name":"Gyeongbuk","activations":74,"last_activation":"2025-06-15T00:00:00Z"}},{"type":"Feature","geometry":{"type":"Point","coordinates":[129.1047,36.8872]},"properties":{"ref":"HL/GB-042","name":"HL/GB-042","name_kanji":null,"alt_m":974,"points":6,"region_code":"GB","region_name":"Gyeongbuk","activations":1,"last_activation":"2024-09-16T00:00:00Z"}},{"type":"Feature","geometry":{"type":"Point","coordinates":[128.4824,36.8295]},"properties":{"ref":"HL/GB-043","name":"달밭산 (Dalbatsan)","name_kanji":null,"alt_m":971,"points":6,"region_code":"GB","region_name":"Gyeongbuk","activations":1,"last_activation":"2020-09-27T00:00:00Z"}},{"type":"Feature","geometry":{"type":"Point","coordinates":[127.9639,36.6491]},"properties":{"ref":"HL/GB-044","name":"둔덕산 (Dundeoksan)","name_kanji":null,"alt_m":970,"points":6,"region_code":"GB","region_name":"Gyeongbuk","activations":3,"last_activation":"2024-05-22T00:00:00Z"}},{"type":"Feature","geometry":{"type":"Point","coordinates":[129.0739,36.9765]},"properties":{"ref":"HL/GB-045","name":"배바위산 (Baebawisan)","name_kanji":null,"alt_m":968,"points":6,"region_code":"GB","region_name":"Gyeongbuk","activations":1,"last_activation":"2024-09-15T00:00:00Z"}},{"type":"Feature","geometry":{"type":"Point","coordinates":[129.1366,36.8338]},"properties":{"ref":"HL/GB-046","name":"HL/GB-046","name_kanji":null,"alt_m":965,"points":6,"region_code":"GB","region_name":"Gyeongbuk","activations":1,"last_activation":"2024-09-15T00:00:00Z"}},{"type":"Feature","geometry":{"type":"Point","coordinates":[128.5132,36.9357]},"properties":{"ref":"HL/GB-047","name":"원적봉 (Wonjeokbong)","name_kanji":null,"alt_m":961,"points":6,"region_code":"GB","region_name":"Gyeongbuk","activations":4,"last_activation":"2021-02-14T00:00:00Z"}},{"type":"Feature","geometry":{"type":"Point","coordinates":[128.491,36.9092]},"properties":{"ref":"HL/GB-048","name":"곰넘이봉 (Gomneomibong)","name_kanji":null,"alt_m":960,"points":6,"region_code":"GB","region_name":"Gyeongbuk","activations":1,"last_activation":"2020-09-27T00:00:00Z"}},{"type":"Feature","geometry":{"type":"Point","coordinates":[129.1159,36.8997]},"properties":{"ref":"HL/GB-049","name":"HL/GB-049","name_kanji":null,"alt_m":960,"points":6,"region_code":"GB","region_name":"Gyeongbuk","activations":1,"last_activation":"2024-09-16T00:00:00Z"}},{"type":"Feature","geometry":{"type":"Point","coordinates":[128.0249,35.8687]},"properties":{"ref":"HL/GB-050","name":"새목양지 (Saemogyangji)","name_kanji":null,"alt_m":960,"points":6,"region_code":"GB","region_name":"Gyeongbuk","activations":15,"last_activation":"2025-10-25T00:00:00Z"}},{"type":"Feature","geometry":{"type":"Point","coordinates":[128.1818,36.7166]},"properties":{"ref":"HL/GB-051","name":"단산 (Dansan)","name_kanji":null,"alt_m":959,"points":6,"region_code":"GB","region_name":"Gyeongbuk","activations":5,"last_activation":"2023-06-10T00:00:00Z"}},{"type":"Feature","geometry":{"type":"Point","coordinates":[128.1039,35.9028]},"properties":{"ref":"HL/GB-052","name":"독용산 (Dokyongsan)","name_kanji":null,"alt_m":956,"points":6,"region_code":"GB","region_name":"Gyeongbuk","activations":18,"last_activation":"2026-02-13T00:00:00Z"}},{"type":"Feature","geometry":{"type":"Point","coordinates":[127.9369,36.6334]},"properties":{"ref":"HL/GB-053","name":"조항산 (Johangsan)","name_kanji":null,"alt_m":954,"points":6,"region_code":"GB","region_name":"Gyeongbuk","activations":4,"last_activation":"2022-07-30T00:00:00Z"}},{"type":"Feature","geometry":{"type":"Point","coordinates":[129.2824,36.6979]},"properties":{"ref":"HL/GB-054","name":"HL/GB-054","name_kanji":null,"alt_m":953,"points":6,"region_code":"GB","region_name":"Gyeongbuk","activations":2,"last_activation":"2022-04-03T00:00:00Z"}},{"type":"Feature","geometry":{"type":"Point","coordinates":[128.2125,36.7873]},"properties":{"ref":"HL/GB-055","name":"국사봉 (Guksabong)","name_kanji":null,"alt_m":943,"points":6,"region_code":"GB","region_name":"Gyeongbuk","activations":3,"last_activation":"2025-12-19T00:00:00Z"}},{"type":"Feature","geometry":{"type":"Point","coordinates":[129.2497,36.7746]},"properties":{"ref":"HL/GB-056","name":"울련산 (Ullyeonsan)","name_kanji":null,"alt_m":939,"points":6,"region_code":"GB","region_name":"Gyeongbuk","activations":2,"last_activation":"2024-09-28T00:00:00Z"}},{"type":"Feature","geometry":{"type":"Point","coordinates":[129.1317,36.4553]},"properties":{"ref":"HL/GB-057","name":"태행산 (Taehaengsan)","name_kanji":null,"alt_m":933,"points":6,"region_code":"GB","region_name":"Gyeongbuk","activations":3,"last_activation":"2024-10-19T00:00:00Z"}},{"type":"Feature","geometry":{"type":"Point","coordinates":[129.2582,36.2635]},"properties":{"ref":"HL/GB-058","name":"향로봉 (Hyangnobong)","name_kanji":null,"alt_m":932,"points":6,"region_code":"GB","region_name":"Gyeongbuk","activations":5,"last_activation":"2025-09-05T00:00:00Z"}},{"type":"Feature","geometry":{"type":"Point","coordinates":[127.9288,36.6683]},"properties":{"ref":"HL/GB-059","name":"대야산 (Daeyasan)","name_kanji":null,"alt_m":931,"points":6,"region_code":"GB","region_name":"Gyeongbuk","activations":15,"last_activation":"2024-12-28T00:00:00Z"}},{"type":"Feature","geometry":{"type":"Point","coordinates":[128.6918,35.5924]},"properties":{"ref":"HL/GB-060","name":"화악산 (Hwaaksan)","name_kanji":null,"alt_m":930,"points":6,"region_code":"GB","region_name":"Gyeongbuk","activations":14,"last_activation":"2025-02-09T00:00:00Z"}},{"type":"Feature","geometry":{"type":"Point","coordinates":[128.975,36.1806]},"properties":{"ref":"HL/GB-061","name":"HL/GB-061","name_kanji":null,"alt_m":920,"points":6,"region_code":"GB","region_name":"Gyeongbuk","activations":1,"last_activation":"2019-03-02T00:00:00Z"}},{"type":"Feature","geometry":{"type":"Point","coordinates":[129.1732,36.4238]},"properties":{"ref":"HL/GB-062","name":"두수람 (Dusuram)","name_kanji":null,"alt_m":920,"points":6,"region_code":"GB","region_name":"Gyeongbuk","activations":2,"last_activation":"2024-08-15T00:00:00Z"}},{"type":"Feature","geometry":{"type":"Point","coordinates":[129.0332,36.8804]},"properties":{"ref":"HL/GB-063","name":"제비산 (Jebisan)","name_kanji":null,"alt_m":917,"points":6,"region_code":"GB","region_name":"Gyeongbuk","activations":1,"last_activation":"2024-06-18T00:00:00Z"}},{"type":"Feature","geometry":{"type":"Point","coordinates":[127.9563,36.7013]},"properties":{"ref":"HL/GB-064","name":"장성봉 (Jangseongbong)","name_kanji":null,"alt_m":916,"points":6,"region_code":"GB","region_name":"Gyeongbuk","activations":3,"last_activation":"2023-08-05T00:00:00Z"}},{"type":"Feature","geometry":{"type":"Point","coordinates":[128.2832,36.7557]},"properties":{"ref":"HL/GB-065","name":"공덕산 (Gongdeoksan)","name_kanji":null,"alt_m":913,"points":6,"region_code":"GB","region_name":"Gyeongbuk","activations":3,"last_activation":"2020-10-16T00:00:00Z"}},{"type":"Feature","geometry":{"type":"Point","coordinates":[129.2082,36.4079]},"properties":{"ref":"HL/GB-066","name":"왕거암 (Wanggeoam)","name_kanji":null,"alt_m":907,"points":6,"region_code":"GB","region_name":"Gyeongbuk","activations":2,"last_activation":"2024-08-15T00:00:00Z"}},{"type":"Feature","geometry":{"type":"Point","coordinates":[129.134,36.8554]},"properties":{"ref":"HL/GB-067","name":"HL/GB-067","name_kanji":null,"alt_m":902,"points":6,"region_code":"GB","region_name":"Gyeongbuk","activations":1,"last_activation":"2024-09-16T00:00:00Z"}},{"type":"Feature","geometry":{"type":"Point","coordinates":[128.5825,36.0376]},"properties":{"ref":"HL/GB-068","name":"가산 (Gasan)","name_kanji":null,"alt_m":902,"points":6,"region_code":"GB","region_name":"Gyeongbuk","activations":31,"last_activation":"2026-02-18T00:00:00Z"}},{"type":"Feature","geometry":{"type":"Point","coordinates":[130.8487,37.5107]},"properties":{"ref":"HL/GB-069","name":"미륵산 (Mireuksan)","name_kanji":null,"alt_m":901,"points":6,"region_code":"GB","region_name":"Gyeongbuk","activations":2,"last_activation":"2024-10-05T00:00:00Z"}},{"type":"Feature","geometry":{"type":"Point","coordinates":[129.0273,36.1848]},"properties":{"ref":"HL/GB-070","name":"베틀봉 (Beteulbong)","name_kanji":null,"alt_m":900,"points":6,"region_code":"GB","region_name":"Gyeongbuk","activations":13,"last_activation":"2026-04-11T00:00:00Z"}},{"type":"Feature","geometry":{"type":"Point","coordinates":[129.1599,36.4533]},"properties":{"ref":"HL/GB-071","name":"대둔산 (Daedunsan)","name_kanji":null,"alt_m":900,"points":6,"region_code":"GB","region_name":"Gyeongbuk","activations":4,"last_activation":"2024-08-14T00:00:00Z"}},{"type":"Feature","geometry":{"type":"Point","coordinates":[128.9144,36.8183]},"properties":{"ref":"HL/GB-072","name":"문명산 (Munmyeongsan)","name_kanji":null,"alt_m":894,"points":6,"region_code":"GB","region_name":"Gyeongbuk","activations":2,"last_activation":"2021-04-10T00:00:00Z"}},{"type":"Feature","geometry":{"type":"Point","coordinates":[128.9927,36.2156]},"properties":{"ref":"HL/GB-073","name":"HL/GB-073","name_kanji":null,"alt_m":882,"points":6,"region_code":"GB","region_name":"Gyeongbuk","activations":1,"last_activation":"2024-02-25T00:00:00Z"}},{"type":"Feature","geometry":{"type":"Point","coordinates":[129.0409,36.1779]},"properties":{"ref":"HL/GB-074","name":"곰바위산 (Gombawisan)","name_kanji":null,"alt_m":880,"points":6,"region_code":"GB","region_name":"Gyeongbuk","activations":5,"last_activation":"2026-01-03T00:00:00Z"}},{"type":"Feature","geometry":{"type":"Point","coordinates":[129.2574,36.7014]},"properties":{"ref":"HL/GB-075","name":"HL/GB-075","name_kanji":null,"alt_m":880,"points":6,"region_code":"GB","region_name":"Gyeongbuk","activations":1,"last_activation":"2024-09-08T00:00:00Z"}},{"type":"Feature","geometry":{"type":"Point","coordinates":[129.0882,36.9282]},"properties":{"ref":"HL/GB-076","name":"횡악산 (Hoengaksan)","name_kanji":null,"alt_m":880,"points":6,"region_code":"GB","region_name":"Gyeongbuk","activations":1,"last_activation":"2024-09-15T00:00:00Z"}},{"type":"Feature","geometry":{"type":"Point","coordinates":[128.7856,36.1969]},"properties":{"ref":"HL/GB-077","name":"선암산 (Seonamsan)","name_kanji":null,"alt_m":879,"points":6,"region_code":"GB","region_name":"Gyeongbuk","activations":4,"last_activation":"2020-09-05T00:00:00Z"}},{"type":"Feature","geometry":{"type":"Point","coordinates":[127.922,35.8941]},"properties":{"ref":"HL/GB-078","name":"국사봉 (Guksabong)","name_kanji":null,"alt_m":875,"points":6,"region_code":"GB","region_name":"Gyeongbuk","activations":11,"last_activation":"2025-06-07T00:00:00Z"}},{"type":"Feature","geometry":{"type":"Point","coordinates":[127.9371,36.5064]},"properties":{"ref":"HL/GB-079","name":"두루봉 (Durubong)","name_kanji":null,"alt_m":873,"points":6,"region_code":"GB","region_name":"Gyeongbuk","activations":4,"last_activation":"2020-09-05T00:00:00Z"}},{"type":"Feature","geometry":{"type":"Point","coordinates":[128.9088,36.7941]},"properties":{"ref":"HL/GB-080","name":"청량산 (Cheongnyangsan)","name_kanji":null,"alt_m":871,"points":6,"region_code":"GB","region_name":"Gyeongbuk","activations":8,"last_activation":"2021-04-10T00:00:00Z"}},{"type":"Feature","geometry":{"type":"Point","coordinates":[128.6053,36.6628]},"properties":{"ref":"HL/GB-081","name":"학가산 (Hakgasan)","name_kanji":null,"alt_m":870,"points":6,"region_code":"GB","region_name":"Gyeongbuk","activations":15,"last_activation":"2023-09-10T00:00:00Z"}},{"type":"Feature","geometry":{"type":"Point","coordinates":[128.1192,35.9597]},"properties":{"ref":"HL/GB-082","name":"염속산 (Yeomsoksan)","name_kanji":null,"alt_m":870,"points":6,"region_code":"GB","region_name":"Gyeongbuk","activations":8,"last_activation":"2023-12-02T00:00:00Z"}},{"type":"Feature","geometry":{"type":"Point","coordinates":[128.9539,36.3373]},"properties":{"ref":"HL/GB-083","name":"연점산 (Yeonjeomsan)","name_kanji":null,"alt_m":868,"points":6,"region_code":"GB","region_name":"Gyeongbuk","activations":2,"last_activation":"2021-06-27T00:00:00Z"}},{"type":"Feature","geometry":{"type":"Point","coordinates":[128.3677,36.7532]},"properties":{"ref":"HL/GB-084","name":"매봉 (Maebong)","name_kanji":null,"alt_m":865,"points":6,"region_code":"GB","region_name":"Gyeongbuk","activations":2,"last_activation":"2021-04-20T00:00:00Z"}},{"type":"Feature","geometry":{"type":"Point","coordinates":[128.0042,35.9289]},"properties":{"ref":"HL/GB-085","name":"삼방산 (Sambangsan)","name_kanji":null,"alt_m":864,"points":6,"region_code":"GB","region_name":"Gyeongbuk","activations":9,"last_activation":"2023-12-02T00:00:00Z"}},{"type":"Feature","geometry":{"type":"Point","coordinates":[128.9735,36.9366]},"properties":{"ref":"HL/GB-086","name":"화장산 (Hwajangsan)","name_kanji":null,"alt_m":862,"points":6,"region_code":"GB","region_name":"Gyeongbuk","activations":3,"last_activation":"2025-11-22T00:00:00Z"}},{"type":"Feature","geometry":{"type":"Point","coordinates":[129.2295,36.2227]},"properties":{"ref":"HL/GB-087","name":"괘령산 (Gwaeryeongsan)","name_kanji":null,"alt_m":860,"points":6,"region_code":"GB","region_name":"Gyeongbuk","activations":2,"last_activation":"2020-10-29T00:00:00Z"}},{"type":"Feature","geometry":{"type":"Point","coordinates":[127.8591,36.6132]},"properties":{"ref":"HL/GB-088","name":"백악산 (Baegaksan)","name_kanji":null,"alt_m":857,"points":6,"region_code":"GB","region_name":"Gyeongbuk","activations":2,"last_activation":"2024-06-13T00:00:00Z"}},{"type":"Feature","geometry":{"type":"Point","coordinates":[127.9028,35.9562]},"properties":{"ref":"HL/GB-089","name":"HL/GB-089","name_kanji":null,"alt_m":853,"points":6,"region_code":"GB","region_name":"Gyeongbuk","activations":5,"last_activation":"2023-03-01T00:00:00Z"}},{"type":"Feature","geometry":{"type":"Point","coordinates":[128.9314,36.7687]},"properties":{"ref":"HL/GB-090","name":"HL/GB-090","name_kanji":null,"alt_m":853,"points":6,"region_code":"GB","region_name":"Gyeongbuk","activations":1,"last_activation":"2020-11-14T00:00:00Z"}},{"type":"Feature","geometry":{"type":"Point","coordinates":[128.7023,35.6171]},"properties":{"ref":"HL/GB-091","name":"남산 (Namsan)","name_kanji":null,"alt_m":852,"points":6,"region_code":"GB","region_name":"Gyeongbuk","activations":14,"last_activation":"2026-03-21T00:00:00Z"}},{"type":"Feature","geometry":{"type":"Point","coordinates":[129.3029,36.7765]},"properties":{"ref":"HL/GB-092","name":"금장산 (Geumjangsan)","name_kanji":null,"alt_m":849,"points":6,"region_code":"GB","region_name":"Gyeongbuk","activations":2,"last_activation":"2024-08-24T00:00:00Z"}},{"type":"Feature","geometry":{"type":"Point","coordinates":[128.3009,36.7495]},"properties":{"ref":"HL/GB-093","name":"천주봉 (Cheonjubong)","name_kanji":null,"alt_m":842,"points":6,"region_code":"GB","region_name":"Gyeongbuk","activations":4,"last_activation":"2025-06-19T00:00:00Z"}},{"type":"Feature","geometry":{"type":"Point","coordinates":[129.2439,36.2353]},"properties":{"ref":"HL/GB-094","name":"매봉 (Maebong)","name_kanji":null,"alt_m":833,"points":6,"region_code":"GB","region_name":"Gyeongbuk","activations":3,"last_activation":"2025-09-06T00:00:00Z"}},{"type":"Feature","geometry":{"type":"Point","coordinates":[128.8882,36.3308]},"properties":{"ref":"HL/GB-095","name":"금봉산 (Geumbongsan)","name_kanji":null,"alt_m":832,"points":6,"region_code":"GB","region_name":"Gyeongbuk","activations":2,"last_activation":"2021-06-27T00:00:00Z"}},{"type":"Feature","geometry":{"type":"Point","coordinates":[129.0048,35.6931]},"properties":{"ref":"HL/GB-096","name":"옹강산 (Onggangsan)","name_kanji":null,"alt_m":832,"points":6,"region_code":"GB","region_name":"Gyeongbuk","activations":6,"last_activation":"2025-11-16T00:00:00Z"}},{"type":"Feature","geometry":{"type":"Point","coordinates":[129.2534,36.5064]},"properties":{"ref":"HL/GB-097","name":"HL/GB-097","name_kanji":null,"alt_m":830,"points":6,"region_code":"GB","region_name":"Gyeongbuk","activations":2,"last_activation":"2022-03-27T00:00:00Z"}},{"type":"Feature","geometry":{"type":"Point","coordinates":[128.9816,35.6578]},"properties":{"ref":"HL/GB-098","name":"내원봉 (Naewonbong)","name_kanji":null,"alt_m":829,"points":6,"region_code":"GB","region_name":"Gyeongbuk","activations":6,"last_activation":"2025-03-22T00:00:00Z"}},{"type":"Feature","geometry":{"type":"Point","coordinates":[128.7891,36.0868]},"properties":{"ref":"HL/GB-099","name":"화산 (Hwasan)","name_kanji":null,"alt_m":828,"points":6,"region_code":"GB","region_name":"Gyeongbuk","activations":32,"last_activation":"2026-02-05T00:00:00Z"}},{"type":"Feature","geometry":{"type":"Point","coordinates":[127.9416,36.5507]},"properties":{"ref":"HL/GB-100","name":"도장산 (Dojangsan)","name_kanji":null,"alt_m":828,"points":6,"region_code":"GB","region_name":"Gyeongbuk","activations":4,"last_activation":"2022-06-11T00:00:00Z"}},{"type":"Feature","geometry":{"type":"Point","coordinates":[129.0887,35.7951]},"properties":{"ref":"HL/GB-101","name":"단석산 (Danseoksan)","name_kanji":null,"alt_m":827,"points":6,"region_code":"GB","region_name":"Gyeongbuk","activations":20,"last_activation":"2026-02-13T00:00:00Z"}},{"type":"Feature","geometry":{"type":"Point","coordinates":[129.0532,36.1493]},"properties":{"ref":"HL/GB-102","name":"수석봉 (Suseokbong)","name_kanji":null,"alt_m":822,"points":6,"region_code":"GB","region_name":"Gyeongbuk","activations":1,"last_activation":"2019-03-02T00:00:00Z"}},{"type":"Feature","geometry":{"type":"Point","coordinates":[128.0265,36.5122]},"properties":{"ref":"HL/GB-103","name":"남산 (Namsan)","name_kanji":null,"alt_m":822,"points":6,"region_code":"GB","region_name":"Gyeongbuk","activations":4,"last_activation":"2023-08-03T00:00:00Z"}},{"type":"Feature","geometry":{"type":"Point","coordinates":[128.4978,36.067]},"properties":{"ref":"HL/GB-104","name":"유학산 (Yuhaksan)","name_kanji":null,"alt_m":839,"points":6,"region_code":"GB","region_name":"Gyeongbuk","activations":32,"last_activation":"2026-01-18T00:00:00Z"}},{"type":"Feature","geometry":{"type":"Point","coordinates":[128.8763,36.3446]},"properties":{"ref":"HL/GB-105","name":"HL/GB-105","name_kanji":null,"alt_m":820,"points":6,"region_code":"GB","region_name":"Gyeongbuk","activations":2,"last_activation":"2024-02-17T00:00:00Z"}},{"type":"Feature","geometry":{"type":"Point","coordinates":[128.0518,35.9384]},"properties":{"ref":"HL/GB-106","name":"HL/GB-106","name_kanji":null,"alt_m":820,"points":6,"region_code":"GB","region_name":"Gyeongbuk","activations":16,"last_activation":"2025-12-12T00:00:00Z"}},{"type":"Feature","geometry":{"type":"Point","coordinates":[129.2336,36.9924]},"properties":{"ref":"HL/GB-107","name":"안일왕산 (Anirwangsan)","name_kanji":null,"alt_m":819,"points":6,"region_code":"GB","region_name":"Gyeongbuk","activations":1,"last_activation":"2024-10-01T00:00:00Z"}},{"type":"Feature","geometry":{"type":"Point","coordinates":[128.9446,36.325]},"properties":{"ref":"HL/GB-108","name":"산지산 (Sanjisan)","name_kanji":null,"alt_m":816,"points":6,"region_code":"GB","region_name":"Gyeongbuk","activations":2,"last_activation":"2021-06-27T00:00:00Z"}},{"type":"Feature","geometry":{"type":"Point","coordinates":[128.0378,36.0871]},"properties":{"ref":"HL/GB-109","name":"덕대산 (Deokdaesan)","name_kanji":null,"alt_m":811,"points":6,"region_code":"GB","region_name":"Gyeongbuk","activations":13,"last_activation":"2025-11-12T00:00:00Z"}},{"type":"Feature","geometry":{"type":"Point","coordinates":[129.3539,36.651]},"properties":{"ref":"HL/GB-110","name":"칠보산 (Chilbosan)","name_kanji":null,"alt_m":810,"points":6,"region_code":"GB","region_name":"Gyeongbuk","activations":2,"last_activation":"2022-04-03T00:00:00Z"}},{"type":"Feature","geometry":{"type":"Point","coordinates":[128.163,36.6737]},"properties":{"ref":"HL/GB-111","name":"오정산 (Ojeongsan)","name_kanji":null,"alt_m":810,"points":6,"region_code":"GB","region_name":"Gyeongbuk","activations":4,"last_activation":"2026-02-16T00:00:00Z"}},{"type":"Feature","geometry":{"type":"Point","coordinates":[129.2474,36.5596]},"properties":{"ref":"HL/GB-112","name":"맹동산 (Maengdongsan)","name_kanji":null,"alt_m":808,"points":6,"region_code":"GB","region_name":"Gyeongbuk","activations":8,"last_activation":"2025-08-30T00:00:00Z"}},{"type":"Feature","geometry":{"type":"Point","coordinates":[128.7406,35.9372]},"properties":{"ref":"HL/GB-113","name":"환성산 (Hwanseongsan)","name_kanji":null,"alt_m":807,"points":6,"region_code":"GB","region_name":"Gyeongbuk","activations":28,"last_activation":"2026-02-16T00:00:00Z"}},{"type":"Feature","geometry":{"type":"Point","coordinates":[128.1889,36.347]},"properties":{"ref":"HL/GB-114","name":"갑장산 (Gapjangsan)","name_kanji":null,"alt_m":806,"points":6,"region_code":"GB","region_name":"Gyeongbuk","activations":26,"last_activation":"2026-03-08T00:00:00Z"}},{"type":"Feature","geometry":{"type":"Point","coordinates":[127.9068,36.5072]},"properties":{"ref":"HL/GB-115","name":"형제봉 (Hyeongjebong)","name_kanji":null,"alt_m":803,"points":6,"region_code":"GB","region_name":"Gyeongbuk","activations":9,"last_activation":"2021-04-27T00:00:00Z"}},{"type":"Feature","geometry":{"type":"Point","coordinates":[129.1467,36.2409]},"properties":{"ref":"HL/GB-116","name":"구암산 (Guamsan)","name_kanji":null,"alt_m":800,"points":6,"region_code":"GB","region_name":"Gyeongbuk","activations":1,"last_activation":"2024-03-02T00:00:00Z"}},{"type":"Feature","geometry":{"type":"Point","coordinates":[128.8541,36.2113]},"properties":{"ref":"HL/GB-117","name":"매봉 (Maebong)","name_kanji":null,"alt_m":799,"points":4,"region_code":"GB","region_name":"Gyeongbuk","activations":2,"last_activation":"2025-12-17T00:00:00Z"}},{"type":"Feature","geometry":{"type":"Point","coordinates":[128.9988,36.3908]},"properties":{"ref":"HL/GB-118","name":"노래산 (Noraesan)","name_kanji":null,"alt_m":796,"points":4,"region_code":"GB","region_name":"Gyeongbuk","activations":5,"last_activation":"2023-11-12T00:00:00Z"}},{"type":"Feature","geometry":{"type":"Point","coordinates":[128.0483,36.2573]},"properties":{"ref":"HL/GB-119","name":"웅이산 (Ungisan)","name_kanji":null,"alt_m":794,"points":4,"region_code":"GB","region_name":"Gyeongbuk","activations":6,"last_activation":"2020-09-19T00:00:00Z"}},{"type":"Feature","geometry":{"type":"Point","coordinates":[128.3352,36.6943]},"properties":{"ref":"HL/GB-120","name":"국사봉 (Guksabong)","name_kanji":null,"alt_m":792,"points":4,"region_code":"GB","region_name":"Gyeongbuk","activations":2,"last_activation":"2025-06-15T00:00:00Z"}},{"type":"Feature","geometry":{"type":"Point","coordinates":[128.8413,36.8207]},"properties":{"ref":"HL/GB-121","name":"만리산 (Mallisan)","name_kanji":null,"alt_m":792,"points":4,"region_code":"GB","region_name":"Gyeongbuk","activations":2,"last_activation":"2024-04-08T00:00:00Z"}},{"type":"Feature","geometry":{"type":"Point","coordinates":[129.111,36.0776]},"properties":{"ref":"HL/GB-122","name":"운주산 (Unjusan)","name_kanji":null,"alt_m":791,"points":4,"region_code":"GB","region_name":"Gyeongbuk","activations":2,"last_activation":"2020-05-27T00:00:00Z"}},{"type":"Feature","geometry":{"type":"Point","coordinates":[129.2235,36.2839]},"properties":{"ref":"HL/GB-123","name":"HL/GB-123","name_kanji":null,"alt_m":785,"points":4,"region_code":"GB","region_name":"Gyeongbuk","activations":1,"last_activation":"2024-05-26T00:00:00Z"}},{"type":"Feature","geometry":{"type":"Point","coordinates":[128.2892,36.0399]},"properties":{"ref":"HL/GB-124","name":"영암산 (Yeongamsan)","name_kanji":null,"alt_m":784,"points":4,"region_code":"GB","region_name":"Gyeongbuk","activations":11,"last_activation":"2021-08-28T00:00:00Z"}},{"type":"Feature","geometry":{"type":"Point","coordinates":[128.4982,36.0332]},"properties":{"ref":"HL/GB-125","name":"황학산 (Hwanghaksan)","name_kanji":null,"alt_m":782,"points":4,"region_code":"GB","region_name":"Gyeongbuk","activations":31,"last_activation":"2026-01-18T00:00:00Z"}},{"type":"Feature","geometry":{"type":"Point","coordinates":[127.9498,36.5106]},"properties":{"ref":"HL/GB-126","name":"삼면봉 (Sammyeonbong)","name_kanji":null,"alt_m":780,"points":4,"region_code":"GB","region_name":"Gyeongbuk","activations":3,"last_activation":"2020-08-22T00:00:00Z"}},{"type":"Feature","geometry":{"type":"Point","coordinates":[128.8791,36.3756]},"properties":{"ref":"HL/GB-127","name":"황학산 (Hwanghaksan)","name_kanji":null,"alt_m":780,"points":4,"region_code":"GB","region_name":"Gyeongbuk","activations":1,"last_activation":"2024-02-24T00:00:00Z"}},{"type":"Feature","geometry":{"type":"Point","coordinates":[128.8656,36.3623]},"properties":{"ref":"HL/GB-128","name":"HL/GB-128","name_kanji":null,"alt_m":780,"points":4,"region_code":"GB","region_name":"Gyeongbuk","activations":2,"last_activation":"2024-02-17T00:00:00Z"}},{"type":"Feature","geometry":{"type":"Point","coordinates":[129.2824,36.2446]},"properties":{"ref":"HL/GB-129","name":"천령산 (Cheollyeongsan)","name_kanji":null,"alt_m":775,"points":4,"region_code":"GB","region_name":"Gyeongbuk","activations":2,"last_activation":"2025-09-06T00:00:00Z"}},{"type":"Feature","geometry":{"type":"Point","coordinates":[129.0273,35.8239]},"properties":{"ref":"HL/GB-130","name":"만봉산 (Manbongsan)","name_kanji":null,"alt_m":774,"points":4,"region_code":"GB","region_name":"Gyeongbuk","activations":5,"last_activation":"2026-02-13T00:00:00Z"}},{"type":"Feature","geometry":{"type":"Point","coordinates":[128.0834,36.6101]},"properties":{"ref":"HL/GB-131","name":"작약산 (Jagyaksan)","name_kanji":null,"alt_m":774,"points":4,"region_code":"GB","region_name":"Gyeongbuk","activations":1,"last_activation":"2019-09-28T00:00:00Z"}},{"type":"Feature","geometry":{"type":"Point","coordinates":[128.1709,35.9933]},"properties":{"ref":"HL/GB-132","name":"빌무산 (Bilmusan)","name_kanji":null,"alt_m":768,"points":4,"region_code":"GB","region_name":"Gyeongbuk","activations":3,"last_activation":"2021-02-16T00:00:00Z"}},{"type":"Feature","geometry":{"type":"Point","coordinates":[129.0897,36.6954]},"properties":{"ref":"HL/GB-133","name":"흥림산 (Heungnimsan)","name_kanji":null,"alt_m":767,"points":4,"region_code":"GB","region_name":"Gyeongbuk","activations":1,"last_activation":"2024-09-01T00:00:00Z"}},{"type":"Feature","geometry":{"type":"Point","coordinates":[129.2859,36.8148]},"properties":{"ref":"HL/GB-134","name":"HL/GB-134","name_kanji":null,"alt_m":766,"points":4,"region_code":"GB","region_name":"Gyeongbuk","activations":1,"last_activation":"2024-09-29T00:00:00Z"}},{"type":"Feature","geometry":{"type":"Point","coordinates":[129.0523,36.2625]},"properties":{"ref":"HL/GB-135","name":"자초산 (Jachosan)","name_kanji":null,"alt_m":763,"points":4,"region_code":"GB","region_name":"Gyeongbuk","activations":1,"last_activation":"2024-03-01T00:00:00Z"}},{"type":"Feature","geometry":{"type":"Point","coordinates":[127.8924,36.3595]},"properties":{"ref":"HL/GB-136","name":"팔음산 (Pareumsan)","name_kanji":null,"alt_m":762,"points":4,"region_code":"GB","region_name":"Gyeongbuk","activations":5,"last_activation":"2023-02-27T00:00:00Z"}},{"type":"Feature","geometry":{"type":"Point","coordinates":[129.227,36.1527]},"properties":{"ref":"HL/GB-137","name":"비학산 (Bihaksan)","name_kanji":null,"alt_m":762,"points":4,"region_code":"GB","region_name":"Gyeongbuk","activations":2,"last_activation":"2023-05-24T00:00:00Z"}},{"type":"Feature","geometry":{"type":"Point","coordinates":[128.8467,36.8421]},"properties":{"ref":"HL/GB-138","name":"풍락산 (Pungnaksan)","name_kanji":null,"alt_m":762,"points":4,"region_code":"GB","region_name":"Gyeongbuk","activations":2,"last_activation":"2024-04-08T00:00:00Z"}},{"type":"Feature","geometry":{"type":"Point","coordinates":[128.9691,36.2121]},"properties":{"ref":"HL/GB-139","name":"HL/GB-139","name_kanji":null,"alt_m":760,"points":4,"region_code":"GB","region_name":"Gyeongbuk","activations":1,"last_activation":"2024-02-25T00:00:00Z"}},{"type":"Feature","geometry":{"type":"Point","coordinates":[128.8565,36.142]},"properties":{"ref":"HL/GB-140","name":"방가산 (Banggasan)","name_kanji":null,"alt_m":757,"points":4,"region_code":"GB","region_name":"Gyeongbuk","activations":3,"last_activation":"2022-02-02T00:00:00Z"}},{"type":"Feature","geometry":{"type":"Point","coordinates":[128.773,35.7268]},"properties":{"ref":"HL/GB-141","name":"선의산 (Seonuisan)","name_kanji":null,"alt_m":756,"points":4,"region_code":"GB","region_name":"Gyeongbuk","activations":2,"last_activation":"2019-10-08T00:00:00Z"}},{"type":"Feature","geometry":{"type":"Point","coordinates":[129.0365,36.788]},"properties":{"ref":"HL/GB-142","name":"HL/GB-142","name_kanji":null,"alt_m":755,"points":4,"region_code":"GB","region_name":"Gyeongbuk","activations":1,"last_activation":"2024-09-14T00:00:00Z"}},{"type":"Feature","geometry":{"type":"Point","coordinates":[128.8956,36.1735]},"properties":{"ref":"HL/GB-143","name":"석심산 (Seoksimsan)","name_kanji":null,"alt_m":751,"points":4,"region_code":"GB","region_name":"Gyeongbuk","activations":1,"last_activation":"2019-11-24T00:00:00Z"}},{"type":"Feature","geometry":{"type":"Point","coordinates":[129.345,35.8017]},"properties":{"ref":"HL/GB-144","name":"토함산 (Tohamsan)","name_kanji":null,"alt_m":746,"points":4,"region_code":"GB","region_name":"Gyeongbuk","activations":25,"last_activation":"2025-11-29T00:00:00Z"}},{"type":"Feature","geometry":{"type":"Point","coordinates":[129.2096,36.3606]},"properties":{"ref":"HL/GB-145","name":"별바위봉 (Byeolbawibong)","name_kanji":null,"alt_m":745,"points":4,"region_code":"GB","region_name":"Gyeongbuk","activations":1,"last_activation":"2024-06-14T00:00:00Z"}},{"type":"Feature","geometry":{"type":"Point","coordinates":[127.9818,36.1958]},"properties":{"ref":"HL/GB-146","name":"눌의산 (Nuruisan)","name_kanji":null,"alt_m":743,"points":4,"region_code":"GB","region_name":"Gyeongbuk","activations":13,"last_activation":"2022-02-27T00:00:00Z"}},{"type":"Feature","geometry":{"type":"Point","coordinates":[128.1934,35.7385]},"properties":{"ref":"HL/GB-147","name":"미숭산 (Misungsan)","name_kanji":null,"alt_m":743,"points":4,"region_code":"GB","region_name":"Gyeongbuk","activations":15,"last_activation":"2026-03-14T00:00:00Z"}},{"type":"Feature","geometry":{"type":"Point","coordinates":[128.3104,36.0284]},"properties":{"ref":"HL/GB-148","name":"선석산 (Seonseoksan)","name_kanji":null,"alt_m":742,"points":4,"region_code":"GB","region_name":"Gyeongbuk","activations":9,"last_activation":"2021-09-04T00:00:00Z"}},{"type":"Feature","geometry":{"type":"Point","coordinates":[127.9393,36.4635]},"properties":{"ref":"HL/GB-149","name":"봉황산 (Bonghwangsan)","name_kanji":null,"alt_m":741,"points":4,"region_code":"GB","region_name":"Gyeongbuk","activations":9,"last_activation":"2024-06-14T00:00:00Z"}},{"type":"Feature","geometry":{"type":"Point","coordinates":[128.9233,36.2245]},"properties":{"ref":"HL/GB-150","name":"고모산 (Gomosan)","name_kanji":null,"alt_m":740,"points":4,"region_code":"GB","region_name":"Gyeongbuk","activations":2,"last_activation":"2023-01-09T00:00:00Z"}},{"type":"Feature","geometry":{"type":"Point","coordinates":[128.5667,36.0585]},"properties":{"ref":"HL/GB-151","name":"갈정산 (Galjeongsan)","name_kanji":null,"alt_m":740,"points":4,"region_code":"GB","region_name":"Gyeongbuk","activations":16,"last_activation":"2026-02-18T00:00:00Z"}},{"type":"Feature","geometry":{"type":"Point","coordinates":[128.0672,36.2066]},"properties":{"ref":"HL/GB-152","name":"난함산 (Nanhamsan)","name_kanji":null,"alt_m":733,"points":4,"region_code":"GB","region_name":"Gyeongbuk","activations":42,"last_activation":"2025-04-11T00:00:00Z"}},{"type":"Feature","geometry":{"type":"Point","coordinates":[128.0968,36.439]},"properties":{"ref":"HL/GB-153","name":"노음산 (Noeumsan)","name_kanji":null,"alt_m":725,"points":4,"region_code":"GB","region_name":"Gyeongbuk","activations":3,"last_activation":"2020-12-05T00:00:00Z"}},{"type":"Feature","geometry":{"type":"Point","coordinates":[129.1345,36.3268]},"properties":{"ref":"HL/GB-154","name":"HL/GB-154","name_kanji":null,"alt_m":722,"points":4,"region_code":"GB","region_name":"Gyeongbuk","activations":1,"last_activation":"2024-03-02T00:00:00Z"}},{"type":"Feature","geometry":{"type":"Point","coordinates":[127.9472,36.684]},"properties":{"ref":"HL/GB-155","name":"곰넘이봉 (Gomneomibong)","name_kanji":null,"alt_m":720,"points":4,"region_code":"GB","region_name":"Gyeongbuk","activations":1,"last_activation":"2023-08-05T00:00:00Z"}},{"type":"Feature","geometry":{"type":"Point","coordinates":[127.9851,36.1768]},"properties":{"ref":"HL/GB-156","name":"가성산 (Gaseongsan)","name_kanji":null,"alt_m":720,"points":4,"region_code":"GB","region_name":"Gyeongbuk","activations":10,"last_activation":"2022-02-27T00:00:00Z"}},{"type":"Feature","geometry":{"type":"Point","coordinates":[128.7968,35.6483]},"properties":{"ref":"HL/GB-157","name":"대남바위산 (Daenambawisan)","name_kanji":null,"alt_m":720,"points":4,"region_code":"GB","region_name":"Gyeongbuk","activations":2,"last_activation":"2025-11-22T00:00:00Z"}},{"type":"Feature","geometry":{"type":"Point","coordinates":[129.1484,36.1589]},"properties":{"ref":"HL/GB-158","name":"침곡산 (Chimgoksan)","name_kanji":null,"alt_m":720,"points":4,"region_code":"GB","region_name":"Gyeongbuk","activations":1,"last_activation":"2019-03-23T00:00:00Z"}},{"type":"Feature","geometry":{"type":"Point","coordinates":[128.0035,36.0853]},"properties":{"ref":"HL/GB-159","name":"진밭산 (Jinbatsan)","name_kanji":null,"alt_m":719,"points":4,"region_code":"GB","region_name":"Gyeongbuk","activations":9,"last_activation":"2023-05-20T00:00:00Z"}},{"type":"Feature","geometry":{"type":"Point","coordinates":[128.879,36.2362]},"properties":{"ref":"HL/GB-160","name":"산두봉 (Sandubong)","name_kanji":null,"alt_m":718,"points":4,"region_code":"GB","region_name":"Gyeongbuk","activations":1,"last_activation":"2024-02-09T00:00:00Z"}},{"type":"Feature","geometry":{"type":"Point","coordinates":[129.1719,36.3413]},"properties":{"ref":"HL/GB-161","name":"무포산 (Muposan)","name_kanji":null,"alt_m":717,"points":4,"region_code":"GB","region_name":"Gyeongbuk","activations":1,"last_activation":"2024-06-14T00:00:00Z"}},{"type":"Feature","geometry":{"type":"Point","coordinates":[128.1958,36.0423]},"properties":{"ref":"HL/GB-162","name":"백마산 (Baengmasan)","name_kanji":null,"alt_m":716,"points":4,"region_code":"GB","region_name":"Gyeongbuk","activations":11,"last_activation":"2023-02-04T00:00:00Z"}},{"type":"Feature","geometry":{"type":"Point","coordinates":[129.2114,36.5398]},"properties":{"ref":"HL/GB-163","name":"HL/GB-163","name_kanji":null,"alt_m":711,"points":4,"region_code":"GB","region_name":"Gyeongbuk","activations":1,"last_activation":"2024-09-01T00:00:00Z"}},{"type":"Feature","geometry":{"type":"Point","coordinates":[129.14,36.0252]},"properties":{"ref":"HL/GB-164","name":"도덕산 (Dodeoksan)","name_kanji":null,"alt_m":708,"points":4,"region_code":"GB","region_name":"Gyeongbuk","activations":3,"last_activation":"2025-09-07T00:00:00Z"}},{"type":"Feature","geometry":{"type":"Point","coordinates":[128.1554,36.2947]},"properties":{"ref":"HL/GB-165","name":"기양산 (Giyangsan)","name_kanji":null,"alt_m":705,"points":4,"region_code":"GB","region_name":"Gyeongbuk","activations":7,"last_activation":"2021-02-27T00:00:00Z"}},{"type":"Feature","geometry":{"type":"Point","coordinates":[129.2808,36.5522]},"properties":{"ref":"HL/GB-166","name":"형제봉 (Hyeongjebong)","name_kanji":null,"alt_m":701,"points":4,"region_code":"GB","region_name":"Gyeongbuk","activations":1,"last_activation":"2024-08-31T00:00:00Z"}},{"type":"Feature","geometry":{"type":"Point","coordinates":[128.4025,36.2891]},"properties":{"ref":"HL/GB-167","name":"청화산 (Cheonghwasan)","name_kanji":null,"alt_m":701,"points":4,"region_code":"GB","region_name":"Gyeongbuk","activations":8,"last_activation":"2022-10-08T00:00:00Z"}},{"type":"Feature","geometry":{"type":"Point","coordinates":[129.0907,36.4639]},"properties":{"ref":"HL/GB-168","name":"중대산 (Jungdaesan)","name_kanji":null,"alt_m":700,"points":4,"region_code":"GB","region_name":"Gyeongbuk","activations":1,"last_activation":"2024-05-27T00:00:00Z"}},{"type":"Feature","geometry":{"type":"Point","coordinates":[129.1173,36.0405]},"properties":{"ref":"HL/GB-169","name":"천장산 (Cheonjangsan)","name_kanji":null,"alt_m":696,"points":4,"region_code":"GB","region_name":"Gyeongbuk","activations":1,"last_activation":"2019-02-16T00:00:00Z"}},{"type":"Feature","geometry":{"type":"Point","coordinates":[128.1214,35.8583]},"properties":{"ref":"HL/GB-170","name":"아박산 (Abaksan)","name_kanji":null,"alt_m":693,"points":4,"region_code":"GB","region_name":"Gyeongbuk","activations":7,"last_activation":"2025-02-14T00:00:00Z"}},{"type":"Feature","geometry":{"type":"Point","coordinates":[128.7663,35.6984]},"properties":{"ref":"HL/GB-171","name":"용각산 (Yonggaksan)","name_kanji":null,"alt_m":693,"points":4,"region_code":"GB","region_name":"Gyeongbuk","activations":12,"last_activation":"2026-03-11T00:00:00Z"}},{"type":"Feature","geometry":{"type":"Point","coordinates":[128.8657,35.7132]},"properties":{"ref":"HL/GB-172","name":"학일산 (Hagilsan)","name_kanji":null,"alt_m":693,"points":4,"region_code":"GB","region_name":"Gyeongbuk","activations":3,"last_activation":"2023-12-17T00:00:00Z"}},{"type":"Feature","geometry":{"type":"Point","coordinates":[128.1448,36.7196]},"properties":{"ref":"HL/GB-173","name":"봉명산 (Bongmyeongsan)","name_kanji":null,"alt_m":692,"points":4,"region_code":"GB","region_name":"Gyeongbuk","activations":1,"last_activation":"2020-12-27T00:00:00Z"}},{"type":"Feature","geometry":{"type":"Point","coordinates":[128.4036,36.2596]},"properties":{"ref":"HL/GB-174","name":"냉산 (Naengsan)","name_kanji":null,"alt_m":692,"points":4,"region_code":"GB","region_name":"Gyeongbuk","activations":20,"last_activation":"2025-03-08T00:00:00Z"}},{"type":"Feature","geometry":{"type":"Point","coordinates":[128.1633,35.653]},"properties":{"ref":"HL/GB-175","name":"만대산 (Mandaesan)","name_kanji":null,"alt_m":689,"points":4,"region_code":"GB","region_name":"Gyeongbuk","activations":2,"last_activation":"2020-06-20T00:00:00Z"}},{"type":"Feature","geometry":{"type":"Point","coordinates":[128.1635,35.7741]},"properties":{"ref":"HL/GB-176","name":"북두산 (Bukdusan)","name_kanji":null,"alt_m":688,"points":4,"region_code":"GB","region_name":"Gyeongbuk","activations":15,"last_activation":"2026-01-24T00:00:00Z"}},{"type":"Feature","geometry":{"type":"Point","coordinates":[128.9969,35.7785]},"properties":{"ref":"HL/GB-177","name":"장육산 (Jangyuksan)","name_kanji":null,"alt_m":686,"points":4,"region_code":"GB","region_name":"Gyeongbuk","activations":2,"last_activation":"2020-02-27T00:00:00Z"}},{"type":"Feature","geometry":{"type":"Point","coordinates":[128.9522,36.8474]},"properties":{"ref":"HL/GB-178","name":"미림산 (Mirimsan)","name_kanji":null,"alt_m":686,"points":4,"region_code":"GB","region_name":"Gyeongbuk","activations":1,"last_activation":"2024-06-18T00:00:00Z"}},{"type":"Feature","geometry":{"type":"Point","coordinates":[129.2224,36.6039]},"properties":{"ref":"HL/GB-179","name":"HL/GB-179","name_kanji":null,"alt_m":684,"points":4,"region_code":"GB","region_name":"Gyeongbuk","activations":5,"last_activation":"2025-08-30T00:00:00Z"}},{"type":"Feature","geometry":{"type":"Point","coordinates":[127.895,36.4251]},"properties":{"ref":"HL/GB-180","name":"천택산 (Cheontaeksan)","name_kanji":null,"alt_m":684,"points":4,"region_code":"GB","region_name":"Gyeongbuk","activations":3,"last_activation":"2020-12-12T00:00:00Z"}},{"type":"Feature","geometry":{"type":"Point","coordinates":[128.0827,35.9909]},"properties":{"ref":"HL/GB-181","name":"가제산 (Gajesan)","name_kanji":null,"alt_m":683,"points":4,"region_code":"GB","region_name":"Gyeongbuk","activations":2,"last_activation":"2020-06-27T00:00:00Z"}},{"type":"Feature","geometry":{"type":"Point","coordinates":[128.8512,36.122]},"properties":{"ref":"HL/GB-182","name":"경림산 (Gyeongnimsan)","name_kanji":null,"alt_m":680,"points":4,"region_code":"GB","region_name":"Gyeongbuk","activations":3,"last_activation":"2022-02-02T00:00:00Z"}},{"type":"Feature","geometry":{"type":"Point","coordinates":[129.3381,35.8433]},"properties":{"ref":"HL/GB-183","name":"동대봉산 (Dongdaebongsan)","name_kanji":null,"alt_m":680,"points":4,"region_code":"GB","region_name":"Gyeongbuk","activations":1,"last_activation":"2020-05-30T00:00:00Z"}},{"type":"Feature","geometry":{"type":"Point","coordinates":[129.006,35.8045]},"properties":{"ref":"HL/GB-184","name":"정족산 (Jeongjoksan)","name_kanji":null,"alt_m":680,"points":4,"region_code":"GB","region_name":"Gyeongbuk","activations":2,"last_activation":"2020-02-27T00:00:00Z"}},{"type":"Feature","geometry":{"type":"Point","coordinates":[128.8434,36.3447]},"properties":{"ref":"HL/GB-185","name":"황학산 (Hwanghaksan)","name_kanji":null,"alt_m":679,"points":4,"region_code":"GB","region_name":"Gyeongbuk","activations":1,"last_activation":"2024-02-24T00:00:00Z"}},{"type":"Feature","geometry":{"type":"Point","coordinates":[128.8473,36.2596]},"properties":{"ref":"HL/GB-186","name":"구무산 (Gumusan)","name_kanji":null,"alt_m":676,"points":4,"region_code":"GB","region_name":"Gyeongbuk","activations":1,"last_activation":"2024-02-09T00:00:00Z"}},{"type":"Feature","geometry":{"type":"Point","coordinates":[128.8531,35.6891]},"properties":{"ref":"HL/GB-187","name":"통내산 (Tongnaesan)","name_kanji":null,"alt_m":675,"points":4,"region_code":"GB","region_name":"Gyeongbuk","activations":1,"last_activation":"2019-12-03T00:00:00Z"}},{"type":"Feature","geometry":{"type":"Point","coordinates":[128.9706,35.8354]},"properties":{"ref":"HL/GB-188","name":"구룡산 (Guryongsan)","name_kanji":null,"alt_m":675,"points":4,"region_code":"GB","region_name":"Gyeongbuk","activations":5,"last_activation":"2023-10-22T00:00:00Z"}},{"type":"Feature","geometry":{"type":"Point","coordinates":[129.0132,35.846]},"properties":{"ref":"HL/GB-189","name":"사룡산 (Saryongsan)","name_kanji":null,"alt_m":674,"points":4,"region_code":"GB","region_name":"Gyeongbuk","activations":5,"last_activation":"2021-01-28T00:00:00Z"}},{"type":"Feature","geometry":{"type":"Point","coordinates":[128.1063,36.6298]},"properties":{"ref":"HL/GB-190","name":"조봉 (Jobong)","name_kanji":null,"alt_m":674,"points":4,"region_code":"GB","region_name":"Gyeongbuk","activations":2,"last_activation":"2023-10-29T00:00:00Z"}},{"type":"Feature","geometry":{"type":"Point","coordinates":[128.1937,35.7533]},"properties":{"ref":"HL/GB-191","name":"문수봉 (Munsubong)","name_kanji":null,"alt_m":672,"points":4,"region_code":"GB","region_name":"Gyeongbuk","activations":14,"last_activation":"2026-03-15T00:00:00Z"}},{"type":"Feature","geometry":{"type":"Point","coordinates":[128.7422,36.2672]},"properties":{"ref":"HL/GB-192","name":"비봉산 (Bibongsan)","name_kanji":null,"alt_m":672,"points":4,"region_code":"GB","region_name":"Gyeongbuk","activations":3,"last_activation":"2019-12-07T00:00:00Z"}},{"type":"Feature","geometry":{"type":"Point","coordinates":[127.9911,36.6983]},"properties":{"ref":"HL/GB-193","name":"원통봉 (Wontongbong)","name_kanji":null,"alt_m":669,"points":4,"region_code":"GB","region_name":"Gyeongbuk","activations":1,"last_activation":"2023-08-05T00:00:00Z"}},{"type":"Feature","geometry":{"type":"Point","coordinates":[128.9407,35.772]},"properties":{"ref":"HL/GB-194","name":"발백산 (Balbaeksan)","name_kanji":null,"alt_m":667,"points":4,"region_code":"GB","region_name":"Gyeongbuk","activations":2,"last_activation":"2020-07-18T00:00:00Z"}},{"type":"Feature","geometry":{"type":"Point","coordinates":[129.0746,36.4909]},"properties":{"ref":"HL/GB-195","name":"HL/GB-195","name_kanji":null,"alt_m":667,"points":4,"region_code":"GB","region_name":"Gyeongbuk","activations":2,"last_activation":"2022-06-12T00:00:00Z"}},{"type":"Feature","geometry":{"type":"Point","coordinates":[128.8122,36.7864]},"properties":{"ref":"HL/GB-196","name":"용두산 (Yongdusan)","name_kanji":null,"alt_m":665,"points":4,"region_code":"GB","region_name":"Gyeongbuk","activations":1,"last_activation":"2024-03-08T00:00:00Z"}},{"type":"Feature","geometry":{"type":"Point","coordinates":[129.1417,36.4776]},"properties":{"ref":"HL/GB-197","name":"HL/GB-197","name_kanji":null,"alt_m":662,"points":4,"region_code":"GB","region_name":"Gyeongbuk","activations":1,"last_activation":"2024-06-21T00:00:00Z"}},{"type":"Feature","geometry":{"type":"Point","coordinates":[129.1389,36.14]},"properties":{"ref":"HL/GB-198","name":"태화산 (Taehwasan)","name_kanji":null,"alt_m":660,"points":4,"region_code":"GB","region_name":"Gyeongbuk","activations":1,"last_activation":"2019-03-23T00:00:00Z"}},{"type":"Feature","geometry":{"type":"Point","coordinates":[129.1148,36.2351]},"properties":{"ref":"HL/GB-199","name":"HL/GB-199","name_kanji":null,"alt_m":660,"points":4,"region_code":"GB","region_name":"Gyeongbuk","activations":1,"last_activation":"2024-03-01T00:00:00Z"}},{"type":"Feature","geometry":{"type":"Point","coordinates":[129.0946,36.2914]},"properties":{"ref":"HL/GB-200","name":"HL/GB-200","name_kanji":null,"alt_m":660,"points":4,"region_code":"GB","region_name":"Gyeongbuk","activations":1,"last_activation":"2024-03-02T00:00:00Z"}},{"type":"Feature","geometry":{"type":"Point","coordinates":[129.1006,36.4747]},"properties":{"ref":"HL/GB-201","name":"HL/GB-201","name_kanji":null,"alt_m":660,"points":4,"region_code":"GB","region_name":"Gyeongbuk","activations":1,"last_activation":"2024-05-27T00:00:00Z"}},{"type":"Feature","geometry":{"type":"Point","coordinates":[128.6032,35.989]},"properties":{"ref":"HL/GB-202","name":"도덕산 (Dodeoksan)","name_kanji":null,"alt_m":660,"points":4,"region_code":"GB","region_name":"Gyeongbuk","activations":21,"last_activation":"2026-02-08T00:00:00Z"}},{"type":"Feature","geometry":{"type":"Point","coordinates":[129.2473,36.4689]},"properties":{"ref":"HL/GB-203","name":"HL/GB-203","name_kanji":null,"alt_m":659,"points":4,"region_code":"GB","region_name":"Gyeongbuk","activations":1,"last_activation":"2024-08-31T00:00:00Z"}},{"type":"Feature","geometry":{"type":"Point","coordinates":[128.6267,36.0695]},"properties":{"ref":"HL/GB-204","name":"HL/GB-204","name_kanji":null,"alt_m":655,"points":4,"region_code":"GB","region_name":"Gyeongbuk","activations":5,"last_activation":"2024-02-15T00:00:00Z"}},{"type":"Feature","geometry":{"type":"Point","coordinates":[128.1445,36.7644]},"properties":{"ref":"HL/GB-205","name":"HL/GB-205","name_kanji":null,"alt_m":654,"points":4,"region_code":"GB","region_name":"Gyeongbuk","activations":1,"last_activation":"2024-06-05T00:00:00Z"}},{"type":"Feature","geometry":{"type":"Point","coordinates":[128.3021,36.7292]},"properties":{"ref":"HL/GB-206","name":"HL/GB-206","name_kanji":null,"alt_m":654,"points":4,"region_code":"GB","region_name":"Gyeongbuk","activations":1,"last_activation":"2024-06-05T00:00:00Z"}},{"type":"Feature","geometry":{"type":"Point","coordinates":[129.2949,37.0011]},"properties":{"ref":"HL/GB-207","name":"아구산 (Agusan)","name_kanji":null,"alt_m":653,"points":4,"region_code":"GB","region_name":"Gyeongbuk","activations":1,"last_activation":"2024-10-03T00:00:00Z"}},{"type":"Feature","geometry":{"type":"Point","coordinates":[129.0592,35.8214]},"properties":{"ref":"HL/GB-208","name":"HL/GB-208","name_kanji":null,"alt_m":651,"points":4,"region_code":"GB","region_name":"Gyeongbuk","activations":3,"last_activation":"2025-03-08T00:00:00Z"}},{"type":"Feature","geometry":{"type":"Point","coordinates":[128.9796,36.4524]},"properties":{"ref":"HL/GB-209","name":"사일산 (Sailsan)","name_kanji":null,"alt_m":649,"points":2,"region_code":"GB","region_name":"Gyeongbuk","activations":1,"last_activation":"2024-04-22T00:00:00Z"}},{"type":"Feature","geometry":{"type":"Point","coordinates":[129.2848,36.3331]},"properties":{"ref":"HL/GB-210","name":"바데산 (Badesan)","name_kanji":null,"alt_m":646,"points":2,"region_code":"GB","region_name":"Gyeongbuk","activations":1,"last_activation":"2023-11-12T00:00:00Z"}},{"type":"Feature","geometry":{"type":"Point","coordinates":[130.8218,37.4922]},"properties":{"ref":"HL/GB-211","name":"태하령 (Taeharyeong)","name_kanji":null,"alt_m":644,"points":2,"region_code":"GB","region_name":"Gyeongbuk","activations":2,"last_activation":"2024-10-05T00:00:00Z"}},{"type":"Feature","geometry":{"type":"Point","coordinates":[128.8286,35.7336]},"properties":{"ref":"HL/GB-212","name":"큰골산 (Keungolsan)","name_kanji":null,"alt_m":644,"points":2,"region_code":"GB","region_name":"Gyeongbuk","activations":2,"last_activation":"2021-12-05T00:00:00Z"}},{"type":"Feature","geometry":{"type":"Point","coordinates":[128.2909,36.7048]},"properties":{"ref":"HL/GB-213","name":"HL/GB-213","name_kanji":null,"alt_m":644,"points":2,"region_code":"GB","region_name":"Gyeongbuk","activations":1,"last_activation":"2024-06-05T00:00:00Z"}},{"type":"Feature","geometry":{"type":"Point","coordinates":[128.5667,36.6464]},"properties":{"ref":"HL/GB-214","name":"보문산 (Bomunsan)","name_kanji":null,"alt_m":642,"points":2,"region_code":"GB","region_name":"Gyeongbuk","activations":2,"last_activation":"2021-10-17T00:00:00Z"}},{"type":"Feature","geometry":{"type":"Point","coordinates":[128.0149,36.2696]},"properties":{"ref":"HL/GB-215","name":"HL/GB-215","name_kanji":null,"alt_m":640,"points":2,"region_code":"GB","region_name":"Gyeongbuk","activations":3,"last_activation":"2024-03-08T00:00:00Z"}},{"type":"Feature","geometry":{"type":"Point","coordinates":[128.7379,36.121]},"properties":{"ref":"HL/GB-216","name":"조림산 (Jorimsan)","name_kanji":null,"alt_m":638,"points":2,"region_code":"GB","region_name":"Gyeongbuk","activations":3,"last_activation":"2019-12-28T00:00:00Z"}},{"type":"Feature","geometry":{"type":"Point","coordinates":[129.0981,36.1468]},"properties":{"ref":"HL/GB-217","name":"봉화봉 (Bonghwabong)","name_kanji":null,"alt_m":638,"points":2,"region_code":"GB","region_name":"Gyeongbuk","activations":1,"last_activation":"2023-02-04T00:00:00Z"}},{"type":"Feature","geometry":{"type":"Point","coordinates":[128.6492,36.6751]},"properties":{"ref":"HL/GB-218","name":"조운산 (Jounsan)","name_kanji":null,"alt_m":636,"points":2,"region_code":"GB","region_name":"Gyeongbuk","activations":2,"last_activation":"2025-03-27T00:00:00Z"}},{"type":"Feature","geometry":{"type":"Point","coordinates":[128.3038,36.6803]},"properties":{"ref":"HL/GB-219","name":"HL/GB-219","name_kanji":null,"alt_m":635,"points":2,"region_code":"GB","region_name":"Gyeongbuk","activations":1,"last_activation":"2024-06-11T00:00:00Z"}},{"type":"Feature","geometry":{"type":"Point","coordinates":[129.2583,36.3448]},"properties":{"ref":"HL/GB-220","name":"팔각산 (Palgaksan)","name_kanji":null,"alt_m":633,"points":2,"region_code":"GB","region_name":"Gyeongbuk","activations":2,"last_activation":"2023-11-12T00:00:00Z"}},{"type":"Feature","geometry":{"type":"Point","coordinates":[128.5226,36.8203]},"properties":{"ref":"HL/GB-221","name":"용암산 (Yongamsan)","name_kanji":null,"alt_m":633,"points":2,"region_code":"GB","region_name":"Gyeongbuk","activations":1,"last_activation":"2024-06-12T00:00:00Z"}},{"type":"Feature","geometry":{"type":"Point","coordinates":[128.1315,36.2536]},"properties":{"ref":"HL/GB-222","name":"백운산 (Baegunsan)","name_kanji":null,"alt_m":631,"points":2,"region_code":"GB","region_name":"Gyeongbuk","activations":2,"last_activation":"2022-05-15T00:00:00Z"}},{"type":"Feature","geometry":{"type":"Point","coordinates":[129.3656,35.7055]},"properties":{"ref":"HL/GB-223","name":"HL/GB-223","name_kanji":null,"alt_m":631,"points":2,"region_code":"GB","region_name":"Gyeongbuk","activations":1,"last_activation":"2023-12-24T00:00:00Z"}},{"type":"Feature","geometry":{"type":"Point","coordinates":[128.7314,35.5759]},"properties":{"ref":"HL/GB-224","name":"철마산 (Cheolmasan)","name_kanji":null,"alt_m":627,"points":2,"region_code":"GB","region_name":"Gyeongbuk","activations":5,"last_activation":"2025-09-29T00:00:00Z"}},{"type":"Feature","geometry":{"type":"Point","coordinates":[128.7947,35.6076]},"properties":{"ref":"HL/GB-225","name":"오례산 (Oryesan)","name_kanji":null,"alt_m":626,"points":2,"region_code":"GB","region_name":"Gyeongbuk","activations":2,"last_activation":"2024-11-24T00:00:00Z"}},{"type":"Feature","geometry":{"type":"Point","coordinates":[128.4742,36.0351]},"properties":{"ref":"HL/GB-226","name":"소학산 (Sohaksan)","name_kanji":null,"alt_m":622,"points":2,"region_code":"GB","region_name":"Gyeongbuk","activations":23,"last_activation":"2026-02-08T00:00:00Z"}},{"type":"Feature","geometry":{"type":"Point","coordinates":[128.5939,35.5861]},"properties":{"ref":"HL/GB-227","name":"천왕산 (Cheonwangsan)","name_kanji":null,"alt_m":619,"points":2,"region_code":"GB","region_name":"Gyeongbuk","activations":1,"last_activation":"2020-12-12T00:00:00Z"}},{"type":"Feature","geometry":{"type":"Point","coordinates":[128.0326,36.3488]},"properties":{"ref":"HL/GB-228","name":"백학산 (Baekhaksan)","name_kanji":null,"alt_m":615,"points":2,"region_code":"GB","region_name":"Gyeongbuk","activations":5,"last_activation":"2022-01-31T00:00:00Z"}},{"type":"Feature","geometry":{"type":"Point","coordinates":[128.8041,36.2072]},"properties":{"ref":"HL/GB-229","name":"매봉산 (Maebongsan)","name_kanji":null,"alt_m":614,"points":2,"region_code":"GB","region_name":"Gyeongbuk","activations":3,"last_activation":"2019-12-07T00:00:00Z"}},{"type":"Feature","geometry":{"type":"Point","coordinates":[128.9376,35.677]},"properties":{"ref":"HL/GB-230","name":"호거산 (Hogeosan)","name_kanji":null,"alt_m":614,"points":2,"region_code":"GB","region_name":"Gyeongbuk","activations":2,"last_activation":"2021-11-20T00:00:00Z"}},{"type":"Feature","geometry":{"type":"Point","coordinates":[128.5356,35.6403]},"properties":{"ref":"HL/GB-231","name":"마령산 (Maryeongsan)","name_kanji":null,"alt_m":611,"points":2,"region_code":"GB","region_name":"Gyeongbuk","activations":2,"last_activation":"2023-11-19T00:00:00Z"}},{"type":"Feature","geometry":{"type":"Point","coordinates":[129.1168,36.6236]},"properties":{"ref":"HL/GB-232","name":"곳대봉 (Gotdaebong)","name_kanji":null,"alt_m":605,"points":2,"region_code":"GB","region_name":"Gyeongbuk","activations":1,"last_activation":"2024-09-01T00:00:00Z"}},{"type":"Feature","geometry":{"type":"Point","coordinates":[130.8618,37.4881]},"properties":{"ref":"HL/GB-233","name":"두리봉 (Duribong)","name_kanji":null,"alt_m":602,"points":2,"region_code":"GB","region_name":"Gyeongbuk","activations":2,"last_activation":"2024-10-05T00:00:00Z"}},{"type":"Feature","geometry":{"type":"Point","coordinates":[129.0973,36.1216]},"properties":{"ref":"HL/GB-234","name":"노구재 (Nogujae)","name_kanji":null,"alt_m":601,"points":2,"region_code":"GB","region_name":"Gyeongbuk","activations":1,"last_activation":"2023-01-23T00:00:00Z"}},{"type":"Feature","geometry":{"type":"Point","coordinates":[128.0222,36.2864]},"properties":{"ref":"HL/GB-235","name":"HL/GB-235","name_kanji":null,"alt_m":601,"points":2,"region_code":"GB","region_name":"Gyeongbuk","activations":1,"last_activation":"2021-11-06T00:00:00Z"}},{"type":"Feature","geometry":{"type":"Point","coordinates":[129.2331,36.2518]},"properties":{"ref":"HL/GB-236","name":"HL/GB-236","name_kanji":null,"alt_m":600,"points":2,"region_code":"GB","region_name":"Gyeongbuk","activations":1,"last_activation":"2024-03-10T00:00:00Z"}},{"type":"Feature","geometry":{"type":"Point","coordinates":[128.2215,36.0383]},"properties":{"ref":"HL/GB-237","name":"HL/GB-237","name_kanji":null,"alt_m":600,"points":2,"region_code":"GB","region_name":"Gyeongbuk","activations":2,"last_activation":"2019-06-19T00:00:00Z"}},{"type":"Feature","geometry":{"type":"Point","coordinates":[128.0261,36.5457]},"properties":{"ref":"HL/GB-238","name":"칠봉산 (Chilbongsan)","name_kanji":null,"alt_m":598,"points":2,"region_code":"GB","region_name":"Gyeongbuk","activations":1,"last_activation":"2023-02-25T00:00:00Z"}},{"type":"Feature","geometry":{"type":"Point","coordinates":[127.9626,36.4176]},"properties":{"ref":"HL/GB-239","name":"원통산 (Wontongsan)","name_kanji":null,"alt_m":597,"points":2,"region_code":"GB","region_name":"Gyeongbuk","activations":2,"last_activation":"2024-04-24T00:00:00Z"}},{"type":"Feature","geometry":{"type":"Point","coordinates":[129.1358,35.8848]},"properties":{"ref":"HL/GB-240","name":"구미산 (Gumisan)","name_kanji":null,"alt_m":594,"points":2,"region_code":"GB","region_name":"Gyeongbuk","activations":1,"last_activation":"2021-02-13T00:00:00Z"}},{"type":"Feature","geometry":{"type":"Point","coordinates":[128.5379,35.6226]},"properties":{"ref":"HL/GB-241","name":"수복산 (Suboksan)","name_kanji":null,"alt_m":593,"points":2,"region_code":"GB","region_name":"Gyeongbuk","activations":2,"last_activation":"2023-11-19T00:00:00Z"}},{"type":"Feature","geometry":{"type":"Point","coordinates":[128.7736,36.2219]},"properties":{"ref":"HL/GB-242","name":"북두산 (Bukdusan)","name_kanji":null,"alt_m":593,"points":2,"region_code":"GB","region_name":"Gyeongbuk","activations":1,"last_activation":"2018-12-15T00:00:00Z"}},{"type":"Feature","geometry":{"type":"Point","coordinates":[128.9373,36.5396]},"properties":{"ref":"HL/GB-243","name":"아기산 (Agisan)","name_kanji":null,"alt_m":591,"points":2,"region_code":"GB","region_name":"Gyeongbuk","activations":2,"last_activation":"2024-06-02T00:00:00Z"}},{"type":"Feature","geometry":{"type":"Point","coordinates":[129.1559,36.0552]},"properties":{"ref":"HL/GB-244","name":"봉좌산 (Bongjwasan)","name_kanji":null,"alt_m":589,"points":2,"region_code":"GB","region_name":"Gyeongbuk","activations":1,"last_activation":"2019-12-01T00:00:00Z"}},{"type":"Feature","geometry":{"type":"Point","coordinates":[128.6977,36.9344]},"properties":{"ref":"HL/GB-245","name":"매봉산 (Maebongsan)","name_kanji":null,"alt_m":587,"points":2,"region_code":"GB","region_name":"Gyeongbuk","activations":1,"last_activation":"2024-05-09T00:00:00Z"}},{"type":"Feature","geometry":{"type":"Point","coordinates":[129.0376,35.7774]},"properties":{"ref":"HL/GB-246","name":"매봉 (Maebong)","name_kanji":null,"alt_m":585,"points":2,"region_code":"GB","region_name":"Gyeongbuk","activations":2,"last_activation":"2021-12-05T00:00:00Z"}},{"type":"Feature","geometry":{"type":"Point","coordinates":[127.9939,36.4657]},"properties":{"ref":"HL/GB-247","name":"괘산 (Gwaesan)","name_kanji":null,"alt_m":585,"points":2,"region_code":"GB","region_name":"Gyeongbuk","activations":1,"last_activation":"2022-03-01T00:00:00Z"}},{"type":"Feature","geometry":{"type":"Point","coordinates":[128.9047,36.4957]},"properties":{"ref":"HL/GB-248","name":"약산 (Yaksan)","name_kanji":null,"alt_m":583,"points":2,"region_code":"GB","region_name":"Gyeongbuk","activations":1,"last_activation":"2024-04-10T00:00:00Z"}},{"type":"Feature","geometry":{"type":"Point","coordinates":[129.1858,36.5793]},"properties":{"ref":"HL/GB-249","name":"HL/GB-249","name_kanji":null,"alt_m":580,"points":2,"region_code":"GB","region_name":"Gyeongbuk","activations":1,"last_activation":"2024-09-01T00:00:00Z"}},{"type":"Feature","geometry":{"type":"Point","coordinates":[127.909,36.3931]},"properties":{"ref":"HL/GB-250","name":"HL/GB-250","name_kanji":null,"alt_m":580,"points":2,"region_code":"GB","region_name":"Gyeongbuk","activations":1,"last_activation":"2024-04-25T00:00:00Z"}},{"type":"Feature","geometry":{"type":"Point","coordinates":[128.2172,36.016]},"properties":{"ref":"HL/GB-251","name":"HL/GB-251","name_kanji":null,"alt_m":580,"points":2,"region_code":"GB","region_name":"Gyeongbuk","activations":1,"last_activation":"2019-06-20T00:00:00Z"}},{"type":"Feature","geometry":{"type":"Point","coordinates":[128.7332,36.7365]},"properties":{"ref":"HL/GB-252","name":"박달산 (Bakdalsan)","name_kanji":null,"alt_m":580,"points":2,"region_code":"GB","region_name":"Gyeongbuk","activations":1,"last_activation":"2024-03-08T00:00:00Z"}},{"type":"Feature","geometry":{"type":"Point","coordinates":[128.3607,36.489]},"properties":{"ref":"HL/GB-253","name":"비봉산 (Bibongsan)","name_kanji":null,"alt_m":579,"points":2,"region_code":"GB","region_name":"Gyeongbuk","activations":5,"last_activation":"2021-12-19T00:00:00Z"}},{"type":"Feature","geometry":{"type":"Point","coordinates":[128.8287,36.1825]},"properties":{"ref":"HL/GB-254","name":"두리봉 (Duribong)","name_kanji":null,"alt_m":579,"points":2,"region_code":"GB","region_name":"Gyeongbuk","activations":2,"last_activation":"2019-12-07T00:00:00Z"}},{"type":"Feature","geometry":{"type":"Point","coordinates":[129.1205,36.0088]},"properties":{"ref":"HL/GB-255","name":"삼성산 (Samseongsan)","name_kanji":null,"alt_m":578,"points":2,"region_code":"GB","region_name":"Gyeongbuk","activations":1,"last_activation":"2019-04-13T00:00:00Z"}},{"type":"Feature","geometry":{"type":"Point","coordinates":[128.9187,36.3778]},"properties":{"ref":"HL/GB-256","name":"금학산 (Geumhaksan)","name_kanji":null,"alt_m":576,"points":2,"region_code":"GB","region_name":"Gyeongbuk","activations":2,"last_activation":"2024-02-24T00:00:00Z"}},{"type":"Feature","geometry":{"type":"Point","coordinates":[128.6639,36.6604]},"properties":{"ref":"HL/GB-257","name":"천등산 (Cheondeungsan)","name_kanji":null,"alt_m":575,"points":2,"region_code":"GB","region_name":"Gyeongbuk","activations":2,"last_activation":"2025-03-27T00:00:00Z"}},{"type":"Feature","geometry":{"type":"Point","coordinates":[129.2959,36.4998]},"properties":{"ref":"HL/GB-258","name":"HL/GB-258","name_kanji":null,"alt_m":575,"points":2,"region_code":"GB","region_name":"Gyeongbuk","activations":1,"last_activation":"2024-07-13T00:00:00Z"}},{"type":"Feature","geometry":{"type":"Point","coordinates":[129.1785,36.0273]},"properties":{"ref":"HL/GB-259","name":"어래산 (Eoraesan)","name_kanji":null,"alt_m":572,"points":2,"region_code":"GB","region_name":"Gyeongbuk","activations":1,"last_activation":"2020-05-26T00:00:00Z"}},{"type":"Feature","geometry":{"type":"Point","coordinates":[128.22,35.8608]},"properties":{"ref":"HL/GB-260","name":"까치산 (Kkachisan)","name_kanji":null,"alt_m":572,"points":2,"region_code":"GB","region_name":"Gyeongbuk","activations":3,"last_activation":"2024-02-08T00:00:00Z"}},{"type":"Feature","geometry":{"type":"Point","coordinates":[128.9369,35.71]},"properties":{"ref":"HL/GB-261","name":"까치산 (Kkachisan)","name_kanji":null,"alt_m":571,"points":2,"region_code":"GB","region_name":"Gyeongbuk","activations":2,"last_activation":"2021-11-20T00:00:00Z"}},{"type":"Feature","geometry":{"type":"Point","coordinates":[128.5664,36.0118]},"properties":{"ref":"HL/GB-262","name":"지마산 (Jimasan)","name_kanji":null,"alt_m":571,"points":2,"region_code":"GB","region_name":"Gyeongbuk","activations":13,"last_activation":"2026-02-08T00:00:00Z"}},{"type":"Feature","geometry":{"type":"Point","coordinates":[129.1444,36.0116]},"properties":{"ref":"HL/GB-263","name":"자옥산 (Jaoksan)","name_kanji":null,"alt_m":570,"points":2,"region_code":"GB","region_name":"Gyeongbuk","activations":1,"last_activation":"2021-03-18T00:00:00Z"}},{"type":"Feature","geometry":{"type":"Point","coordinates":[128.7501,36.4876]},"properties":{"ref":"HL/GB-264","name":"갈라산 (Gallasan)","name_kanji":null,"alt_m":569,"points":2,"region_code":"GB","region_name":"Gyeongbuk","activations":2,"last_activation":"2022-06-11T00:00:00Z"}},{"type":"Feature","geometry":{"type":"Point","coordinates":[128.801,36.2581]},"properties":{"ref":"HL/GB-265","name":"늑두산 (Neukdusan)","name_kanji":null,"alt_m":568,"points":2,"region_code":"GB","region_name":"Gyeongbuk","activations":1,"last_activation":"2024-02-09T00:00:00Z"}},{"type":"Feature","geometry":{"type":"Point","coordinates":[128.0093,36.5332]},"properties":{"ref":"HL/GB-266","name":"HL/GB-266","name_kanji":null,"alt_m":567,"points":2,"region_code":"GB","region_name":"Gyeongbuk","activations":1,"last_activation":"2023-02-25T00:00:00Z"}},{"type":"Feature","geometry":{"type":"Point","coordinates":[129.3185,36.6657]},"properties":{"ref":"HL/GB-267","name":"HL/GB-267","name_kanji":null,"alt_m":567,"points":2,"region_code":"GB","region_name":"Gyeongbuk","activations":2,"last_activation":"2022-04-03T00:00:00Z"}},{"type":"Feature","geometry":{"type":"Point","coordinates":[128.7631,36.1371]},"properties":{"ref":"HL/GB-268","name":"옥녀봉 (Ongnyeobong)","name_kanji":null,"alt_m":564,"points":2,"region_code":"GB","region_name":"Gyeongbuk","activations":1,"last_activation":"2018-12-08T00:00:00Z"}},{"type":"Feature","geometry":{"type":"Point","coordinates":[128.2495,36.0483]},"properties":{"ref":"HL/GB-269","name":"HL/GB-269","name_kanji":null,"alt_m":561,"points":2,"region_code":"GB","region_name":"Gyeongbuk","activations":1,"last_activation":"2020-06-22T00:00:00Z"}},{"type":"Feature","geometry":{"type":"Point","coordinates":[128.0537,36.006]},"properties":{"ref":"HL/GB-270","name":"송림산 (Songnimsan)","name_kanji":null,"alt_m":561,"points":2,"region_code":"GB","region_name":"Gyeongbuk","activations":1,"last_activation":"2020-06-23T00:00:00Z"}},{"type":"Feature","geometry":{"type":"Point","coordinates":[129.0223,36.9353]},"properties":{"ref":"HL/GB-271","name":"HL/GB-271","name_kanji":null,"alt_m":560,"points":2,"region_code":"GB","region_name":"Gyeongbuk","activations":1,"last_activation":"2024-09-15T00:00:00Z"}},{"type":"Feature","geometry":{"type":"Point","coordinates":[129.119,35.7241]},"properties":{"ref":"HL/GB-272","name":"HL/GB-272","name_kanji":null,"alt_m":560,"points":2,"region_code":"GB","region_name":"Gyeongbuk","activations":1,"last_activation":"2023-10-02T00:00:00Z"}},{"type":"Feature","geometry":{"type":"Point","coordinates":[128.0024,36.6775]},"properties":{"ref":"HL/GB-273","name":"HL/GB-273","name_kanji":null,"alt_m":560,"points":2,"region_code":"GB","region_name":"Gyeongbuk","activations":1,"last_activation":"2024-05-22T00:00:00Z"}},{"type":"Feature","geometry":{"type":"Point","coordinates":[128.7875,35.7658]},"properties":{"ref":"HL/GB-274","name":"삼성산 (Samseongsan)","name_kanji":null,"alt_m":554,"points":2,"region_code":"GB","region_name":"Gyeongbuk","activations":15,"last_activation":"2026-02-17T00:00:00Z"}},{"type":"Feature","geometry":{"type":"Point","coordinates":[128.2533,35.8767]},"properties":{"ref":"HL/GB-275","name":"죽전상봉 (Jukjeonsangbong)","name_kanji":null,"alt_m":554,"points":2,"region_code":"GB","region_name":"Gyeongbuk","activations":1,"last_activation":"2018-12-27T00:00:00Z"}},{"type":"Feature","geometry":{"type":"Point","coordinates":[128.7919,36.4741]},"properties":{"ref":"HL/GB-276","name":"기룡산 (Giryongsan)","name_kanji":null,"alt_m":553,"points":2,"region_code":"GB","region_name":"Gyeongbuk","activations":2,"last_activation":"2022-06-11T00:00:00Z"}},{"type":"Feature","geometry":{"type":"Point","coordinates":[128.331,35.7899]},"properties":{"ref":"HL/GB-277","name":"의봉산 (Uibongsan)","name_kanji":null,"alt_m":551,"points":2,"region_code":"GB","region_name":"Gyeongbuk","activations":1,"last_activation":"2018-12-19T00:00:00Z"}},{"type":"Feature","geometry":{"type":"Point","coordinates":[129.0218,35.7132]},"properties":{"ref":"HL/GB-278","name":"HL/GB-278","name_kanji":null,"alt_m":549,"points":2,"region_code":"GB","region_name":"Gyeongbuk","activations":1,"last_activation":"2020-08-30T00:00:00Z"}},{"type":"Feature","geometry":{"type":"Point","coordinates":[128.5122,36.7924]},"properties":{"ref":"HL/GB-279","name":"주마산 (Jumasan)","name_kanji":null,"alt_m":544,"points":2,"region_code":"GB","region_name":"Gyeongbuk","activations":1,"last_activation":"2024-06-12T00:00:00Z"}},{"type":"Feature","geometry":{"type":"Point","coordinates":[128.0492,36.6484]},"properties":{"ref":"HL/GB-280","name":"옥녀봉 (Ongnyeobong)","name_kanji":null,"alt_m":542,"points":2,"region_code":"GB","region_name":"Gyeongbuk","activations":1,"last_activation":"2024-05-22T00:00:00Z"}},{"type":"Feature","geometry":{"type":"Point","coordinates":[128.0399,36.2949]},"properties":{"ref":"HL/GB-281","name":"HL/GB-281","name_kanji":null,"alt_m":542,"points":2,"region_code":"GB","region_name":"Gyeongbuk","activations":3,"last_activation":"2021-10-23T00:00:00Z"}},{"type":"Feature","geometry":{"type":"Point","coordinates":[128.0541,36.3657]},"properties":{"ref":"HL/GB-282","name":"HL/GB-282","name_kanji":null,"alt_m":542,"points":2,"region_code":"GB","region_name":"Gyeongbuk","activations":1,"last_activation":"2021-12-31T00:00:00Z"}},{"type":"Feature","geometry":{"type":"Point","coordinates":[129.033,36.2624]},"properties":{"ref":"HL/GB-283","name":"HL/GB-283","name_kanji":null,"alt_m":540,"points":2,"region_code":"GB","region_name":"Gyeongbuk","activations":1,"last_activation":"2024-03-01T00:00:00Z"}},{"type":"Feature","geometry":{"type":"Point","coordinates":[128.8557,36.7658]},"properties":{"ref":"HL/GB-284","name":"건지산 (Geonjisan)","name_kanji":null,"alt_m":539,"points":2,"region_code":"GB","region_name":"Gyeongbuk","activations":1,"last_activation":"2024-03-08T00:00:00Z"}},{"type":"Feature","geometry":{"type":"Point","coordinates":[129.1019,35.92]},"properties":{"ref":"HL/GB-285","name":"인내산 (Innaesan)","name_kanji":null,"alt_m":536,"points":2,"region_code":"GB","region_name":"Gyeongbuk","activations":1,"last_activation":"2019-06-17T00:00:00Z"}},{"type":"Feature","geometry":{"type":"Point","coordinates":[128.1567,36.7746]},"properties":{"ref":"HL/GB-286","name":"시루봉 (Sirubong)","name_kanji":null,"alt_m":531,"points":2,"region_code":"GB","region_name":"Gyeongbuk","activations":1,"last_activation":"2024-06-05T00:00:00Z"}},{"type":"Feature","geometry":{"type":"Point","coordinates":[129.2623,35.7385]},"properties":{"ref":"HL/GB-287","name":"마석산 (Maseoksan)","name_kanji":null,"alt_m":531,"points":2,"region_code":"GB","region_name":"Gyeongbuk","activations":1,"last_activation":"2023-07-02T00:00:00Z"}},{"type":"Feature","geometry":{"type":"Point","coordinates":[129.136,35.774]},"properties":{"ref":"HL/GB-288","name":"HL/GB-288","name_kanji":null,"alt_m":531,"points":2,"region_code":"GB","region_name":"Gyeongbuk","activations":1,"last_activation":"2023-10-02T00:00:00Z"}},{"type":"Feature","geometry":{"type":"Point","coordinates":[128.2763,36.2689]},"properties":{"ref":"HL/GB-289","name":"형제봉 (Hyeongjebong)","name_kanji":null,"alt_m":531,"points":2,"region_code":"GB","region_name":"Gyeongbuk","activations":8,"last_activation":"2025-12-20T00:00:00Z"}},{"type":"Feature","geometry":{"type":"Point","coordinates":[128.9937,36.5465]},"properties":{"ref":"HL/GB-290","name":"고산 (Gosan)","name_kanji":null,"alt_m":529,"points":2,"region_code":"GB","region_name":"Gyeongbuk","activations":1,"last_activation":"2022-06-12T00:00:00Z"}},{"type":"Feature","geometry":{"type":"Point","coordinates":[128.5404,36.6359]},"properties":{"ref":"HL/GB-291","name":"HL/GB-291","name_kanji":null,"alt_m":528,"points":2,"region_code":"GB","region_name":"Gyeongbuk","activations":2,"last_activation":"2021-10-17T00:00:00Z"}},{"type":"Feature","geometry":{"type":"Point","coordinates":[128.1622,35.9133]},"properties":{"ref":"HL/GB-292","name":"도장골산 (Dojanggolsan)","name_kanji":null,"alt_m":527,"points":2,"region_code":"GB","region_name":"Gyeongbuk","activations":1,"last_activation":"2020-06-22T00:00:00Z"}},{"type":"Feature","geometry":{"type":"Point","coordinates":[128.7593,36.4696]},"properties":{"ref":"HL/GB-293","name":"등운산 (Deungunsan)","name_kanji":null,"alt_m":524,"points":2,"region_code":"GB","region_name":"Gyeongbuk","activations":2,"last_activation":"2022-06-11T00:00:00Z"}},{"type":"Feature","geometry":{"type":"Point","coordinates":[128.1976,36.3861]},"properties":{"ref":"HL/GB-294","name":"백원산 (Baegwonsan)","name_kanji":null,"alt_m":524,"points":2,"region_code":"GB","region_name":"Gyeongbuk","activations":1,"last_activation":"2020-03-06T00:00:00Z"}},{"type":"Feature","geometry":{"type":"Point","coordinates":[128.5187,35.9907]},"properties":{"ref":"HL/GB-295","name":"건령산 (Geollyeongsan)","name_kanji":null,"alt_m":522,"points":2,"region_code":"GB","region_name":"Gyeongbuk","activations":16,"last_activation":"2026-02-03T00:00:00Z"}},{"type":"Feature","geometry":{"type":"Point","coordinates":[128.4982,36.4324]},"properties":{"ref":"HL/GB-296","name":"국사봉 (Guksabong)","name_kanji":null,"alt_m":521,"points":2,"region_code":"GB","region_name":"Gyeongbuk","activations":1,"last_activation":"2023-07-30T00:00:00Z"}},{"type":"Feature","geometry":{"type":"Point","coordinates":[128.2533,36.3028]},"properties":{"ref":"HL/GB-297","name":"옥녀봉 (Ongnyeobong)","name_kanji":null,"alt_m":520,"points":2,"region_code":"GB","region_name":"Gyeongbuk","activations":4,"last_activation":"2025-12-20T00:00:00Z"}},{"type":"Feature","geometry":{"type":"Point","coordinates":[129.17,35.9314]},"properties":{"ref":"HL/GB-298","name":"금곡산 (Geumgoksan)","name_kanji":null,"alt_m":520,"points":2,"region_code":"GB","region_name":"Gyeongbuk","activations":1,"last_activation":"2021-03-18T00:00:00Z"}},{"type":"Feature","geometry":{"type":"Point","coordinates":[129.0632,36.1263]},"properties":{"ref":"HL/GB-299","name":"HL/GB-299","name_kanji":null,"alt_m":520,"points":2,"region_code":"GB","region_name":"Gyeongbuk","activations":1,"last_activation":"2023-01-23T00:00:00Z"}},{"type":"Feature","geometry":{"type":"Point","coordinates":[128.8316,36.1557]},"properties":{"ref":"HL/GB-300","name":"HL/GB-300","name_kanji":null,"alt_m":520,"points":2,"region_code":"GB","region_name":"Gyeongbuk","activations":1,"last_activation":"2021-06-13T00:00:00Z"}},{"type":"Feature","geometry":{"type":"Point","coordinates":[127.9909,36.4361]},"properties":{"ref":"HL/GB-301","name":"윤지미산 (Yunjimisan)","name_kanji":null,"alt_m":520,"points":2,"region_code":"GB","region_name":"Gyeongbuk","activations":5,"last_activation":"2022-03-27T00:00:00Z"}},{"type":"Feature","geometry":{"type":"Point","coordinates":[128.7024,36.7222]},"properties":{"ref":"HL/GB-302","name":"HL/GB-302","name_kanji":null,"alt_m":520,"points":2,"region_code":"GB","region_name":"Gyeongbuk","activations":1,"last_activation":"2024-03-08T00:00:00Z"}},{"type":"Feature","geometry":{"type":"Point","coordinates":[129.063,36.4462]},"properties":{"ref":"HL/GB-303","name":"방광산 (Banggwangsan)","name_kanji":null,"alt_m":519,"points":2,"region_code":"GB","region_name":"Gyeongbuk","activations":2,"last_activation":"2024-05-27T00:00:00Z"}},{"type":"Feature","geometry":{"type":"Point","coordinates":[129.0621,36.0565]},"properties":{"ref":"HL/GB-304","name":"HL/GB-304","name_kanji":null,"alt_m":518,"points":2,"region_code":"GB","region_name":"Gyeongbuk","activations":1,"last_activation":"2023-01-23T00:00:00Z"}},{"type":"Feature","geometry":{"type":"Point","coordinates":[129.2917,36.6059]},"properties":{"ref":"HL/GB-305","name":"운서산 (Unseosan)","name_kanji":null,"alt_m":515,"points":2,"region_code":"GB","region_name":"Gyeongbuk","activations":1,"last_activation":"2024-09-18T00:00:00Z"}},{"type":"Feature","geometry":{"type":"Point","coordinates":[128.5672,35.6012]},"properties":{"ref":"HL/GB-306","name":"묘봉산 (Myobongsan)","name_kanji":null,"alt_m":514,"points":2,"region_code":"GB","region_name":"Gyeongbuk","activations":2,"last_activation":"2021-08-07T00:00:00Z"}},{"type":"Feature","geometry":{"type":"Point","coordinates":[128.2469,36.134]},"properties":{"ref":"HL/GB-307","name":"제석봉 (Jeseokbong)","name_kanji":null,"alt_m":511,"points":2,"region_code":"GB","region_name":"Gyeongbuk","activations":11,"last_activation":"2023-01-17T00:00:00Z"}},{"type":"Feature","geometry":{"type":"Point","coordinates":[129.1346,35.9323]},"properties":{"ref":"HL/GB-308","name":"어림산 (Eorimsan)","name_kanji":null,"alt_m":510,"points":2,"region_code":"GB","region_name":"Gyeongbuk","activations":1,"last_activation":"2019-04-13T00:00:00Z"}},{"type":"Feature","geometry":{"type":"Point","coordinates":[128.0907,36.3256]},"properties":{"ref":"HL/GB-309","name":"서산 (Seosan)","name_kanji":null,"alt_m":509,"points":2,"region_code":"GB","region_name":"Gyeongbuk","activations":4,"last_activation":"2022-01-22T00:00:00Z"}},{"type":"Feature","geometry":{"type":"Point","coordinates":[128.2307,36.3307]},"properties":{"ref":"HL/GB-310","name":"복우산 (Bogusan)","name_kanji":null,"alt_m":509,"points":2,"region_code":"GB","region_name":"Gyeongbuk","activations":3,"last_activation":"2021-12-04T00:00:00Z"}},{"type":"Feature","geometry":{"type":"Point","coordinates":[128.7166,36.7597]},"properties":{"ref":"HL/GB-311","name":"영지산 (Yeongjisan)","name_kanji":null,"alt_m":505,"points":2,"region_code":"GB","region_name":"Gyeongbuk","activations":1,"last_activation":"2024-03-08T00:00:00Z"}},{"type":"Feature","geometry":{"type":"Point","coordinates":[129.0926,36.4277]},"properties":{"ref":"HL/GB-312","name":"HL/GB-312","name_kanji":null,"alt_m":500,"points":2,"region_code":"GB","region_name":"Gyeongbuk","activations":1,"last_activation":"2024-06-14T00:00:00Z"}},{"type":"Feature","geometry":{"type":"Point","coordinates":[128.3522,36.3503]},"properties":{"ref":"HL/GB-313","name":"만경산 (Mangyeongsan)","name_kanji":null,"alt_m":499,"points":1,"region_code":"GB","region_name":"Gyeongbuk","activations":2,"last_activation":"2020-11-12T00:00:00Z"}},{"type":"Feature","geometry":{"type":"Point","coordinates":[128.943,35.8902]},"properties":{"ref":"HL/GB-314","name":"채약산 (Chaeyaksan)","name_kanji":null,"alt_m":499,"points":1,"region_code":"GB","region_name":"Gyeongbuk","activations":1,"last_activation":"2019-11-15T00:00:00Z"}},{"type":"Feature","geometry":{"type":"Point","coordinates":[128.8942,35.7366]},"properties":{"ref":"HL/GB-315","name":"HL/GB-315","name_kanji":null,"alt_m":498,"points":1,"region_code":"GB","region_name":"Gyeongbuk","activations":2,"last_activation":"2023-11-04T00:00:00Z"}},{"type":"Feature","geometry":{"type":"Point","coordinates":[129.3439,36.774]},"properties":{"ref":"HL/GB-316","name":"형제봉 (Hyeongjebong)","name_kanji":null,"alt_m":495,"points":1,"region_code":"GB","region_name":"Gyeongbuk","activations":1,"last_activation":"2024-10-08T00:00:00Z"}},{"type":"Feature","geometry":{"type":"Point","coordinates":[129.2254,35.7673]},"properties":{"ref":"HL/GB-317","name":"금오산 (Geumosan)","name_kanji":null,"alt_m":495,"points":1,"region_code":"GB","region_name":"Gyeongbuk","activations":4,"last_activation":"2023-10-02T00:00:00Z"}},{"type":"Feature","geometry":{"type":"Point","coordinates":[129.3671,36.8389]},"properties":{"ref":"HL/GB-318","name":"HL/GB-318","name_kanji":null,"alt_m":494,"points":1,"region_code":"GB","region_name":"Gyeongbuk","activations":1,"last_activation":"2024-10-03T00:00:00Z"}},{"type":"Feature","geometry":{"type":"Point","coordinates":[129.3459,36.744]},"properties":{"ref":"HL/GB-319","name":"서화산 (Seohwasan)","name_kanji":null,"alt_m":493,"points":1,"region_code":"GB","region_name":"Gyeongbuk","activations":1,"last_activation":"2022-07-31T00:00:00Z"}},{"type":"Feature","geometry":{"type":"Point","coordinates":[129.1367,36.6771]},"properties":{"ref":"HL/GB-320","name":"HL/GB-320","name_kanji":null,"alt_m":492,"points":1,"region_code":"GB","region_name":"Gyeongbuk","activations":1,"last_activation":"2024-09-08T00:00:00Z"}},{"type":"Feature","geometry":{"type":"Point","coordinates":[129.0463,36.5551]},"properties":{"ref":"HL/GB-321","name":"광덕산 (Gwangdeoksan)","name_kanji":null,"alt_m":489,"points":1,"region_code":"GB","region_name":"Gyeongbuk","activations":1,"last_activation":"2022-06-12T00:00:00Z"}},{"type":"Feature","geometry":{"type":"Point","coordinates":[128.6718,36.7067]},"properties":{"ref":"HL/GB-322","name":"불로봉 (Bullobong)","name_kanji":null,"alt_m":482,"points":1,"region_code":"GB","region_name":"Gyeongbuk","activations":1,"last_activation":"2024-06-17T00:00:00Z"}},{"type":"Feature","geometry":{"type":"Point","coordinates":[128.0944,36.1059]},"properties":{"ref":"HL/GB-323","name":"고성산 (Goseongsan)","name_kanji":null,"alt_m":482,"points":1,"region_code":"GB","region_name":"Gyeongbuk","activations":12,"last_activation":"2025-09-26T00:00:00Z"}},{"type":"Feature","geometry":{"type":"Point","coordinates":[129.0105,36.5098]},"properties":{"ref":"HL/GB-324","name":"HL/GB-324","name_kanji":null,"alt_m":481,"points":1,"region_code":"GB","region_name":"Gyeongbuk","activations":2,"last_activation":"2024-06-21T00:00:00Z"}},{"type":"Feature","geometry":{"type":"Point","coordinates":[128.5862,36.0025]},"properties":{"ref":"HL/GB-325","name":"HL/GB-325","name_kanji":null,"alt_m":480,"points":1,"region_code":"GB","region_name":"Gyeongbuk","activations":3,"last_activation":"2025-12-28T00:00:00Z"}},{"type":"Feature","geometry":{"type":"Point","coordinates":[128.0248,36.4692]},"properties":{"ref":"HL/GB-326","name":"HL/GB-326","name_kanji":null,"alt_m":480,"points":1,"region_code":"GB","region_name":"Gyeongbuk","activations":1,"last_activation":"2024-04-25T00:00:00Z"}},{"type":"Feature","geometry":{"type":"Point","coordinates":[128.6046,36.1628]},"properties":{"ref":"HL/GB-327","name":"매봉산 (Maebongsan)","name_kanji":null,"alt_m":480,"points":1,"region_code":"GB","region_name":"Gyeongbuk","activations":1,"last_activation":"2019-11-05T00:00:00Z"}},{"type":"Feature","geometry":{"type":"Point","coordinates":[128.7241,36.315]},"properties":{"ref":"HL/GB-328","name":"오토산 (Otosan)","name_kanji":null,"alt_m":475,"points":1,"region_code":"GB","region_name":"Gyeongbuk","activations":1,"last_activation":"2024-03-17T00:00:00Z"}},{"type":"Feature","geometry":{"type":"Point","coordinates":[129.1902,35.9556]},"properties":{"ref":"HL/GB-329","name":"무릉산 (Mureungsan)","name_kanji":null,"alt_m":472,"points":1,"region_code":"GB","region_name":"Gyeongbuk","activations":1,"last_activation":"2020-08-25T00:00:00Z"}},{"type":"Feature","geometry":{"type":"Point","coordinates":[128.4267,36.4612]},"properties":{"ref":"HL/GB-330","name":"HL/GB-330","name_kanji":null,"alt_m":466,"points":1,"region_code":"GB","region_name":"Gyeongbuk","activations":1,"last_activation":"2023-07-30T00:00:00Z"}},{"type":"Feature","geometry":{"type":"Point","coordinates":[128.8109,36.6198]},"properties":{"ref":"HL/GB-331","name":"와룡산 (Waryongsan)","name_kanji":null,"alt_m":461,"points":1,"region_code":"GB","region_name":"Gyeongbuk","activations":1,"last_activation":"2024-06-17T00:00:00Z"}},{"type":"Feature","geometry":{"type":"Point","coordinates":[128.8422,35.619]},"properties":{"ref":"HL/GB-332","name":"HL/GB-332","name_kanji":null,"alt_m":460,"points":1,"region_code":"GB","region_name":"Gyeongbuk","activations":2,"last_activation":"2023-07-23T00:00:00Z"}},{"type":"Feature","geometry":{"type":"Point","coordinates":[129.2662,36.386]},"properties":{"ref":"HL/GB-333","name":"HL/GB-333","name_kanji":null,"alt_m":460,"points":1,"region_code":"GB","region_name":"Gyeongbuk","activations":1,"last_activation":"2023-11-12T00:00:00Z"}},{"type":"Feature","geometry":{"type":"Point","coordinates":[128.1878,36.2383]},"properties":{"ref":"HL/GB-334","name":"우태산 (Utaesan)","name_kanji":null,"alt_m":460,"points":1,"region_code":"GB","region_name":"Gyeongbuk","activations":2,"last_activation":"2019-11-16T00:00:00Z"}},{"type":"Feature","geometry":{"type":"Point","coordinates":[128.4272,36.4425]},"properties":{"ref":"HL/GB-335","name":"문암산 (Munamsan)","name_kanji":null,"alt_m":460,"points":1,"region_code":"GB","region_name":"Gyeongbuk","activations":1,"last_activation":"2023-07-30T00:00:00Z"}},{"type":"Feature","geometry":{"type":"Point","coordinates":[128.3297,35.9782]},"properties":{"ref":"HL/GB-336","name":"봉화산 (Bonghwasan)","name_kanji":null,"alt_m":458,"points":1,"region_code":"GB","region_name":"Gyeongbuk","activations":1,"last_activation":"2019-07-01T00:00:00Z"}},{"type":"Feature","geometry":{"type":"Point","coordinates":[128.0791,36.4691]},"properties":{"ref":"HL/GB-337","name":"HL/GB-337","name_kanji":null,"alt_m":455,"points":1,"region_code":"GB","region_name":"Gyeongbuk","activations":1,"last_activation":"2024-04-24T00:00:00Z"}},{"type":"Feature","geometry":{"type":"Point","coordinates":[128.2541,36.3609]},"properties":{"ref":"HL/GB-338","name":"삼봉산 (Sambongsan)","name_kanji":null,"alt_m":448,"points":1,"region_code":"GB","region_name":"Gyeongbuk","activations":1,"last_activation":"2019-04-27T00:00:00Z"}},{"type":"Feature","geometry":{"type":"Point","coordinates":[128.0845,36.4995]},"properties":{"ref":"HL/GB-339","name":"HL/GB-339","name_kanji":null,"alt_m":447,"points":1,"region_code":"GB","region_name":"Gyeongbuk","activations":1,"last_activation":"2024-04-23T00:00:00Z"}},{"type":"Feature","geometry":{"type":"Point","coordinates":[128.9732,35.8987]},"properties":{"ref":"HL/GB-340","name":"예향산 (Yehyangsan)","name_kanji":null,"alt_m":447,"points":1,"region_code":"GB","region_name":"Gyeongbuk","activations":1,"last_activation":"2019-11-29T00:00:00Z"}},{"type":"Feature","geometry":{"type":"Point","coordinates":[127.9798,36.3382]},"properties":{"ref":"HL/GB-341","name":"대가산 (Daegasan)","name_kanji":null,"alt_m":446,"points":1,"region_code":"GB","region_name":"Gyeongbuk","activations":1,"last_activation":"2024-03-30T00:00:00Z"}},{"type":"Feature","geometry":{"type":"Point","coordinates":[128.8308,36.6066]},"properties":{"ref":"HL/GB-342","name":"HL/GB-342","name_kanji":null,"alt_m":445,"points":1,"region_code":"GB","region_name":"Gyeongbuk","activations":1,"last_activation":"2020-10-18T00:00:00Z"}},{"type":"Feature","geometry":{"type":"Point","coordinates":[128.5665,36.4514]},"properties":{"ref":"HL/GB-343","name":"삼표당 (Sampyodang)","name_kanji":null,"alt_m":444,"points":1,"region_code":"GB","region_name":"Gyeongbuk","activations":2,"last_activation":"2024-03-29T00:00:00Z"}},{"type":"Feature","geometry":{"type":"Point","coordinates":[128.8222,36.7243]},"properties":{"ref":"HL/GB-344","name":"영지산 (Yeongjisan)","name_kanji":null,"alt_m":443,"points":1,"region_code":"GB","region_name":"Gyeongbuk","activations":1,"last_activation":"2024-06-18T00:00:00Z"}},{"type":"Feature","geometry":{"type":"Point","coordinates":[128.0345,36.4363]},"properties":{"ref":"HL/GB-345","name":"소머리산 (Someorisan)","name_kanji":null,"alt_m":442,"points":1,"region_code":"GB","region_name":"Gyeongbuk","activations":1,"last_activation":"2024-04-25T00:00:00Z"}},{"type":"Feature","geometry":{"type":"Point","coordinates":[129.2949,36.591]},"properties":{"ref":"HL/GB-346","name":"HL/GB-346","name_kanji":null,"alt_m":440,"points":1,"region_code":"GB","region_name":"Gyeongbuk","activations":1,"last_activation":"2024-09-18T00:00:00Z"}},{"type":"Feature","geometry":{"type":"Point","coordinates":[128.5317,36.4264]},"properties":{"ref":"HL/GB-347","name":"HL/GB-347","name_kanji":null,"alt_m":440,"points":1,"region_code":"GB","region_name":"Gyeongbuk","activations":1,"last_activation":"2023-07-30T00:00:00Z"}},{"type":"Feature","geometry":{"type":"Point","coordinates":[129.1003,35.974]},"properties":{"ref":"HL/GB-348","name":"무학산 (Muhaksan)","name_kanji":null,"alt_m":440,"points":1,"region_code":"GB","region_name":"Gyeongbuk","activations":1,"last_activation":"2023-11-05T00:00:00Z"}},{"type":"Feature","geometry":{"type":"Point","coordinates":[128.5947,36.2623]},"properties":{"ref":"HL/GB-349","name":"선방산 (Seonbangsan)","name_kanji":null,"alt_m":437,"points":1,"region_code":"GB","region_name":"Gyeongbuk","activations":1,"last_activation":"2019-11-06T00:00:00Z"}},{"type":"Feature","geometry":{"type":"Point","coordinates":[128.1432,36.4421]},"properties":{"ref":"HL/GB-350","name":"천봉산 (Cheonbongsan)","name_kanji":null,"alt_m":436,"points":1,"region_code":"GB","region_name":"Gyeongbuk","activations":2,"last_activation":"2023-04-29T00:00:00Z"}},{"type":"Feature","geometry":{"type":"Point","coordinates":[128.863,35.7706]},"properties":{"ref":"HL/GB-351","name":"용산 (Yongsan)","name_kanji":null,"alt_m":435,"points":1,"region_code":"GB","region_name":"Gyeongbuk","activations":1,"last_activation":"2019-11-14T00:00:00Z"}},{"type":"Feature","geometry":{"type":"Point","coordinates":[128.8724,35.8422]},"properties":{"ref":"HL/GB-352","name":"아방산 (Abangsan)","name_kanji":null,"alt_m":432,"points":1,"region_code":"GB","region_name":"Gyeongbuk","activations":1,"last_activation":"2019-11-14T00:00:00Z"}},{"type":"Feature","geometry":{"type":"Point","coordinates":[128.8769,35.6886]},"properties":{"ref":"HL/GB-353","name":"갓등산 (Gatdeungsan)","name_kanji":null,"alt_m":427,"points":1,"region_code":"GB","region_name":"Gyeongbuk","activations":2,"last_activation":"2023-07-23T00:00:00Z"}},{"type":"Feature","geometry":{"type":"Point","coordinates":[128.4341,36.08]},"properties":{"ref":"HL/GB-354","name":"봉두암산 (Bongduamsan)","name_kanji":null,"alt_m":427,"points":1,"region_code":"GB","region_name":"Gyeongbuk","activations":4,"last_activation":"2023-09-02T00:00:00Z"}},{"type":"Feature","geometry":{"type":"Point","coordinates":[128.3673,36.3338]},"properties":{"ref":"HL/GB-355","name":"장자봉 (Jangjabong)","name_kanji":null,"alt_m":422,"points":1,"region_code":"GB","region_name":"Gyeongbuk","activations":2,"last_activation":"2020-11-12T00:00:00Z"}},{"type":"Feature","geometry":{"type":"Point","coordinates":[128.2904,36.4615]},"properties":{"ref":"HL/GB-356","name":"건지봉 (Geonjibong)","name_kanji":null,"alt_m":421,"points":1,"region_code":"GB","region_name":"Gyeongbuk","activations":1,"last_activation":"2023-04-30T00:00:00Z"}},{"type":"Feature","geometry":{"type":"Point","coordinates":[129.3597,35.9156]},"properties":{"ref":"HL/GB-357","name":"HL/GB-357","name_kanji":null,"alt_m":420,"points":1,"region_code":"GB","region_name":"Gyeongbuk","activations":2,"last_activation":"2024-06-25T00:00:00Z"}},{"type":"Feature","geometry":{"type":"Point","coordinates":[128.5815,35.6451]},"properties":{"ref":"HL/GB-358","name":"HL/GB-358","name_kanji":null,"alt_m":417,"points":1,"region_code":"GB","region_name":"Gyeongbuk","activations":2,"last_activation":"2022-11-20T00:00:00Z"}},{"type":"Feature","geometry":{"type":"Point","coordinates":[128.0775,36.6557]},"properties":{"ref":"HL/GB-359","name":"HL/GB-359","name_kanji":null,"alt_m":414,"points":1,"region_code":"GB","region_name":"Gyeongbuk","activations":1,"last_activation":"2024-06-01T00:00:00Z"}},{"type":"Feature","geometry":{"type":"Point","coordinates":[128.2264,35.6414]},"properties":{"ref":"HL/GB-360","name":"시리봉 (Siribong)","name_kanji":null,"alt_m":408,"points":1,"region_code":"GB","region_name":"Gyeongbuk","activations":2,"last_activation":"2020-06-20T00:00:00Z"}},{"type":"Feature","geometry":{"type":"Point","coordinates":[128.4573,36.1088]},"properties":{"ref":"HL/GB-361","name":"천생산 (Cheonsaengsan)","name_kanji":null,"alt_m":407,"points":1,"region_code":"GB","region_name":"Gyeongbuk","activations":6,"last_activation":"2023-09-02T00:00:00Z"}},{"type":"Feature","geometry":{"type":"Point","coordinates":[128.3023,36.1728]},"properties":{"ref":"HL/GB-362","name":"꺼먼재산 (Kkeomeonjaesan)","name_kanji":null,"alt_m":401,"points":1,"region_code":"GB","region_name":"Gyeongbuk","activations":8,"last_activation":"2023-04-08T00:00:00Z"}},{"type":"Feature","geometry":{"type":"Point","coordinates":[128.4865,36.5147]},"properties":{"ref":"HL/GB-363","name":"봉화산 (Bonghwasan)","name_kanji":null,"alt_m":401,"points":1,"region_code":"GB","region_name":"Gyeongbuk","activations":1,"last_activation":"2024-03-31T00:00:00Z"}},{"type":"Feature","geometry":{"type":"Point","coordinates":[128.565,36.1413]},"properties":{"ref":"HL/GB-364","name":"HL/GB-364","name_kanji":null,"alt_m":400,"points":1,"region_code":"GB","region_name":"Gyeongbuk","activations":1,"last_activation":"2019-11-01T00:00:00Z"}},{"type":"Feature","geometry":{"type":"Point","coordinates":[128.5876,36.2166]},"properties":{"ref":"HL/GB-365","name":"마정산 (Majeongsan)","name_kanji":null,"alt_m":400,"points":1,"region_code":"GB","region_name":"Gyeongbuk","activations":1,"last_activation":"2019-11-05T00:00:00Z"}},{"type":"Feature","geometry":{"type":"Point","coordinates":[129.2659,36.439]},"properties":{"ref":"HL/GB-366","name":"막고산 (Makgosan)","name_kanji":null,"alt_m":397,"points":1,"region_code":"GB","region_name":"Gyeongbuk","activations":1,"last_activation":"2024-07-13T00:00:00Z"}},{"type":"Feature","geometry":{"type":"Point","coordinates":[128.728,36.4071]},"properties":{"ref":"HL/GB-367","name":"건마산 (Geonmasan)","name_kanji":null,"alt_m":396,"points":1,"region_code":"GB","region_name":"Gyeongbuk","activations":1,"last_activation":"2024-03-17T00:00:00Z"}},{"type":"Feature","geometry":{"type":"Point","coordinates":[129.0603,35.9322]},"properties":{"ref":"HL/GB-368","name":"관산 (Gwansan)","name_kanji":null,"alt_m":394,"points":1,"region_code":"GB","region_name":"Gyeongbuk","activations":2,"last_activation":"2025-11-15T00:00:00Z"}},{"type":"Feature","geometry":{"type":"Point","coordinates":[128.2156,36.2274]},"properties":{"ref":"HL/GB-369","name":"광덕산 (Gwangdeoksan)","name_kanji":null,"alt_m":394,"points":1,"region_code":"GB","region_name":"Gyeongbuk","activations":1,"last_activation":"2019-10-30T00:00:00Z"}},{"type":"Feature","geometry":{"type":"Point","coordinates":[128.6839,36.8153]},"properties":{"ref":"HL/GB-370","name":"박봉산 (Bakbongsan)","name_kanji":null,"alt_m":390,"points":1,"region_code":"GB","region_name":"Gyeongbuk","activations":2,"last_activation":"2024-06-17T00:00:00Z"}},{"type":"Feature","geometry":{"type":"Point","coordinates":[129.3915,36.704]},"properties":{"ref":"HL/GB-371","name":"응봉산 (Eungbongsan)","name_kanji":null,"alt_m":389,"points":1,"region_code":"GB","region_name":"Gyeongbuk","activations":1,"last_activation":"2024-09-18T00:00:00Z"}},{"type":"Feature","geometry":{"type":"Point","coordinates":[128.3051,35.8098]},"properties":{"ref":"HL/GB-372","name":"HL/GB-372","name_kanji":null,"alt_m":388,"points":1,"region_code":"GB","region_name":"Gyeongbuk","activations":1,"last_activation":"2020-10-19T00:00:00Z"}},{"type":"Feature","geometry":{"type":"Point","coordinates":[128.365,35.7297]},"properties":{"ref":"HL/GB-373","name":"제석산 (Jeseoksan)","name_kanji":null,"alt_m":387,"points":1,"region_code":"GB","region_name":"Gyeongbuk","activations":1,"last_activation":"2018-12-18T00:00:00Z"}},{"type":"Feature","geometry":{"type":"Point","coordinates":[128.2508,36.5109]},"properties":{"ref":"HL/GB-374","name":"마리산 (Marisan)","name_kanji":null,"alt_m":385,"points":1,"region_code":"GB","region_name":"Gyeongbuk","activations":4,"last_activation":"2025-10-18T00:00:00Z"}},{"type":"Feature","geometry":{"type":"Point","coordinates":[129.4123,35.7432]},"properties":{"ref":"HL/GB-375","name":"우산 (Usan)","name_kanji":null,"alt_m":385,"points":1,"region_code":"GB","region_name":"Gyeongbuk","activations":1,"last_activation":"2024-06-25T00:00:00Z"}},{"type":"Feature","geometry":{"type":"Point","coordinates":[129.2779,36.0766]},"properties":{"ref":"HL/GB-376","name":"도음산 (Doeumsan)","name_kanji":null,"alt_m":383,"points":1,"region_code":"GB","region_name":"Gyeongbuk","activations":2,"last_activation":"2024-02-27T00:00:00Z"}},{"type":"Feature","geometry":{"type":"Point","coordinates":[128.3135,35.8996]},"properties":{"ref":"HL/GB-377","name":"성산 (Seongsan)","name_kanji":null,"alt_m":383,"points":1,"region_code":"GB","region_name":"Gyeongbuk","activations":1,"last_activation":"2022-09-09T00:00:00Z"}},{"type":"Feature","geometry":{"type":"Point","coordinates":[128.4125,36.6659]},"properties":{"ref":"HL/GB-378","name":"백마산 (Baengmasan)","name_kanji":null,"alt_m":383,"points":1,"region_code":"GB","region_name":"Gyeongbuk","activations":1,"last_activation":"2024-06-12T00:00:00Z"}},{"type":"Feature","geometry":{"type":"Point","coordinates":[128.8136,36.5507]},"properties":{"ref":"HL/GB-379","name":"HL/GB-379","name_kanji":null,"alt_m":383,"points":1,"region_code":"GB","region_name":"Gyeongbuk","activations":1,"last_activation":"2024-04-07T00:00:00Z"}},{"type":"Feature","geometry":{"type":"Point","coordinates":[129.1749,35.8339]},"properties":{"ref":"HL/GB-380","name":"선도산 (Seondosan)","name_kanji":null,"alt_m":381,"points":1,"region_code":"GB","region_name":"Gyeongbuk","activations":1,"last_activation":"2022-07-23T00:00:00Z"}},{"type":"Feature","geometry":{"type":"Point","coordinates":[128.253,36.0161]},"properties":{"ref":"HL/GB-381","name":"HL/GB-381","name_kanji":null,"alt_m":380,"points":1,"region_code":"GB","region_name":"Gyeongbuk","activations":2,"last_activation":"2020-10-06T00:00:00Z"}},{"type":"Feature","geometry":{"type":"Point","coordinates":[128.1018,36.7307]},"properties":{"ref":"HL/GB-382","name":"잣밭산 (Jatbatsan)","name_kanji":null,"alt_m":377,"points":1,"region_code":"GB","region_name":"Gyeongbuk","activations":1,"last_activation":"2024-06-01T00:00:00Z"}},{"type":"Feature","geometry":{"type":"Point","coordinates":[128.3275,36.1841]},"properties":{"ref":"HL/GB-383","name":"접성산 (Jeopseongsan)","name_kanji":null,"alt_m":374,"points":1,"region_code":"GB","region_name":"Gyeongbuk","activations":8,"last_activation":"2023-04-08T00:00:00Z"}},{"type":"Feature","geometry":{"type":"Point","coordinates":[128.6263,36.5049]},"properties":{"ref":"HL/GB-384","name":"백자산 (Baekjabong)","name_kanji":null,"alt_m":369,"points":1,"region_code":"GB","region_name":"Gyeongbuk","activations":2,"last_activation":"2024-03-29T00:00:00Z"}},{"type":"Feature","geometry":{"type":"Point","coordinates":[128.7691,35.6669]},"properties":{"ref":"HL/GB-385","name":"HL/GB-385","name_kanji":null,"alt_m":368,"points":1,"region_code":"GB","region_name":"Gyeongbuk","activations":1,"last_activation":"2021-07-25T00:00:00Z"}},{"type":"Feature","geometry":{"type":"Point","coordinates":[128.1144,36.6809]},"properties":{"ref":"HL/GB-386","name":"주지봉 (Jujibong)","name_kanji":null,"alt_m":368,"points":1,"region_code":"GB","region_name":"Gyeongbuk","activations":2,"last_activation":"2024-06-01T00:00:00Z"}},{"type":"Feature","geometry":{"type":"Point","coordinates":[128.4349,36.3057]},"properties":{"ref":"HL/GB-387","name":"HL/GB-387","name_kanji":null,"alt_m":367,"points":1,"region_code":"GB","region_name":"Gyeongbuk","activations":1,"last_activation":"2022-09-17T00:00:00Z"}},{"type":"Feature","geometry":{"type":"Point","coordinates":[128.2214,36.424]},"properties":{"ref":"HL/GB-388","name":"병풍산 (Byeongpungsan)","name_kanji":null,"alt_m":366,"points":1,"region_code":"GB","region_name":"Gyeongbuk","activations":2,"last_activation":"2022-10-12T00:00:00Z"}},{"type":"Feature","geometry":{"type":"Point","coordinates":[128.0843,36.6446]},"properties":{"ref":"HL/GB-389","name":"HL/GB-389","name_kanji":null,"alt_m":360,"points":1,"region_code":"GB","region_name":"Gyeongbuk","activations":1,"last_activation":"2024-06-01T00:00:00Z"}},{"type":"Feature","geometry":{"type":"Point","coordinates":[128.2334,35.7877]},"properties":{"ref":"HL/GB-390","name":"예리뒷산 (Yeridwitsan)","name_kanji":null,"alt_m":360,"points":1,"region_code":"GB","region_name":"Gyeongbuk","activations":1,"last_activation":"2020-10-15T00:00:00Z"}},{"type":"Feature","geometry":{"type":"Point","coordinates":[128.5148,36.2025]},"properties":{"ref":"HL/GB-391","name":"물부리산 (Mulburisan)","name_kanji":null,"alt_m":354,"points":1,"region_code":"GB","region_name":"Gyeongbuk","activations":1,"last_activation":"2019-11-06T00:00:00Z"}},{"type":"Feature","geometry":{"type":"Point","coordinates":[129.3737,36.7267]},"properties":{"ref":"HL/GB-392","name":"오태산 (Otaesan)","name_kanji":null,"alt_m":349,"points":1,"region_code":"GB","region_name":"Gyeongbuk","activations":1,"last_activation":"2024-09-18T00:00:00Z"}},{"type":"Feature","geometry":{"type":"Point","coordinates":[128.3648,35.9482]},"properties":{"ref":"HL/GB-393","name":"도고산 (Dogosan)","name_kanji":null,"alt_m":348,"points":1,"region_code":"GB","region_name":"Gyeongbuk","activations":1,"last_activation":"2019-03-26T00:00:00Z"}},{"type":"Feature","geometry":{"type":"Point","coordinates":[129.358,36.4492]},"properties":{"ref":"HL/GB-394","name":"화림산 (Hwarimsan)","name_kanji":null,"alt_m":347,"points":1,"region_code":"GB","region_name":"Gyeongbuk","activations":1,"last_activation":"2024-07-20T00:00:00Z"}},{"type":"Feature","geometry":{"type":"Point","coordinates":[128.6059,36.3622]},"properties":{"ref":"HL/GB-395","name":"천등산 (Cheondeungsan)","name_kanji":null,"alt_m":347,"points":1,"region_code":"GB","region_name":"Gyeongbuk","activations":1,"last_activation":"2019-11-07T00:00:00Z"}},{"type":"Feature","geometry":{"type":"Point","coordinates":[128.2008,36.1402]},"properties":{"ref":"HL/GB-396","name":"봉화산 (Bonghwasan)","name_kanji":null,"alt_m":340,"points":1,"region_code":"GB","region_name":"Gyeongbuk","activations":7,"last_activation":"2023-10-14T00:00:00Z"}},{"type":"Feature","geometry":{"type":"Point","coordinates":[128.559,36.1793]},"properties":{"ref":"HL/GB-397","name":"적라산 (Jeongnasan)","name_kanji":null,"alt_m":340,"points":1,"region_code":"GB","region_name":"Gyeongbuk","activations":1,"last_activation":"2019-11-07T00:00:00Z"}},{"type":"Feature","geometry":{"type":"Point","coordinates":[128.5017,36.6058]},"properties":{"ref":"HL/GB-398","name":"HL/GB-398","name_kanji":null,"alt_m":340,"points":1,"region_code":"GB","region_name":"Gyeongbuk","activations":2,"last_activation":"2021-10-17T00:00:00Z"}},{"type":"Feature","geometry":{"type":"Point","coordinates":[128.1249,36.5205]},"properties":{"ref":"HL/GB-399","name":"국사봉 (Guksabong)","name_kanji":null,"alt_m":339,"points":1,"region_code":"GB","region_name":"Gyeongbuk","activations":1,"last_activation":"2024-05-31T00:00:00Z"}},{"type":"Feature","geometry":{"type":"Point","coordinates":[128.3567,36.5537]},"properties":{"ref":"HL/GB-400","name":"나부산 (Nabusan)","name_kanji":null,"alt_m":333,"points":1,"region_code":"GB","region_name":"Gyeongbuk","activations":1,"last_activation":"2024-04-07T00:00:00Z"}},{"type":"Feature","geometry":{"type":"Point","coordinates":[128.5079,36.5832]},"properties":{"ref":"HL/GB-401","name":"검무산 (Geommusan)","name_kanji":null,"alt_m":332,"points":1,"region_code":"GB","region_name":"Gyeongbuk","activations":2,"last_activation":"2021-10-17T00:00:00Z"}},{"type":"Feature","geometry":{"type":"Point","coordinates":[128.2495,36.2282]},"properties":{"ref":"HL/GB-402","name":"월유봉 (Woryubong)","name_kanji":null,"alt_m":330,"points":1,"region_code":"GB","region_name":"Gyeongbuk","activations":1,"last_activation":"2019-10-29T00:00:00Z"}},{"type":"Feature","geometry":{"type":"Point","coordinates":[128.5373,36.5461]},"properties":{"ref":"HL/GB-403","name":"화산 (Hwasan)","name_kanji":null,"alt_m":328,"points":1,"region_code":"GB","region_name":"Gyeongbuk","activations":1,"last_activation":"2024-04-07T00:00:00Z"}},{"type":"Feature","geometry":{"type":"Point","coordinates":[128.1369,36.561]},"properties":{"ref":"HL/GB-404","name":"대가산 (Daegasan)","name_kanji":null,"alt_m":325,"points":1,"region_code":"GB","region_name":"Gyeongbuk","activations":1,"last_activation":"2024-06-01T00:00:00Z"}},{"type":"Feature","geometry":{"type":"Point","coordinates":[129.1732,35.77]},"properties":{"ref":"HL/GB-405","name":"성부산 (Seongbusan)","name_kanji":null,"alt_m":322,"points":1,"region_code":"GB","region_name":"Gyeongbuk","activations":1,"last_activation":"2023-10-02T00:00:00Z"}},{"type":"Feature","geometry":{"type":"Point","coordinates":[128.2805,36.5367]},"properties":{"ref":"HL/GB-406","name":"청산 (Cheongsan)","name_kanji":null,"alt_m":319,"points":1,"region_code":"GB","region_name":"Gyeongbuk","activations":1,"last_activation":"2024-04-06T00:00:00Z"}},{"type":"Feature","geometry":{"type":"Point","coordinates":[128.6038,36.3356]},"properties":{"ref":"HL/GB-407","name":"HL/GB-407","name_kanji":null,"alt_m":315,"points":1,"region_code":"GB","region_name":"Gyeongbuk","activations":1,"last_activation":"2019-11-07T00:00:00Z"}},{"type":"Feature","geometry":{"type":"Point","coordinates":[128.6516,36.2823]},"properties":{"ref":"HL/GB-408","name":"오동산 (Odongsan)","name_kanji":null,"alt_m":313,"points":1,"region_code":"GB","region_name":"Gyeongbuk","activations":1,"last_activation":"2019-11-09T00:00:00Z"}},{"type":"Feature","geometry":{"type":"Point","coordinates":[128.3492,35.6669]},"properties":{"ref":"HL/GB-409","name":"청룡산 (Cheongnyongsan)","name_kanji":null,"alt_m":300,"points":1,"region_code":"GB","region_name":"Gyeongbuk","activations":2,"last_activation":"2025-05-07T00:00:00Z"}},{"type":"Feature","geometry":{"type":"Point","coordinates":[128.1801,36.1766]},"properties":{"ref":"HL/GB-410","name":"취적봉 (Chwijeokbong)","name_kanji":null,"alt_m":300,"points":1,"region_code":"GB","region_name":"Gyeongbuk","activations":8,"last_activation":"2022-08-06T00:00:00Z"}},{"type":"Feature","geometry":{"type":"Point","coordinates":[128.4123,36.0126]},"properties":{"ref":"HL/GB-411","name":"작오산 (Jagosan)","name_kanji":null,"alt_m":300,"points":1,"region_code":"GB","region_name":"Gyeongbuk","activations":9,"last_activation":"2025-01-10T00:00:00Z"}},{"type":"Feature","geometry":{"type":"Point","coordinates":[128.3058,36.5371]},"properties":{"ref":"HL/GB-412","name":"와룡산 (Waryongsan)","name_kanji":null,"alt_m":299,"points":1,"region_code":"GB","region_name":"Gyeongbuk","activations":1,"last_activation":"2024-04-06T00:00:00Z"}},{"type":"Feature","geometry":{"type":"Point","coordinates":[128.1662,36.4894]},"properties":{"ref":"HL/GB-413","name":"천마산 (Cheonmasan)","name_kanji":null,"alt_m":298,"points":1,"region_code":"GB","region_name":"Gyeongbuk","activations":1,"last_activation":"2023-04-29T00:00:00Z"}},{"type":"Feature","geometry":{"type":"Point","coordinates":[129.3035,35.652]},"properties":{"ref":"HL/GB-414","name":"천마산 (Cheonmasan)","name_kanji":null,"alt_m":293,"points":1,"region_code":"GB","region_name":"Gyeongbuk","activations":2,"last_activation":"2026-03-21T00:00:00Z"}},{"type":"Feature","geometry":{"type":"Point","coordinates":[128.8366,35.9803]},"properties":{"ref":"HL/GB-415","name":"봉화산 (Bonghwasan)","name_kanji":null,"alt_m":291,"points":1,"region_code":"GB","region_name":"Gyeongbuk","activations":1,"last_activation":"2019-08-22T00:00:00Z"}},{"type":"Feature","geometry":{"type":"Point","coordinates":[129.3965,36.4945]},"properties":{"ref":"HL/GB-416","name":"고래산 (Goraesan)","name_kanji":null,"alt_m":291,"points":1,"region_code":"GB","region_name":"Gyeongbuk","activations":1,"last_activation":"2024-07-13T00:00:00Z"}},{"type":"Feature","geometry":{"type":"Point","coordinates":[128.292,35.7317]},"properties":{"ref":"HL/GB-417","name":"금산 (Geumsan)","name_kanji":null,"alt_m":289,"points":1,"region_code":"GB","region_name":"Gyeongbuk","activations":3,"last_activation":"2020-09-18T00:00:00Z"}},{"type":"Feature","geometry":{"type":"Point","coordinates":[129.223,35.95]},"properties":{"ref":"HL/GB-418","name":"곤제봉 (Gonjaebong)","name_kanji":null,"alt_m":289,"points":1,"region_code":"GB","region_name":"Gyeongbuk","activations":1,"last_activation":"2022-09-27T00:00:00Z"}},{"type":"Feature","geometry":{"type":"Point","coordinates":[129.4322,36.518]},"properties":{"ref":"HL/GB-419","name":"봉화산 (Bonghwasan)","name_kanji":null,"alt_m":286,"points":1,"region_code":"GB","region_name":"Gyeongbuk","activations":2,"last_activation":"2023-06-03T00:00:00Z"}},{"type":"Feature","geometry":{"type":"Point","coordinates":[128.3291,36.3888]},"properties":{"ref":"HL/GB-420","name":"토봉 (Tobong)","name_kanji":null,"alt_m":285,"points":1,"region_code":"GB","region_name":"Gyeongbuk","activations":1,"last_activation":"2020-11-12T00:00:00Z"}},{"type":"Feature","geometry":{"type":"Point","coordinates":[128.8948,35.9668]},"properties":{"ref":"HL/GB-421","name":"봉화산 (Bonghwasan)","name_kanji":null,"alt_m":277,"points":1,"region_code":"GB","region_name":"Gyeongbuk","activations":1,"last_activation":"2020-10-30T00:00:00Z"}},{"type":"Feature","geometry":{"type":"Point","coordinates":[128.2572,36.5579]},"properties":{"ref":"HL/GB-422","name":"천마산 (Cheonmasan)","name_kanji":null,"alt_m":274,"points":1,"region_code":"GB","region_name":"Gyeongbuk","activations":1,"last_activation":"2024-04-06T00:00:00Z"}},{"type":"Feature","geometry":{"type":"Point","coordinates":[129.2422,35.8607]},"properties":{"ref":"HL/GB-423","name":"약산 (Yaksan)","name_kanji":null,"alt_m":272,"points":1,"region_code":"GB","region_name":"Gyeongbuk","activations":1,"last_activation":"2022-09-30T00:00:00Z"}},{"type":"Feature","geometry":{"type":"Point","coordinates":[129.3608,36.3162]},"properties":{"ref":"HL/GB-424","name":"봉황산 (Bonghwangsan)","name_kanji":null,"alt_m":271,"points":1,"region_code":"GB","region_name":"Gyeongbuk","activations":1,"last_activation":"2024-06-25T00:00:00Z"}},{"type":"Feature","geometry":{"type":"Point","coordinates":[128.4254,35.9602]},"properties":{"ref":"HL/GB-425","name":"금무산 (Geummusan)","name_kanji":null,"alt_m":268,"points":1,"region_code":"GB","region_name":"Gyeongbuk","activations":3,"last_activation":"2019-10-09T00:00:00Z"}},{"type":"Feature","geometry":{"type":"Point","coordinates":[129.2797,35.9347]},"properties":{"ref":"HL/GB-426","name":"서산 (Seosan)","name_kanji":null,"alt_m":266,"points":1,"region_code":"GB","region_name":"Gyeongbuk","activations":2,"last_activation":"2022-09-27T00:00:00Z"}},{"type":"Feature","geometry":{"type":"Point","coordinates":[129.3663,36.949]},"properties":{"ref":"HL/GB-427","name":"신봉산 (Sinbongsan)","name_kanji":null,"alt_m":260,"points":1,"region_code":"GB","region_name":"Gyeongbuk","activations":1,"last_activation":"2024-10-03T00:00:00Z"}},{"type":"Feature","geometry":{"type":"Point","coordinates":[129.1814,35.853]},"properties":{"ref":"HL/GB-428","name":"옥녀봉 (Ongnyeobong)","name_kanji":null,"alt_m":260,"points":1,"region_code":"GB","region_name":"Gyeongbuk","activations":1,"last_activation":"2022-07-22T00:00:00Z"}},{"type":"Feature","geometry":{"type":"Point","coordinates":[129.3664,36.2624]},"properties":{"ref":"HL/GB-429","name":"HL/GB-429","name_kanji":null,"alt_m":220,"points":1,"region_code":"GB","region_name":"Gyeongbuk","activations":1,"last_activation":"2024-06-26T00:00:00Z"}},{"type":"Feature","geometry":{"type":"Point","coordinates":[131.8651,37.2419]},"properties":{"ref":"HL/GB-430","name":"대한봉 (Daehanbong)","name_kanji":null,"alt_m":168,"points":1,"region_code":"GB","region_name":"Gyeongbuk","activations":0,"last_activation":null}},{"type":"Feature","geometry":{"type":"Point","coordinates":[127.4325,37.9412]},"properties":{"ref":"HL/GG-001","name":"명지산 (Myeongjisan)","name_kanji":null,"alt_m":1267,"points":10,"region_code":"GG","region_name":"Gyeonggi","activations":32,"last_activation":"2026-01-11T00:00:00Z"}},{"type":"Feature","geometry":{"type":"Point","coordinates":[127.4186,38.0132]},"properties":{"ref":"HL/GG-002","name":"국망봉 (Gungmangbong)","name_kanji":null,"alt_m":1168,"points":8,"region_code":"GG","region_name":"Gyeonggi","activations":12,"last_activation":"2025-10-04T00:00:00Z"}},{"type":"Feature","geometry":{"type":"Point","coordinates":[127.5487,37.5617]},"properties":{"ref":"HL/GG-003","name":"용문산 (Yongmunsan)","name_kanji":null,"alt_m":1157,"points":8,"region_code":"GG","region_name":"Gyeonggi","activations":51,"last_activation":"2025-03-26T00:00:00Z"}},{"type":"Feature","geometry":{"type":"Point","coordinates":[127.4147,37.8988]},"properties":{"ref":"HL/GG-004","name":"연인산 (Yeoninsan)","name_kanji":null,"alt_m":1068,"points":8,"region_code":"GG","region_name":"Gyeonggi","activations":31,"last_activation":"2025-05-04T00:00:00Z"}},{"type":"Feature","geometry":{"type":"Point","coordinates":[127.3975,37.944]},"properties":{"ref":"HL/GG-005","name":"귀목봉 (Gwimokbong)","name_kanji":null,"alt_m":1036,"points":8,"region_code":"GG","region_name":"Gyeonggi","activations":10,"last_activation":"2025-10-04T00:00:00Z"}},{"type":"Feature","geometry":{"type":"Point","coordinates":[127.4447,38.0586]},"properties":{"ref":"HL/GG-006","name":"도마치봉 (Domachibong)","name_kanji":null,"alt_m":937,"points":6,"region_code":"GG","region_name":"Gyeonggi","activations":10,"last_activation":"2026-02-28T00:00:00Z"}},{"type":"Feature","geometry":{"type":"Point","coordinates":[127.3251,37.8773]},"properties":{"ref":"HL/GG-007","name":"운악산 (Unaksan)","name_kanji":null,"alt_m":936,"points":6,"region_code":"GG","region_name":"Gyeonggi","activations":34,"last_activation":"2023-10-22T00:00:00Z"}},{"type":"Feature","geometry":{"type":"Point","coordinates":[127.4158,37.8569]},"properties":{"ref":"HL/GG-008","name":"매봉 (Maebong)","name_kanji":null,"alt_m":929,"points":6,"region_code":"GG","region_name":"Gyeonggi","activations":6,"last_activation":"2019-10-05T00:00:00Z"}},{"type":"Feature","geometry":{"type":"Point","coordinates":[127.4427,37.8616]},"properties":{"ref":"HL/GG-009","name":"칼봉산 (Kalbongsan)","name_kanji":null,"alt_m":910,"points":6,"region_code":"GG","region_name":"Gyeonggi","activations":11,"last_activation":"2019-10-05T00:00:00Z"}},{"type":"Feature","geometry":{"type":"Point","coordinates":[127.3338,37.7527]},"properties":{"ref":"HL/GG-010","name":"축령산 (Chungnyeongsan)","name_kanji":null,"alt_m":879,"points":6,"region_code":"GG","region_name":"Gyeonggi","activations":43,"last_activation":"2025-02-15T00:00:00Z"}},{"type":"Feature","geometry":{"type":"Point","coordinates":[127.1724,38.1416]},"properties":{"ref":"HL/GG-011","name":"지장봉 (Jijangbong)","name_kanji":null,"alt_m":877,"points":6,"region_code":"GG","region_name":"Gyeonggi","activations":3,"last_activation":"2019-10-26T00:00:00Z"}},{"type":"Feature","geometry":{"type":"Point","coordinates":[127.6142,37.575]},"properties":{"ref":"HL/GG-012","name":"도일봉 (Doilbong)","name_kanji":null,"alt_m":864,"points":6,"region_code":"GG","region_name":"Gyeonggi","activations":6,"last_activation":"2021-10-13T00:00:00Z"}},{"type":"Feature","geometry":{"type":"Point","coordinates":[127.4866,37.5756]},"properties":{"ref":"HL/GG-013","name":"유명산 (Yumyeongsan)","name_kanji":null,"alt_m":862,"points":6,"region_code":"GG","region_name":"Gyeonggi","activations":56,"last_activation":"2025-03-13T00:00:00Z"}},{"type":"Feature","geometry":{"type":"Point","coordinates":[127.4792,37.8815]},"properties":{"ref":"HL/GG-014","name":"노적봉 (Nojeokbong)","name_kanji":null,"alt_m":859,"points":6,"region_code":"GG","region_name":"Gyeonggi","activations":2,"last_activation":"2020-02-08T00:00:00Z"}},{"type":"Feature","geometry":{"type":"Point","coordinates":[126.9779,37.659]},"properties":{"ref":"HL/GG-015","name":"북한산 (Bukhansan)","name_kanji":null,"alt_m":837,"points":6,"region_code":"GG","region_name":"Gyeonggi","activations":59,"last_activation":"2025-10-21T00:00:00Z"}},{"type":"Feature","geometry":{"type":"Point","coordinates":[127.4715,37.5957]},"properties":{"ref":"HL/GG-016","name":"중미산 (Jungmisan)","name_kanji":null,"alt_m":834,"points":6,"region_code":"GG","region_name":"Gyeonggi","activations":31,"last_activation":"2025-04-02T00:00:00Z"}},{"type":"Feature","geometry":{"type":"Point","coordinates":[127.1662,38.199]},"properties":{"ref":"HL/GG-017","name":"고대산 (Godaesan)","name_kanji":null,"alt_m":832,"points":6,"region_code":"GG","region_name":"Gyeonggi","activations":20,"last_activation":"2025-03-29T00:00:00Z"}},{"type":"Feature","geometry":{"type":"Point","coordinates":[127.2679,37.7843]},"properties":{"ref":"HL/GG-018","name":"주금산 (Jugeumsan)","name_kanji":null,"alt_m":814,"points":6,"region_code":"GG","region_name":"Gyeonggi","activations":23,"last_activation":"2025-03-15T00:00:00Z"}},{"type":"Feature","geometry":{"type":"Point","coordinates":[127.2727,37.6798]},"properties":{"ref":"HL/GG-019","name":"천마산 (Cheonmasan)","name_kanji":null,"alt_m":810,"points":6,"region_code":"GG","region_name":"Gyeonggi","activations":40,"last_activation":"2024-09-22T00:00:00Z"}},{"type":"Feature","geometry":{"type":"Point","coordinates":[127.5151,37.9283]},"properties":{"ref":"HL/GG-020","name":"수덕산 (Sudeoksan)","name_kanji":null,"alt_m":796,"points":4,"region_code":"GG","region_name":"Gyeonggi","activations":2,"last_activation":"2024-01-13T00:00:00Z"}},{"type":"Feature","geometry":{"type":"Point","coordinates":[127.2552,37.7378]},"properties":{"ref":"HL/GG-021","name":"내마산 (Naemasan)","name_kanji":null,"alt_m":787,"points":4,"region_code":"GG","region_name":"Gyeonggi","activations":8,"last_activation":"2023-02-25T00:00:00Z"}},{"type":"Feature","geometry":{"type":"Point","coordinates":[127.4289,37.6719]},"properties":{"ref":"HL/GG-022","name":"화야산 (Hwayasan)","name_kanji":null,"alt_m":755,"points":4,"region_code":"GG","region_name":"Gyeonggi","activations":4,"last_activation":"2021-02-20T00:00:00Z"}},{"type":"Feature","geometry":{"type":"Point","coordinates":[127.1468,37.9132]},"properties":{"ref":"HL/GG-023","name":"국사봉 (Guksabong)","name_kanji":null,"alt_m":755,"points":4,"region_code":"GG","region_name":"Gyeonggi","activations":31,"last_activation":"2026-04-11T00:00:00Z"}},{"type":"Feature","geometry":{"type":"Point","coordinates":[127.1562,37.8958]},"properties":{"ref":"HL/GG-024","name":"왕방산 (Wangbangsan)","name_kanji":null,"alt_m":737,"points":4,"region_code":"GG","region_name":"Gyeonggi","activations":37,"last_activation":"2026-03-11T00:00:00Z"}},{"type":"Feature","geometry":{"type":"Point","coordinates":[127.3429,38.0381]},"properties":{"ref":"HL/GG-025","name":"사향산 (Sahyangsan)","name_kanji":null,"alt_m":737,"points":4,"region_code":"GG","region_name":"Gyeonggi","activations":6,"last_activation":"2023-03-11T00:00:00Z"}},{"type":"Feature","geometry":{"type":"Point","coordinates":[127.3103,38.0292]},"properties":{"ref":"HL/GG-026","name":"관음산 (Gwaneumsan)","name_kanji":null,"alt_m":733,"points":4,"region_code":"GG","region_name":"Gyeonggi","activations":2,"last_activation":"2019-08-31T00:00:00Z"}},{"type":"Feature","geometry":{"type":"Point","coordinates":[127.1935,38.1315]},"properties":{"ref":"HL/GG-027","name":"관인봉 (Gwaninbong)","name_kanji":null,"alt_m":717,"points":4,"region_code":"GG","region_name":"Gyeonggi","activations":0,"last_activation":null}},{"type":"Feature","geometry":{"type":"Point","coordinates":[127.2532,37.8448]},"properties":{"ref":"HL/GG-028","name":"수원산 (Suwonsan)","name_kanji":null,"alt_m":710,"points":4,"region_code":"GG","region_name":"Gyeonggi","activations":31,"last_activation":"2026-02-21T00:00:00Z"}},{"type":"Feature","geometry":{"type":"Point","coordinates":[127.4262,37.7051]},"properties":{"ref":"HL/GG-029","name":"뽀루봉 (Pporubong)","name_kanji":null,"alt_m":710,"points":4,"region_code":"GG","region_name":"Gyeonggi","activations":1,"last_activation":"2017-08-12T00:00:00Z"}},{"type":"Feature","geometry":{"type":"Point","coordinates":[127.4277,37.4373]},"properties":{"ref":"HL/GG-030","name":"양자산 (Yangjasan)","name_kanji":null,"alt_m":710,"points":4,"region_code":"GG","region_name":"Gyeonggi","activations":16,"last_activation":"2025-09-11T00:00:00Z"}},{"type":"Feature","geometry":{"type":"Point","coordinates":[127.2608,37.5587]},"properties":{"ref":"HL/GG-031","name":"예봉산 (Yebongsan)","name_kanji":null,"alt_m":683,"points":4,"region_code":"GG","region_name":"Gyeonggi","activations":41,"last_activation":"2025-10-01T00:00:00Z"}},{"type":"Feature","geometry":{"type":"Point","coordinates":[127.4619,37.6245]},"properties":{"ref":"HL/GG-032","name":"삼태봉 (Samtaebong)","name_kanji":null,"alt_m":683,"points":4,"region_code":"GG","region_name":"Gyeonggi","activations":1,"last_activation":"2021-02-20T00:00:00Z"}},{"type":"Feature","geometry":{"type":"Point","coordinates":[127.4554,37.5999]},"properties":{"ref":"HL/GG-033","name":"HL/GG-033","name_kanji":null,"alt_m":699,"points":4,"region_code":"GG","region_name":"Gyeonggi","activations":2,"last_activation":"2021-03-03T00:00:00Z"}},{"type":"Feature","geometry":{"type":"Point","coordinates":[127.3599,37.7264]},"properties":{"ref":"HL/GG-034","name":"은두봉 (Eundubong)","name_kanji":null,"alt_m":678,"points":4,"region_code":"GG","region_name":"Gyeonggi","activations":1,"last_activation":"2019-04-20T00:00:00Z"}},{"type":"Feature","geometry":{"type":"Point","coordinates":[126.9702,37.9414]},"properties":{"ref":"HL/GG-035","name":"감악산 (Gamaksan)","name_kanji":null,"alt_m":675,"points":4,"region_code":"GG","region_name":"Gyeonggi","activations":52,"last_activation":"2026-02-27T00:00:00Z"}},{"type":"Feature","geometry":{"type":"Point","coordinates":[127.2503,38.056]},"properties":{"ref":"HL/GG-036","name":"불무산 (Bulmusan)","name_kanji":null,"alt_m":669,"points":4,"region_code":"GG","region_name":"Gyeonggi","activations":0,"last_activation":null}},{"type":"Feature","geometry":{"type":"Point","coordinates":[127.4007,37.4192]},"properties":{"ref":"HL/GG-037","name":"앵자봉 (Aengjabong)","name_kanji":null,"alt_m":667,"points":4,"region_code":"GG","region_name":"Gyeonggi","activations":10,"last_activation":"2024-10-26T00:00:00Z"}},{"type":"Feature","geometry":{"type":"Point","coordinates":[127.129,37.8742]},"properties":{"ref":"HL/GG-038","name":"해룡산 (Haeryongsan)","name_kanji":null,"alt_m":661,"points":4,"region_code":"GG","region_name":"Gyeonggi","activations":21,"last_activation":"2026-02-20T00:00:00Z"}},{"type":"Feature","geometry":{"type":"Point","coordinates":[127.4034,37.5534]},"properties":{"ref":"HL/GG-039","name":"청계산 (Cheonggyesan)","name_kanji":null,"alt_m":658,"points":4,"region_code":"GG","region_name":"Gyeonggi","activations":11,"last_activation":"2025-04-04T00:00:00Z"}},{"type":"Feature","geometry":{"type":"Point","coordinates":[127.2491,37.5182]},"properties":{"ref":"HL/GG-040","name":"검단산 (Geomdansan)","name_kanji":null,"alt_m":657,"points":4,"region_code":"GG","region_name":"Gyeonggi","activations":54,"last_activation":"2025-09-05T00:00:00Z"}},{"type":"Feature","geometry":{"type":"Point","coordinates":[127.2316,38.1274]},"properties":{"ref":"HL/GG-041","name":"고남산 (Gonamsan)","name_kanji":null,"alt_m":644,"points":2,"region_code":"GG","region_name":"Gyeonggi","activations":0,"last_activation":null}},{"type":"Feature","geometry":{"type":"Point","coordinates":[127.1907,38.0781]},"properties":{"ref":"HL/GG-042","name":"종자산 (Jongjasan)","name_kanji":null,"alt_m":643,"points":2,"region_code":"GG","region_name":"Gyeonggi","activations":3,"last_activation":"2025-09-12T00:00:00Z"}},{"type":"Feature","geometry":{"type":"Point","coordinates":[127.2944,37.2916]},"properties":{"ref":"HL/GG-043","name":"태화산 (Taehwasan)","name_kanji":null,"alt_m":641,"points":2,"region_code":"GG","region_name":"Gyeonggi","activations":13,"last_activation":"2025-02-25T00:00:00Z"}},{"type":"Feature","geometry":{"type":"Point","coordinates":[127.0822,37.699]},"properties":{"ref":"HL/GG-044","name":"수락산 (Suraksan)","name_kanji":null,"alt_m":638,"points":2,"region_code":"GG","region_name":"Gyeonggi","activations":41,"last_activation":"2025-10-09T00:00:00Z"}},{"type":"Feature","geometry":{"type":"Point","coordinates":[127.4428,37.3584]},"properties":{"ref":"HL/GG-045","name":"천덕봉 (Cheondeokbong)","name_kanji":null,"alt_m":632,"points":2,"region_code":"GG","region_name":"Gyeonggi","activations":4,"last_activation":"2025-04-07T00:00:00Z"}},{"type":"Feature","geometry":{"type":"Point","coordinates":[127.4453,37.7298]},"properties":{"ref":"HL/GG-046","name":"호명산 (Homyeongsan)","name_kanji":null,"alt_m":632,"points":2,"region_code":"GG","region_name":"Gyeonggi","activations":4,"last_activation":"2019-06-09T00:00:00Z"}},{"type":"Feature","geometry":{"type":"Point","coordinates":[127.4671,37.6584]},"properties":{"ref":"HL/GG-047","name":"곡달산 (Gokdalsan)","name_kanji":null,"alt_m":628,"points":2,"region_code":"GG","region_name":"Gyeonggi","activations":1,"last_activation":"2021-02-06T00:00:00Z"}},{"type":"Feature","geometry":{"type":"Point","coordinates":[127.5492,37.6708]},"properties":{"ref":"HL/GG-048","name":"장락산 (Jangnaksan)","name_kanji":null,"alt_m":627,"points":2,"region_code":"GG","region_name":"Gyeonggi","activations":1,"last_activation":"2023-08-15T00:00:00Z"}},{"type":"Feature","geometry":{"type":"Point","coordinates":[126.9289,37.7574]},"properties":{"ref":"HL/GG-049","name":"앵무봉 (Aengmubong)","name_kanji":null,"alt_m":622,"points":2,"region_code":"GG","region_name":"Gyeonggi","activations":21,"last_activation":"2024-06-19T00:00:00Z"}},{"type":"Feature","geometry":{"type":"Point","coordinates":[127.0425,37.4222]},"properties":{"ref":"HL/GG-050","name":"청계산 (Cheonggyesan)","name_kanji":null,"alt_m":618,"points":2,"region_code":"GG","region_name":"Gyeonggi","activations":31,"last_activation":"2025-07-26T00:00:00Z"}},{"type":"Feature","geometry":{"type":"Point","coordinates":[127.1827,37.7846]},"properties":{"ref":"HL/GG-051","name":"죽엽산 (Jugyeopsan)","name_kanji":null,"alt_m":616,"points":2,"region_code":"GG","region_name":"Gyeonggi","activations":4,"last_activation":"2023-03-18T00:00:00Z"}},{"type":"Feature","geometry":{"type":"Point","coordinates":[127.295,37.5726]},"properties":{"ref":"HL/GG-052","name":"운길산 (Ungilsan)","name_kanji":null,"alt_m":610,"points":2,"region_code":"GG","region_name":"Gyeonggi","activations":25,"last_activation":"2026-01-03T00:00:00Z"}},{"type":"Feature","geometry":{"type":"Point","coordinates":[127.4529,37.803]},"properties":{"ref":"HL/GG-053","name":"불기산 (Bulgisan)","name_kanji":null,"alt_m":601,"points":2,"region_code":"GG","region_name":"Gyeonggi","activations":1,"last_activation":"2023-03-19T00:00:00Z"}},{"type":"Feature","geometry":{"type":"Point","coordinates":[127.3007,37.9811]},"properties":{"ref":"HL/GG-054","name":"곰넘이봉 (Gomneomibong)","name_kanji":null,"alt_m":600,"points":2,"region_code":"GG","region_name":"Gyeonggi","activations":1,"last_activation":"2020-09-19T00:00:00Z"}},{"type":"Feature","geometry":{"type":"Point","coordinates":[127.7593,37.5039]},"properties":{"ref":"HL/GG-055","name":"도토머리봉 (Dotomeoribong)","name_kanji":null,"alt_m":614,"points":2,"region_code":"GG","region_name":"Gyeonggi","activations":1,"last_activation":"2022-02-13T00:00:00Z"}},{"type":"Feature","geometry":{"type":"Point","coordinates":[127.2717,37.5464]},"properties":{"ref":"HL/GG-056","name":"견우봉 (Gyeonubong)","name_kanji":null,"alt_m":590,"points":2,"region_code":"GG","region_name":"Gyeonggi","activations":11,"last_activation":"2025-08-07T00:00:00Z"}},{"type":"Feature","geometry":{"type":"Point","coordinates":[127.2581,37.6389]},"properties":{"ref":"HL/GG-057","name":"백봉 (Baekbong)","name_kanji":null,"alt_m":590,"points":2,"region_code":"GG","region_name":"Gyeonggi","activations":2,"last_activation":"2025-04-29T00:00:00Z"}},{"type":"Feature","geometry":{"type":"Point","coordinates":[127.1229,37.9798]},"properties":{"ref":"HL/GG-058","name":"종현산 (Jonghyeonsan)","name_kanji":null,"alt_m":589,"points":2,"region_code":"GG","region_name":"Gyeonggi","activations":10,"last_activation":"2025-07-05T00:00:00Z"}},{"type":"Feature","geometry":{"type":"Point","coordinates":[127.0277,37.9432]},"properties":{"ref":"HL/GG-059","name":"마차산 (Machasan)","name_kanji":null,"alt_m":588,"points":2,"region_code":"GG","region_name":"Gyeonggi","activations":8,"last_activation":"2026-03-01T00:00:00Z"}},{"type":"Feature","geometry":{"type":"Point","coordinates":[127.0878,37.9381]},"properties":{"ref":"HL/GG-060","name":"소요산 (Soyosan)","name_kanji":null,"alt_m":587,"points":2,"region_code":"GG","region_name":"Gyeonggi","activations":26,"last_activation":"2024-06-29T00:00:00Z"}},{"type":"Feature","geometry":{"type":"Point","coordinates":[127.5733,37.4559]},"properties":{"ref":"HL/GG-061","name":"추읍산 (Chueupsan)","name_kanji":null,"alt_m":583,"points":2,"region_code":"GG","region_name":"Gyeonggi","activations":10,"last_activation":"2025-09-22T00:00:00Z"}},{"type":"Feature","geometry":{"type":"Point","coordinates":[127.035,37.3452]},"properties":{"ref":"HL/GG-062","name":"광교산 (Gwanggyosan)","name_kanji":null,"alt_m":582,"points":2,"region_code":"GG","region_name":"Gyeonggi","activations":32,"last_activation":"2025-05-20T00:00:00Z"}},{"type":"Feature","geometry":{"type":"Point","coordinates":[127.3327,37.4057]},"properties":{"ref":"HL/GG-063","name":"무갑산 (Mugapsan)","name_kanji":null,"alt_m":581,"points":2,"region_code":"GG","region_name":"Gyeonggi","activations":7,"last_activation":"2025-06-18T00:00:00Z"}},{"type":"Feature","geometry":{"type":"Point","coordinates":[127.2828,37.3273]},"properties":{"ref":"HL/GG-064","name":"노고봉 (Nogobong)","name_kanji":null,"alt_m":579,"points":2,"region_code":"GG","region_name":"Gyeonggi","activations":12,"last_activation":"2025-03-11T00:00:00Z"}},{"type":"Feature","geometry":{"type":"Point","coordinates":[127.2351,37.6739]},"properties":{"ref":"HL/GG-065","name":"관음봉 (Gwaneumbong)","name_kanji":null,"alt_m":557,"points":2,"region_code":"GG","region_name":"Gyeonggi","activations":8,"last_activation":"2025-07-08T00:00:00Z"}},{"type":"Feature","geometry":{"type":"Point","coordinates":[127.1794,38.0444]},"properties":{"ref":"HL/GG-066","name":"보장산 (Bojangsan)","name_kanji":null,"alt_m":555,"points":2,"region_code":"GG","region_name":"Gyeonggi","activations":1,"last_activation":"2021-06-19T00:00:00Z"}},{"type":"Feature","geometry":{"type":"Point","coordinates":[127.7602,37.3618]},"properties":{"ref":"HL/GG-067","name":"당산 (Dangsan)","name_kanji":null,"alt_m":546,"points":2,"region_code":"GG","region_name":"Gyeonggi","activations":1,"last_activation":"2022-01-22T00:00:00Z"}},{"type":"Feature","geometry":{"type":"Point","coordinates":[127.2686,37.592]},"properties":{"ref":"HL/GG-068","name":"갑산 (Gapsan)","name_kanji":null,"alt_m":546,"points":2,"region_code":"GG","region_name":"Gyeonggi","activations":4,"last_activation":"2019-02-16T00:00:00Z"}},{"type":"Feature","geometry":{"type":"Point","coordinates":[127.6582,37.4172]},"properties":{"ref":"HL/GG-069","name":"고래산 (Goraesan)","name_kanji":null,"alt_m":543,"points":2,"region_code":"GG","region_name":"Gyeonggi","activations":4,"last_activation":"2022-12-04T00:00:00Z"}},{"type":"Feature","geometry":{"type":"Point","coordinates":[127.7089,37.471]},"properties":{"ref":"HL/GG-070","name":"삼각산 (Samgaksan)","name_kanji":null,"alt_m":539,"points":2,"region_code":"GG","region_name":"Gyeonggi","activations":1,"last_activation":"2017-01-21T00:00:00Z"}},{"type":"Feature","geometry":{"type":"Point","coordinates":[127.1478,37.74]},"properties":{"ref":"HL/GG-071","name":"수리봉 (Suribong)","name_kanji":null,"alt_m":537,"points":2,"region_code":"GG","region_name":"Gyeonggi","activations":0,"last_activation":null}},{"type":"Feature","geometry":{"type":"Point","coordinates":[127.3276,37.6207]},"properties":{"ref":"HL/GG-072","name":"문안산 (Munansan)","name_kanji":null,"alt_m":536,"points":2,"region_code":"GG","region_name":"Gyeonggi","activations":2,"last_activation":"2026-03-31T00:00:00Z"}},{"type":"Feature","geometry":{"type":"Point","coordinates":[127.1874,37.4587]},"properties":{"ref":"HL/GG-073","name":"검단산 (Geomdansan)","name_kanji":null,"alt_m":535,"points":2,"region_code":"GG","region_name":"Gyeonggi","activations":27,"last_activation":"2026-01-08T00:00:00Z"}},{"type":"Feature","geometry":{"type":"Point","coordinates":[127.3563,37.4921]},"properties":{"ref":"HL/GG-074","name":"해협산 (Haehyeopsan)","name_kanji":null,"alt_m":531,"points":2,"region_code":"GG","region_name":"Gyeonggi","activations":3,"last_activation":"2023-10-07T00:00:00Z"}},{"type":"Feature","geometry":{"type":"Point","coordinates":[127.2968,37.607]},"properties":{"ref":"HL/GG-075","name":"고래산 (Goraesan)","name_kanji":null,"alt_m":529,"points":2,"region_code":"GG","region_name":"Gyeonggi","activations":2,"last_activation":"2018-07-07T00:00:00Z"}},{"type":"Feature","geometry":{"type":"Point","coordinates":[127.7202,37.5145]},"properties":{"ref":"HL/GG-076","name":"비룡산 (Biryongsan)","name_kanji":null,"alt_m":527,"points":2,"region_code":"GG","region_name":"Gyeonggi","activations":0,"last_activation":null}},{"type":"Feature","geometry":{"type":"Point","coordinates":[126.9774,37.7567]},"properties":{"ref":"HL/GG-077","name":"챌봉 (Chaelbong)","name_kanji":null,"alt_m":521,"points":2,"region_code":"GG","region_name":"Gyeonggi","activations":12,"last_activation":"2026-02-19T00:00:00Z"}},{"type":"Feature","geometry":{"type":"Point","coordinates":[127.3961,36.9985]},"properties":{"ref":"HL/GG-078","name":"덕성산 (Deokseongsan)","name_kanji":null,"alt_m":521,"points":2,"region_code":"GG","region_name":"Gyeonggi","activations":8,"last_activation":"2025-01-11T00:00:00Z"}},{"type":"Feature","geometry":{"type":"Point","coordinates":[127.7432,37.37]},"properties":{"ref":"HL/GG-079","name":"웅덕산 (Ungdeoksan)","name_kanji":null,"alt_m":520,"points":2,"region_code":"GG","region_name":"Gyeonggi","activations":1,"last_activation":"2022-02-06T00:00:00Z"}},{"type":"Feature","geometry":{"type":"Point","coordinates":[127.764,37.5541]},"properties":{"ref":"HL/GG-080","name":"하나산 (Hanasan)","name_kanji":null,"alt_m":520,"points":2,"region_code":"GG","region_name":"Gyeonggi","activations":0,"last_activation":null}},{"type":"Feature","geometry":{"type":"Point","coordinates":[127.1185,38.1407]},"properties":{"ref":"HL/GG-081","name":"HL/GG-081","name_kanji":null,"alt_m":520,"points":2,"region_code":"GG","region_name":"Gyeonggi","activations":0,"last_activation":null}},{"type":"Feature","geometry":{"type":"Point","coordinates":[127.2464,37.154]},"properties":{"ref":"HL/GG-082","name":"시궁산 (Sigungsan)","name_kanji":null,"alt_m":515,"points":2,"region_code":"GG","region_name":"Gyeonggi","activations":12,"last_activation":"2025-09-27T00:00:00Z"}},{"type":"Feature","geometry":{"type":"Point","coordinates":[127.2867,37.3474]},"properties":{"ref":"HL/GG-083","name":"발리봉 (Ballibong)","name_kanji":null,"alt_m":511,"points":2,"region_code":"GG","region_name":"Gyeonggi","activations":14,"last_activation":"2026-04-01T00:00:00Z"}},{"type":"Feature","geometry":{"type":"Point","coordinates":[127.0951,37.6636]},"properties":{"ref":"HL/GG-084","name":"불암산 (Buramsan)","name_kanji":null,"alt_m":507,"points":2,"region_code":"GG","region_name":"Gyeonggi","activations":58,"last_activation":"2025-10-25T00:00:00Z"}},{"type":"Feature","geometry":{"type":"Point","coordinates":[127.094,37.8697]},"properties":{"ref":"HL/GG-085","name":"칠봉산 (Chilbongsan)","name_kanji":null,"alt_m":506,"points":2,"region_code":"GG","region_name":"Gyeonggi","activations":22,"last_activation":"2026-02-27T00:00:00Z"}},{"type":"Feature","geometry":{"type":"Point","coordinates":[127.2747,37.1338]},"properties":{"ref":"HL/GG-086","name":"쌍령산 (Ssangnyeongsan)","name_kanji":null,"alt_m":502,"points":2,"region_code":"GG","region_name":"Gyeonggi","activations":15,"last_activation":"2025-09-27T00:00:00Z"}},{"type":"Feature","geometry":{"type":"Point","coordinates":[127.3672,37.4585]},"properties":{"ref":"HL/GG-087","name":"HL/GG-087","name_kanji":null,"alt_m":501,"points":2,"region_code":"GG","region_name":"Gyeonggi","activations":1,"last_activation":"2021-03-06T00:00:00Z"}},{"type":"Feature","geometry":{"type":"Point","coordinates":[127.4036,37.6221]},"properties":{"ref":"HL/GG-088","name":"매곡산 (Maegoksan)","name_kanji":null,"alt_m":501,"points":2,"region_code":"GG","region_name":"Gyeonggi","activations":2,"last_activation":"2023-10-16T00:00:00Z"}},{"type":"Feature","geometry":{"type":"Point","coordinates":[127.315,37.6701]},"properties":{"ref":"HL/GG-089","name":"송라산 (Songnasan)","name_kanji":null,"alt_m":498,"points":1,"region_code":"GG","region_name":"Gyeonggi","activations":1,"last_activation":"2023-10-13T00:00:00Z"}},{"type":"Feature","geometry":{"type":"Point","coordinates":[127.1881,37.37]},"properties":{"ref":"HL/GG-090","name":"문형산 (Munhyeongsan)","name_kanji":null,"alt_m":497,"points":1,"region_code":"GG","region_name":"Gyeonggi","activations":8,"last_activation":"2025-05-07T00:00:00Z"}},{"type":"Feature","geometry":{"type":"Point","coordinates":[126.8752,37.9066]},"properties":{"ref":"HL/GG-091","name":"파평산 (Papyeongsan)","name_kanji":null,"alt_m":496,"points":1,"region_code":"GG","region_name":"Gyeonggi","activations":2,"last_activation":"2024-10-31T00:00:00Z"}},{"type":"Feature","geometry":{"type":"Point","coordinates":[126.914,37.3734]},"properties":{"ref":"HL/GG-092","name":"수리산 (Surisan)","name_kanji":null,"alt_m":488,"points":1,"region_code":"GG","region_name":"Gyeonggi","activations":15,"last_activation":"2024-07-03T00:00:00Z"}},{"type":"Feature","geometry":{"type":"Point","coordinates":[126.9449,37.6847]},"properties":{"ref":"HL/GG-093","name":"노고산 (Nogosan)","name_kanji":null,"alt_m":487,"points":1,"region_code":"GG","region_name":"Gyeonggi","activations":3,"last_activation":"2024-10-17T00:00:00Z"}},{"type":"Feature","geometry":{"type":"Point","coordinates":[126.9391,37.4358]},"properties":{"ref":"HL/GG-094","name":"삼성산 (Samseongsan)","name_kanji":null,"alt_m":481,"points":1,"region_code":"GG","region_name":"Gyeonggi","activations":14,"last_activation":"2024-09-14T00:00:00Z"}},{"type":"Feature","geometry":{"type":"Point","coordinates":[127.1098,38.2439]},"properties":{"ref":"HL/GG-095","name":"천덕산 (Cheondeoksan)","name_kanji":null,"alt_m":477,"points":1,"region_code":"GG","region_name":"Gyeonggi","activations":0,"last_activation":null}},{"type":"Feature","geometry":{"type":"Point","coordinates":[127.1084,38.1244]},"properties":{"ref":"HL/GG-096","name":"HL/GG-096","name_kanji":null,"alt_m":474,"points":1,"region_code":"GG","region_name":"Gyeonggi","activations":0,"last_activation":null}},{"type":"Feature","geometry":{"type":"Point","coordinates":[127.1724,37.2711]},"properties":{"ref":"HL/GG-097","name":"석성산 (Seokseongsan)","name_kanji":null,"alt_m":471,"points":1,"region_code":"GG","region_name":"Gyeonggi","activations":19,"last_activation":"2026-02-20T00:00:00Z"}},{"type":"Feature","geometry":{"type":"Point","coordinates":[127.6519,37.5392]},"properties":{"ref":"HL/GG-098","name":"괘일산 (Gwaeilsan)","name_kanji":null,"alt_m":471,"points":1,"region_code":"GG","region_name":"Gyeonggi","activations":1,"last_activation":"2012-02-26T00:00:00Z"}},{"type":"Feature","geometry":{"type":"Point","coordinates":[127.3324,37.1282]},"properties":{"ref":"HL/GG-099","name":"구봉산 (Gubongsan)","name_kanji":null,"alt_m":469,"points":1,"region_code":"GG","region_name":"Gyeonggi","activations":5,"last_activation":"2025-08-28T00:00:00Z"}},{"type":"Feature","geometry":{"type":"Point","coordinates":[127.0262,37.7991]},"properties":{"ref":"HL/GG-100","name":"불곡산 (Bulgoksan)","name_kanji":null,"alt_m":469,"points":1,"region_code":"GG","region_name":"Gyeonggi","activations":21,"last_activation":"2025-02-02T00:00:00Z"}},{"type":"Feature","geometry":{"type":"Point","coordinates":[127.0026,37.7631]},"properties":{"ref":"HL/GG-101","name":"홍복산 (Hongboksan)","name_kanji":null,"alt_m":463,"points":1,"region_code":"GG","region_name":"Gyeonggi","activations":2,"last_activation":"2024-06-24T00:00:00Z"}},{"type":"Feature","geometry":{"type":"Point","coordinates":[126.9385,37.7867]},"properties":{"ref":"HL/GG-102","name":"팔일봉 (Parilbong)","name_kanji":null,"alt_m":463,"points":1,"region_code":"GG","region_name":"Gyeonggi","activations":1,"last_activation":"2022-10-22T00:00:00Z"}},{"type":"Feature","geometry":{"type":"Point","coordinates":[127.3754,37.5718]},"properties":{"ref":"HL/GG-103","name":"HL/GG-103","name_kanji":null,"alt_m":460,"points":1,"region_code":"GG","region_name":"Gyeonggi","activations":0,"last_activation":null}},{"type":"Feature","geometry":{"type":"Point","coordinates":[127.3052,38.0907]},"properties":{"ref":"HL/GG-104","name":"HL/GG-104","name_kanji":null,"alt_m":460,"points":1,"region_code":"GG","region_name":"Gyeonggi","activations":0,"last_activation":null}},{"type":"Feature","geometry":{"type":"Point","coordinates":[127.1861,37.311]},"properties":{"ref":"HL/GG-105","name":"향수산 (Hyangsusan)","name_kanji":null,"alt_m":457,"points":1,"region_code":"GG","region_name":"Gyeonggi","activations":10,"last_activation":"2025-05-27T00:00:00Z"}},{"type":"Feature","geometry":{"type":"Point","coordinates":[127.2316,38.0835]},"properties":{"ref":"HL/GG-106","name":"은장산 (Eunjangsan)","name_kanji":null,"alt_m":454,"points":1,"region_code":"GG","region_name":"Gyeonggi","activations":0,"last_activation":null}},{"type":"Feature","geometry":{"type":"Point","coordinates":[127.4895,37.0525]},"properties":{"ref":"HL/GG-107","name":"망이산 (Mangisan)","name_kanji":null,"alt_m":454,"points":1,"region_code":"GG","region_name":"Gyeonggi","activations":3,"last_activation":"2023-04-15T00:00:00Z"}},{"type":"Feature","geometry":{"type":"Point","coordinates":[127.468,37.6982]},"properties":{"ref":"HL/GG-108","name":"보남산 (Bonamsan)","name_kanji":null,"alt_m":447,"points":1,"region_code":"GG","region_name":"Gyeonggi","activations":1,"last_activation":"2023-08-15T00:00:00Z"}},{"type":"Feature","geometry":{"type":"Point","coordinates":[127.4504,37.1475]},"properties":{"ref":"HL/GG-109","name":"마국산 (Maguksan)","name_kanji":null,"alt_m":445,"points":1,"region_code":"GG","region_name":"Gyeonggi","activations":3,"last_activation":"2024-08-06T00:00:00Z"}},{"type":"Feature","geometry":{"type":"Point","coordinates":[126.9603,37.7284]},"properties":{"ref":"HL/GG-110","name":"일영봉 (Iryeongbong)","name_kanji":null,"alt_m":444,"points":1,"region_code":"GG","region_name":"Gyeonggi","activations":2,"last_activation":"2024-10-03T00:00:00Z"}},{"type":"Feature","geometry":{"type":"Point","coordinates":[127.0203,37.8275]},"properties":{"ref":"HL/GG-111","name":"도락산 (Doraksan)","name_kanji":null,"alt_m":441,"points":1,"region_code":"GG","region_name":"Gyeonggi","activations":3,"last_activation":"2024-07-12T00:00:00Z"}},{"type":"Feature","geometry":{"type":"Point","coordinates":[126.9094,37.8809]},"properties":{"ref":"HL/GG-112","name":"법원읍산 (Beobwoneupsan)","name_kanji":null,"alt_m":440,"points":1,"region_code":"GG","region_name":"Gyeonggi","activations":1,"last_activation":"2024-11-02T00:00:00Z"}},{"type":"Feature","geometry":{"type":"Point","coordinates":[127.2856,37.2073]},"properties":{"ref":"HL/GG-113","name":"갈미봉 (Galmibong)","name_kanji":null,"alt_m":440,"points":1,"region_code":"GG","region_name":"Gyeonggi","activations":8,"last_activation":"2025-06-02T00:00:00Z"}},{"type":"Feature","geometry":{"type":"Point","coordinates":[127.34,37.0752]},"properties":{"ref":"HL/GG-114","name":"국사봉 (Guksabong)","name_kanji":null,"alt_m":438,"points":1,"region_code":"GG","region_name":"Gyeonggi","activations":6,"last_activation":"2025-08-21T00:00:00Z"}},{"type":"Feature","geometry":{"type":"Point","coordinates":[127.0314,37.379]},"properties":{"ref":"HL/GG-115","name":"우담산 (Udamsan)","name_kanji":null,"alt_m":425,"points":1,"region_code":"GG","region_name":"Gyeonggi","activations":10,"last_activation":"2025-07-06T00:00:00Z"}},{"type":"Feature","geometry":{"type":"Point","coordinates":[127.3618,37.3166]},"properties":{"ref":"HL/GG-116","name":"국수봉 (Guksubong)","name_kanji":null,"alt_m":424,"points":1,"region_code":"GG","region_name":"Gyeonggi","activations":1,"last_activation":"2024-10-06T00:00:00Z"}},{"type":"Feature","geometry":{"type":"Point","coordinates":[127.4716,37.3975]},"properties":{"ref":"HL/GG-117","name":"대렴봉 (Daeryeombong)","name_kanji":null,"alt_m":419,"points":1,"region_code":"GG","region_name":"Gyeonggi","activations":1,"last_activation":"2023-10-26T00:00:00Z"}},{"type":"Feature","geometry":{"type":"Point","coordinates":[127.3418,37.2086]},"properties":{"ref":"HL/GG-118","name":"건지산 (Geonjisan)","name_kanji":null,"alt_m":411,"points":1,"region_code":"GG","region_name":"Gyeonggi","activations":2,"last_activation":"2023-10-28T00:00:00Z"}},{"type":"Feature","geometry":{"type":"Point","coordinates":[127.1598,37.227]},"properties":{"ref":"HL/GG-119","name":"부아산 (Buasan)","name_kanji":null,"alt_m":404,"points":1,"region_code":"GG","region_name":"Gyeonggi","activations":14,"last_activation":"2024-09-07T00:00:00Z"}},{"type":"Feature","geometry":{"type":"Point","coordinates":[127.6041,37.0973]},"properties":{"ref":"HL/GG-120","name":"백족산 (Baekjoksan)","name_kanji":null,"alt_m":402,"points":1,"region_code":"GG","region_name":"Gyeonggi","activations":3,"last_activation":"2025-11-29T00:00:00Z"}},{"type":"Feature","geometry":{"type":"Point","coordinates":[127.5162,37.7724]},"properties":{"ref":"HL/GG-121","name":"물안산 (Mulansan)","name_kanji":null,"alt_m":401,"points":1,"region_code":"GG","region_name":"Gyeonggi","activations":0,"last_activation":null}},{"type":"Feature","geometry":{"type":"Point","coordinates":[126.936,37.8417]},"properties":{"ref":"HL/GG-122","name":"노고산 (Nogosan)","name_kanji":null,"alt_m":401,"points":1,"region_code":"GG","region_name":"Gyeonggi","activations":2,"last_activation":"2024-07-14T00:00:00Z"}},{"type":"Feature","geometry":{"type":"Point","coordinates":[126.9319,37.9282]},"properties":{"ref":"HL/GG-123","name":"HL/GG-123","name_kanji":null,"alt_m":400,"points":1,"region_code":"GG","region_name":"Gyeonggi","activations":0,"last_activation":null}},{"type":"Feature","geometry":{"type":"Point","coordinates":[127.343,37.6446]},"properties":{"ref":"HL/GG-124","name":"닭계산 (Dakgyesan)","name_kanji":null,"alt_m":400,"points":1,"region_code":"GG","region_name":"Gyeonggi","activations":0,"last_activation":null}},{"type":"Feature","geometry":{"type":"Point","coordinates":[126.9038,37.7416]},"properties":{"ref":"HL/GG-125","name":"우암산 (Uamsan)","name_kanji":null,"alt_m":400,"points":1,"region_code":"GG","region_name":"Gyeonggi","activations":1,"last_activation":"2023-09-16T00:00:00Z"}},{"type":"Feature","geometry":{"type":"Point","coordinates":[127.5395,37.8607]},"properties":{"ref":"HL/GG-126","name":"마루산 (Marusan)","name_kanji":null,"alt_m":400,"points":1,"region_code":"GG","region_name":"Gyeonggi","activations":1,"last_activation":"2025-10-04T00:00:00Z"}},{"type":"Feature","geometry":{"type":"Point","coordinates":[127.6419,37.4572]},"properties":{"ref":"HL/GG-127","name":"배미산 (Baemisan)","name_kanji":null,"alt_m":396,"points":1,"region_code":"GG","region_name":"Gyeonggi","activations":1,"last_activation":"2024-11-25T00:00:00Z"}},{"type":"Feature","geometry":{"type":"Point","coordinates":[127.4134,37.2808]},"properties":{"ref":"HL/GG-128","name":"설봉산 (Seolbongsan)","name_kanji":null,"alt_m":393,"points":1,"region_code":"GG","region_name":"Gyeonggi","activations":8,"last_activation":"2024-05-30T00:00:00Z"}},{"type":"Feature","geometry":{"type":"Point","coordinates":[126.9785,37.37]},"properties":{"ref":"HL/GG-129","name":"모락산 (Moraksan)","name_kanji":null,"alt_m":385,"points":1,"region_code":"GG","region_name":"Gyeonggi","activations":6,"last_activation":"2024-07-01T00:00:00Z"}},{"type":"Feature","geometry":{"type":"Point","coordinates":[127.3551,37.2999]},"properties":{"ref":"HL/GG-130","name":"더덕바위산 (Deodeokbawisan)","name_kanji":null,"alt_m":384,"points":1,"region_code":"GG","region_name":"Gyeonggi","activations":2,"last_activation":"2024-11-15T00:00:00Z"}},{"type":"Feature","geometry":{"type":"Point","coordinates":[127.1579,37.7893]},"properties":{"ref":"HL/GG-131","name":"고모리산성 (Gomorisanseong)","name_kanji":null,"alt_m":380,"points":1,"region_code":"GG","region_name":"Gyeonggi","activations":8,"last_activation":"2024-08-02T00:00:00Z"}},{"type":"Feature","geometry":{"type":"Point","coordinates":[127.5861,37.5019]},"properties":{"ref":"HL/GG-132","name":"곰산 (Gomsan)","name_kanji":null,"alt_m":392,"points":1,"region_code":"GG","region_name":"Gyeonggi","activations":4,"last_activation":"2025-09-08T00:00:00Z"}},{"type":"Feature","geometry":{"type":"Point","coordinates":[127.6389,37.5302]},"properties":{"ref":"HL/GG-133","name":"HL/GG-133","name_kanji":null,"alt_m":380,"points":1,"region_code":"GG","region_name":"Gyeonggi","activations":1,"last_activation":"2024-11-25T00:00:00Z"}},{"type":"Feature","geometry":{"type":"Point","coordinates":[127.5,37.6947]},"properties":{"ref":"HL/GG-134","name":"신선봉 (Sinseonbong)","name_kanji":null,"alt_m":380,"points":1,"region_code":"GG","region_name":"Gyeonggi","activations":1,"last_activation":"2022-10-01T00:00:00Z"}},{"type":"Feature","geometry":{"type":"Point","coordinates":[126.5481,37.7401]},"properties":{"ref":"HL/GG-135","name":"문수산 (Munsusan)","name_kanji":null,"alt_m":376,"points":1,"region_code":"GG","region_name":"Gyeonggi","activations":14,"last_activation":"2025-04-21T00:00:00Z"}},{"type":"Feature","geometry":{"type":"Point","coordinates":[127.416,37.0893]},"properties":{"ref":"HL/GG-136","name":"비봉산 (Bibongsan)","name_kanji":null,"alt_m":372,"points":1,"region_code":"GG","region_name":"Gyeonggi","activations":3,"last_activation":"2021-04-11T00:00:00Z"}},{"type":"Feature","geometry":{"type":"Point","coordinates":[127.3879,37.7774]},"properties":{"ref":"HL/GG-137","name":"녹수봉 (Noksubong)","name_kanji":null,"alt_m":370,"points":1,"region_code":"GG","region_name":"Gyeonggi","activations":0,"last_activation":null}},{"type":"Feature","geometry":{"type":"Point","coordinates":[126.8896,37.7615]},"properties":{"ref":"HL/GG-138","name":"박달산 (Bakdalsan)","name_kanji":null,"alt_m":369,"points":1,"region_code":"GG","region_name":"Gyeonggi","activations":7,"last_activation":"2024-09-08T00:00:00Z"}},{"type":"Feature","geometry":{"type":"Point","coordinates":[127.3466,37.676]},"properties":{"ref":"HL/GG-139","name":"두리봉 (Duribong)","name_kanji":null,"alt_m":369,"points":1,"region_code":"GG","region_name":"Gyeonggi","activations":1,"last_activation":"2025-05-13T00:00:00Z"}},{"type":"Feature","geometry":{"type":"Point","coordinates":[127.2134,37.7709]},"properties":{"ref":"HL/GG-140","name":"서운동산 (Seoundongsan)","name_kanji":null,"alt_m":366,"points":1,"region_code":"GG","region_name":"Gyeonggi","activations":0,"last_activation":null}},{"type":"Feature","geometry":{"type":"Point","coordinates":[127.3645,37.5409]},"properties":{"ref":"HL/GG-141","name":"부용산 (Buyongsan)","name_kanji":null,"alt_m":366,"points":1,"region_code":"GG","region_name":"Gyeonggi","activations":6,"last_activation":"2025-05-12T00:00:00Z"}},{"type":"Feature","geometry":{"type":"Point","coordinates":[127.2729,37.4281]},"properties":{"ref":"HL/GG-142","name":"칠사산 (Chilsasan)","name_kanji":null,"alt_m":364,"points":1,"region_code":"GG","region_name":"Gyeonggi","activations":4,"last_activation":"2025-09-12T00:00:00Z"}},{"type":"Feature","geometry":{"type":"Point","coordinates":[127.2506,37.4421]},"properties":{"ref":"HL/GG-143","name":"군월산 (Gunwolsan)","name_kanji":null,"alt_m":376,"points":1,"region_code":"GG","region_name":"Gyeonggi","activations":2,"last_activation":"2025-09-18T00:00:00Z"}},{"type":"Feature","geometry":{"type":"Point","coordinates":[127.3253,37.3158]},"properties":{"ref":"HL/GG-144","name":"섭산 (Seopsan)","name_kanji":null,"alt_m":360,"points":1,"region_code":"GG","region_name":"Gyeonggi","activations":1,"last_activation":"2024-11-14T00:00:00Z"}},{"type":"Feature","geometry":{"type":"Point","coordinates":[127.4593,37.0442]},"properties":{"ref":"HL/GG-145","name":"삼박골산 (Sambakgolsan)","name_kanji":null,"alt_m":352,"points":1,"region_code":"GG","region_name":"Gyeonggi","activations":2,"last_activation":"2021-11-07T00:00:00Z"}},{"type":"Feature","geometry":{"type":"Point","coordinates":[127.3919,37.2679]},"properties":{"ref":"HL/GG-146","name":"도드람산 (Dodeuramsan)","name_kanji":null,"alt_m":349,"points":1,"region_code":"GG","region_name":"Gyeonggi","activations":2,"last_activation":"2024-08-10T00:00:00Z"}},{"type":"Feature","geometry":{"type":"Point","coordinates":[127.6176,37.4908]},"properties":{"ref":"HL/GG-147","name":"갈지산 (Galjisan)","name_kanji":null,"alt_m":345,"points":1,"region_code":"GG","region_name":"Gyeonggi","activations":1,"last_activation":"2012-01-29T00:00:00Z"}},{"type":"Feature","geometry":{"type":"Point","coordinates":[127.3487,37.1922]},"properties":{"ref":"HL/GG-148","name":"수정산 (Sujeongsan)","name_kanji":null,"alt_m":345,"points":1,"region_code":"GG","region_name":"Gyeonggi","activations":2,"last_activation":"2022-08-22T00:00:00Z"}},{"type":"Feature","geometry":{"type":"Point","coordinates":[127.5795,37.0755]},"properties":{"ref":"HL/GG-149","name":"임오산 (Imosan)","name_kanji":null,"alt_m":341,"points":1,"region_code":"GG","region_name":"Gyeonggi","activations":1,"last_activation":"2024-11-23T00:00:00Z"}},{"type":"Feature","geometry":{"type":"Point","coordinates":[127.4113,37.1666]},"properties":{"ref":"HL/GG-150","name":"대덕산 (Daedeoksan)","name_kanji":null,"alt_m":340,"points":1,"region_code":"GG","region_name":"Gyeonggi","activations":1,"last_activation":"2025-03-25T00:00:00Z"}},{"type":"Feature","geometry":{"type":"Point","coordinates":[127.3446,37.5809]},"properties":{"ref":"HL/GG-151","name":"마당재 (Madangjae)","name_kanji":null,"alt_m":339,"points":1,"region_code":"GG","region_name":"Gyeonggi","activations":0,"last_activation":null}},{"type":"Feature","geometry":{"type":"Point","coordinates":[127.1125,37.6962]},"properties":{"ref":"HL/GG-152","name":"국사봉 (Guksabong)","name_kanji":null,"alt_m":331,"points":1,"region_code":"GG","region_name":"Gyeonggi","activations":3,"last_activation":"2024-06-25T00:00:00Z"}},{"type":"Feature","geometry":{"type":"Point","coordinates":[127.0548,38.09]},"properties":{"ref":"HL/GG-153","name":"국자산 (Gukjasan)","name_kanji":null,"alt_m":328,"points":1,"region_code":"GG","region_name":"Gyeonggi","activations":1,"last_activation":"2021-07-18T00:00:00Z"}},{"type":"Feature","geometry":{"type":"Point","coordinates":[126.921,37.1907]},"properties":{"ref":"HL/GG-154","name":"건달산 (Geondalsan)","name_kanji":null,"alt_m":320,"points":1,"region_code":"GG","region_name":"Gyeonggi","activations":13,"last_activation":"2026-01-09T00:00:00Z"}},{"type":"Feature","geometry":{"type":"Point","coordinates":[127.4992,37.1234]},"properties":{"ref":"HL/GG-155","name":"노성산 (Noseongsan)","name_kanji":null,"alt_m":310,"points":1,"region_code":"GG","region_name":"Gyeonggi","activations":4,"last_activation":"2024-08-23T00:00:00Z"}},{"type":"Feature","geometry":{"type":"Point","coordinates":[127.3693,37.2063]},"properties":{"ref":"HL/GG-156","name":"수학산 (Suhaksan)","name_kanji":null,"alt_m":309,"points":1,"region_code":"GG","region_name":"Gyeonggi","activations":1,"last_activation":"2022-05-12T00:00:00Z"}},{"type":"Feature","geometry":{"type":"Point","coordinates":[127.1747,37.0762]},"properties":{"ref":"HL/GG-157","name":"천덕산 (Cheondeoksan)","name_kanji":null,"alt_m":308,"points":1,"region_code":"GG","region_name":"Gyeonggi","activations":0,"last_activation":null}},{"type":"Feature","geometry":{"type":"Point","coordinates":[127.5561,37.1429]},"properties":{"ref":"HL/GG-158","name":"설성산 (Seolseongsan)","name_kanji":null,"alt_m":291,"points":1,"region_code":"GG","region_name":"Gyeonggi","activations":13,"last_activation":"2024-08-13T00:00:00Z"}},{"type":"Feature","geometry":{"type":"Point","coordinates":[127.6466,37.1916]},"properties":{"ref":"HL/GG-159","name":"강금산 (Ganggeumsan)","name_kanji":null,"alt_m":281,"points":1,"region_code":"GG","region_name":"Gyeonggi","activations":1,"last_activation":"2022-08-27T00:00:00Z"}},{"type":"Feature","geometry":{"type":"Point","coordinates":[127.6438,37.2147]},"properties":{"ref":"HL/GG-160","name":"신통산 (Sintongsan)","name_kanji":null,"alt_m":279,"points":1,"region_code":"GG","region_name":"Gyeonggi","activations":1,"last_activation":"2024-10-25T00:00:00Z"}},{"type":"Feature","geometry":{"type":"Point","coordinates":[127.2794,37.4057]},"properties":{"ref":"HL/GG-161","name":"국수봉 (Guksubong)","name_kanji":null,"alt_m":276,"points":1,"region_code":"GG","region_name":"Gyeonggi","activations":4,"last_activation":"2025-10-15T00:00:00Z"}},{"type":"Feature","geometry":{"type":"Point","coordinates":[126.9374,37.414]},"properties":{"ref":"HL/GG-162","name":"비봉산 (Bibongsan)","name_kanji":null,"alt_m":274,"points":1,"region_code":"GG","region_name":"Gyeonggi","activations":6,"last_activation":"2025-02-02T00:00:00Z"}},{"type":"Feature","geometry":{"type":"Point","coordinates":[126.8971,37.2154]},"properties":{"ref":"HL/GG-163","name":"태행산 (Taehaengsan)","name_kanji":null,"alt_m":266,"points":1,"region_code":"GG","region_name":"Gyeonggi","activations":13,"last_activation":"2024-10-16T00:00:00Z"}},{"type":"Feature","geometry":{"type":"Point","coordinates":[127.2772,37.0374]},"properties":{"ref":"HL/GG-164","name":"머린골산 (Meoringolsan)","name_kanji":null,"alt_m":260,"points":1,"region_code":"GG","region_name":"Gyeonggi","activations":6,"last_activation":"2024-11-05T00:00:00Z"}},{"type":"Feature","geometry":{"type":"Point","coordinates":[127.5969,37.2862]},"properties":{"ref":"HL/GG-165","name":"북성산 (Bukseongsan)","name_kanji":null,"alt_m":258,"points":1,"region_code":"GG","region_name":"Gyeonggi","activations":2,"last_activation":"2025-11-19T00:00:00Z"}},{"type":"Feature","geometry":{"type":"Point","coordinates":[126.9449,37.1588]},"properties":{"ref":"HL/GG-166","name":"서봉산 (Seobongsan)","name_kanji":null,"alt_m":250,"points":1,"region_code":"GG","region_name":"Gyeonggi","activations":11,"last_activation":"2024-08-30T00:00:00Z"}},{"type":"Feature","geometry":{"type":"Point","coordinates":[126.8484,37.3652]},"properties":{"ref":"HL/GG-167","name":"마산 (Masan)","name_kanji":null,"alt_m":246,"points":1,"region_code":"GG","region_name":"Gyeonggi","activations":6,"last_activation":"2024-09-28T00:00:00Z"}},{"type":"Feature","geometry":{"type":"Point","coordinates":[127.5251,37.4482]},"properties":{"ref":"HL/GG-168","name":"개군산 (Gaegunsan)","name_kanji":null,"alt_m":241,"points":1,"region_code":"GG","region_name":"Gyeonggi","activations":5,"last_activation":"2018-02-27T00:00:00Z"}},{"type":"Feature","geometry":{"type":"Point","coordinates":[126.9314,37.2609]},"properties":{"ref":"HL/GG-169","name":"칠보산 (Chilbosan)","name_kanji":null,"alt_m":239,"points":1,"region_code":"GG","region_name":"Gyeonggi","activations":17,"last_activation":"2026-03-21T00:00:00Z"}},{"type":"Feature","geometry":{"type":"Point","coordinates":[126.7512,37.7967]},"properties":{"ref":"HL/GG-170","name":"기간봉 (Giganbong)","name_kanji":null,"alt_m":238,"points":1,"region_code":"GG","region_name":"Gyeonggi","activations":0,"last_activation":null}},{"type":"Feature","geometry":{"type":"Point","coordinates":[126.8686,37.445]},"properties":{"ref":"HL/GG-171","name":"구름산 (Gureumsan)","name_kanji":null,"alt_m":220,"points":1,"region_code":"GG","region_name":"Gyeonggi","activations":13,"last_activation":"2025-08-24T00:00:00Z"}},{"type":"Feature","geometry":{"type":"Point","coordinates":[126.7903,37.6927]},"properties":{"ref":"HL/GG-172","name":"고봉산 (Gobongsan)","name_kanji":null,"alt_m":209,"points":1,"region_code":"GG","region_name":"Gyeonggi","activations":8,"last_activation":"2023-07-12T00:00:00Z"}},{"type":"Feature","geometry":{"type":"Point","coordinates":[126.3873,37.1071]},"properties":{"ref":"HL/GG-173","name":"안산 (Ansan)","name_kanji":null,"alt_m":176,"points":1,"region_code":"GG","region_name":"Gyeonggi","activations":0,"last_activation":null}},{"type":"Feature","geometry":{"type":"Point","coordinates":[127.6467,37.5949]},"properties":{"ref":"HL/GG-174","name":"큰소리산 (Keunsorisan)","name_kanji":null,"alt_m":660,"points":4,"region_code":"GG","region_name":"Gyeonggi","activations":1,"last_activation":"2021-03-19T00:00:00Z"}},{"type":"Feature","geometry":{"type":"Point","coordinates":[127.5714,37.6149]},"properties":{"ref":"HL/GG-175","name":"봉미산 (Bongmisan)","name_kanji":null,"alt_m":856,"points":6,"region_code":"GG","region_name":"Gyeonggi","activations":2,"last_activation":"2022-02-19T00:00:00Z"}},{"type":"Feature","geometry":{"type":"Point","coordinates":[127.31558,37.76847]},"properties":{"ref":"HL/GG-176","name":"서리산 (Seorisan)","name_kanji":null,"alt_m":832,"points":6,"region_code":"GG","region_name":"Gyeonggi","activations":28,"last_activation":"2024-01-06T00:00:00Z"}},{"type":"Feature","geometry":{"type":"Point","coordinates":[127.0092,35.1243]},"properties":{"ref":"HL/GJ-001","name":"서석대 (Seoseokdae)","name_kanji":null,"alt_m":1187,"points":8,"region_code":"GJ","region_name":"Gwangju","activations":6,"last_activation":"2025-10-09T00:00:00Z"}},{"type":"Feature","geometry":{"type":"Point","coordinates":[126.9715,35.1643]},"properties":{"ref":"HL/GJ-002","name":"덕봉 (Deokbong)","name_kanji":null,"alt_m":440,"points":1,"region_code":"GJ","region_name":"Gwangju","activations":6,"last_activation":"2026-03-28T00:00:00Z"}},{"type":"Feature","geometry":{"type":"Point","coordinates":[126.7288,35.2071]},"properties":{"ref":"HL/GJ-003","name":"용진산 (Yongjinsan)","name_kanji":null,"alt_m":349,"points":1,"region_code":"GJ","region_name":"Gwangju","activations":10,"last_activation":"2026-03-28T00:00:00Z"}},{"type":"Feature","geometry":{"type":"Point","coordinates":[126.7542,35.2368]},"properties":{"ref":"HL/GJ-004","name":"판사등산 (Pansadeungsan)","name_kanji":null,"alt_m":342,"points":1,"region_code":"GJ","region_name":"Gwangju","activations":1,"last_activation":"2018-10-14T00:00:00Z"}},{"type":"Feature","geometry":{"type":"Point","coordinates":[126.7608,35.1692]},"properties":{"ref":"HL/GJ-005","name":"석봉 (Seokbong)","name_kanji":null,"alt_m":340,"points":1,"region_code":"GJ","region_name":"Gwangju","activations":2,"last_activation":"2024-06-29T00:00:00Z"}},{"type":"Feature","geometry":{"type":"Point","coordinates":[126.8884,35.1178]},"properties":{"ref":"HL/GJ-006","name":"금당산 (Geumdangsan)","name_kanji":null,"alt_m":304,"points":1,"region_code":"GJ","region_name":"Gwangju","activations":18,"last_activation":"2025-09-14T00:00:00Z"}},{"type":"Feature","geometry":{"type":"Point","coordinates":[126.9185,35.2055]},"properties":{"ref":"HL/GJ-007","name":"삼각산 (Samgaksan)","name_kanji":null,"alt_m":275,"points":1,"region_code":"GJ","region_name":"Gwangju","activations":8,"last_activation":"2025-08-30T00:00:00Z"}},{"type":"Feature","geometry":{"type":"Point","coordinates":[126.7413,35.1426]},"properties":{"ref":"HL/GJ-008","name":"복룡산 (Bongnyongsan)","name_kanji":null,"alt_m":228,"points":1,"region_code":"GJ","region_name":"Gwangju","activations":1,"last_activation":"2022-07-09T00:00:00Z"}},{"type":"Feature","geometry":{"type":"Point","coordinates":[127.7307,35.3369]},"properties":{"ref":"HL/GN-001","name":"지리산 (Jirisan)","name_kanji":null,"alt_m":1915,"points":10,"region_code":"GN","region_name":"Gyeongnam","activations":54,"last_activation":"2026-02-20T00:00:00Z"}},{"type":"Feature","geometry":{"type":"Point","coordinates":[127.7614,35.7305]},"properties":{"ref":"HL/GN-002","name":"금원산 (Geumwonsan)","name_kanji":null,"alt_m":1353,"points":10,"region_code":"GN","region_name":"Gyeongnam","activations":50,"last_activation":"2026-02-21T00:00:00Z"}},{"type":"Feature","geometry":{"type":"Point","coordinates":[128.0106,35.8294]},"properties":{"ref":"HL/GN-003","name":"단지봉 (Danjibong)","name_kanji":null,"alt_m":1327,"points":10,"region_code":"GN","region_name":"Gyeongnam","activations":36,"last_activation":"2026-02-14T00:00:00Z"}},{"type":"Feature","geometry":{"type":"Point","coordinates":[127.7048,35.2639]},"properties":{"ref":"HL/GN-004","name":"삼신봉 (Samshinbong)","name_kanji":null,"alt_m":1289,"points":10,"region_code":"GN","region_name":"Gyeongnam","activations":20,"last_activation":"2025-12-25T00:00:00Z"}},{"type":"Feature","geometry":{"type":"Point","coordinates":[127.7209,35.7275]},"properties":{"ref":"HL/GN-005","name":"월봉산 (Wolbongsan)","name_kanji":null,"alt_m":1279,"points":10,"region_code":"GN","region_name":"Gyeongnam","activations":41,"last_activation":"2026-03-22T00:00:00Z"}},{"type":"Feature","geometry":{"type":"Point","coordinates":[127.635,35.6183]},"properties":{"ref":"HL/GN-006","name":"백운산 (Baegunsan)","name_kanji":null,"alt_m":1279,"points":10,"region_code":"GN","region_name":"Gyeongnam","activations":53,"last_activation":"2026-02-15T00:00:00Z"}},{"type":"Feature","geometry":{"type":"Point","coordinates":[127.6969,35.6033]},"properties":{"ref":"HL/GN-007","name":"대봉산 (Daebongsan)","name_kanji":null,"alt_m":1254,"points":10,"region_code":"GN","region_name":"Gyeongnam","activations":26,"last_activation":"2026-02-16T00:00:00Z"}},{"type":"Feature","geometry":{"type":"Point","coordinates":[127.6688,35.4488]},"properties":{"ref":"HL/GN-008","name":"삼봉산 (Sambongsan)","name_kanji":null,"alt_m":1254,"points":10,"region_code":"GN","region_name":"Gyeongnam","activations":6,"last_activation":"2021-04-22T00:00:00Z"}},{"type":"Feature","geometry":{"type":"Point","coordinates":[127.7376,35.6767]},"properties":{"ref":"HL/GN-009","name":"거망산 (Geomangsan)","name_kanji":null,"alt_m":1245,"points":10,"region_code":"GN","region_name":"Gyeongnam","activations":16,"last_activation":"2026-04-11T00:00:00Z"}},{"type":"Feature","geometry":{"type":"Point","coordinates":[128.9596,35.6156]},"properties":{"ref":"HL/GN-010","name":"운문산 (Unmunsan)","name_kanji":null,"alt_m":1188,"points":8,"region_code":"GN","region_name":"Gyeongnam","activations":38,"last_activation":"2026-03-01T00:00:00Z"}},{"type":"Feature","geometry":{"type":"Point","coordinates":[128.0752,35.6739]},"properties":{"ref":"HL/GN-012","name":"오도산 (Odosan)","name_kanji":null,"alt_m":1134,"points":8,"region_code":"GN","region_name":"Gyeongnam","activations":73,"last_activation":"2026-01-31T00:00:00Z"}},{"type":"Feature","geometry":{"type":"Point","coordinates":[128.07,35.7214]},"properties":{"ref":"HL/GN-013","name":"비계산 (Bigyesan)","name_kanji":null,"alt_m":1130,"points":8,"region_code":"GN","region_name":"Gyeongnam","activations":9,"last_activation":"2022-07-02T00:00:00Z"}},{"type":"Feature","geometry":{"type":"Point","coordinates":[127.6817,35.196]},"properties":{"ref":"HL/GN-014","name":"형제봉 (Hyeongjebong)","name_kanji":null,"alt_m":1115,"points":8,"region_code":"GN","region_name":"Gyeongnam","activations":15,"last_activation":"2026-01-04T00:00:00Z"}},{"type":"Feature","geometry":{"type":"Point","coordinates":[127.9743,35.4954]},"properties":{"ref":"HL/GN-015","name":"황매산 (Hwangmaesan)","name_kanji":null,"alt_m":1113,"points":8,"region_code":"GN","region_name":"Gyeongnam","activations":29,"last_activation":"2025-08-24T00:00:00Z"}},{"type":"Feature","geometry":{"type":"Point","coordinates":[128.0703,35.8071]},"properties":{"ref":"HL/GN-016","name":"남산 (Namsan)","name_kanji":null,"alt_m":1113,"points":8,"region_code":"GN","region_name":"Gyeongnam","activations":13,"last_activation":"2025-12-13T00:00:00Z"}},{"type":"Feature","geometry":{"type":"Point","coordinates":[127.8774,35.3629]},"properties":{"ref":"HL/GN-017","name":"웅석봉 (Ungseokbong)","name_kanji":null,"alt_m":1099,"points":8,"region_code":"GN","region_name":"Gyeongnam","activations":3,"last_activation":"2023-06-05T00:00:00Z"}},{"type":"Feature","geometry":{"type":"Point","coordinates":[127.7903,35.3895]},"properties":{"ref":"HL/GN-018","name":"왕등재 (Wangdeungjae)","name_kanji":null,"alt_m":1050,"points":8,"region_code":"GN","region_name":"Gyeongnam","activations":3,"last_activation":"2025-10-25T00:00:00Z"}},{"type":"Feature","geometry":{"type":"Point","coordinates":[128.095,35.6906]},"properties":{"ref":"HL/GN-019","name":"두무산 (Dumusan)","name_kanji":null,"alt_m":1036,"points":8,"region_code":"GN","region_name":"Gyeongnam","activations":10,"last_activation":"2025-09-21T00:00:00Z"}},{"type":"Feature","geometry":{"type":"Point","coordinates":[127.7099,35.4432]},"properties":{"ref":"HL/GN-020","name":"법화산 (Bubhwasan)","name_kanji":null,"alt_m":997,"points":6,"region_code":"GN","region_name":"Gyeongnam","activations":6,"last_activation":"2021-04-22T00:00:00Z"}},{"type":"Feature","geometry":{"type":"Point","coordinates":[127.7408,35.2064]},"properties":{"ref":"HL/GN-021","name":"깃대봉 (Gitdaebong)","name_kanji":null,"alt_m":983,"points":6,"region_code":"GN","region_name":"Gyeongnam","activations":4,"last_activation":"2021-02-07T00:00:00Z"}},{"type":"Feature","geometry":{"type":"Point","coordinates":[127.6124,35.5833]},"properties":{"ref":"HL/GN-022","name":"월경산 (Wolgyeongsan)","name_kanji":null,"alt_m":980,"points":6,"region_code":"GN","region_name":"Gyeongnam","activations":7,"last_activation":"2026-02-16T00:00:00Z"}},{"type":"Feature","geometry":{"type":"Point","coordinates":[128.9603,35.5119]},"properties":{"ref":"HL/GN-023","name":"향로산 (Hyangnosan)","name_kanji":null,"alt_m":977,"points":6,"region_code":"GN","region_name":"Gyeongnam","activations":10,"last_activation":"2025-04-19T00:00:00Z"}},{"type":"Feature","geometry":{"type":"Point","coordinates":[128.9307,35.6341]},"properties":{"ref":"HL/GN-024","name":"억산 (Eoksan)","name_kanji":null,"alt_m":962,"points":6,"region_code":"GN","region_name":"Gyeongnam","activations":12,"last_activation":"2026-01-17T00:00:00Z"}},{"type":"Feature","geometry":{"type":"Point","coordinates":[127.8369,35.816]},"properties":{"ref":"HL/GN-025","name":"시루봉 (Sirubong)","name_kanji":null,"alt_m":960,"points":6,"region_code":"GN","region_name":"Gyeongnam","activations":2,"last_activation":"2019-10-25T00:00:00Z"}},{"type":"Feature","geometry":{"type":"Point","coordinates":[127.9258,35.5947]},"properties":{"ref":"HL/GN-026","name":"감악산 (Gamaksan)","name_kanji":null,"alt_m":952,"points":6,"region_code":"GN","region_name":"Gyeongnam","activations":61,"last_activation":"2026-02-18T00:00:00Z"}},{"type":"Feature","geometry":{"type":"Point","coordinates":[127.8384,35.3822]},"properties":{"ref":"HL/GN-027","name":"도토리봉 (Dotoribong)","name_kanji":null,"alt_m":936,"points":6,"region_code":"GN","region_name":"Gyeongnam","activations":3,"last_activation":"2025-10-26T00:00:00Z"}},{"type":"Feature","geometry":{"type":"Point","coordinates":[128.0567,35.6801]},"properties":{"ref":"HL/GN-028","name":"미녀봉 (Minyeobong)","name_kanji":null,"alt_m":931,"points":6,"region_code":"GN","region_name":"Gyeongnam","activations":3,"last_activation":"2021-03-25T00:00:00Z"}},{"type":"Feature","geometry":{"type":"Point","coordinates":[127.6811,35.3825]},"properties":{"ref":"HL/GN-029","name":"창암산 (Changamsan)","name_kanji":null,"alt_m":923,"points":6,"region_code":"GN","region_name":"Gyeongnam","activations":2,"last_activation":"2021-09-12T00:00:00Z"}},{"type":"Feature","geometry":{"type":"Point","coordinates":[127.8122,35.4309]},"properties":{"ref":"HL/GN-030","name":"왕산 (Wangsan)","name_kanji":null,"alt_m":923,"points":6,"region_code":"GN","region_name":"Gyeongnam","activations":8,"last_activation":"2025-10-25T00:00:00Z"}},{"type":"Feature","geometry":{"type":"Point","coordinates":[129.1061,35.401]},"properties":{"ref":"HL/GN-031","name":"천성산 (Cheonseongsan)","name_kanji":null,"alt_m":921,"points":6,"region_code":"GN","region_name":"Gyeongnam","activations":53,"last_activation":"2026-04-11T00:00:00Z"}},{"type":"Feature","geometry":{"type":"Point","coordinates":[127.9694,35.7534]},"properties":{"ref":"HL/GN-032","name":"보해산 (Bohaesan)","name_kanji":null,"alt_m":912,"points":6,"region_code":"GN","region_name":"Gyeongnam","activations":4,"last_activation":"2020-12-26T00:00:00Z"}},{"type":"Feature","geometry":{"type":"Point","coordinates":[127.6621,35.4165]},"properties":{"ref":"HL/GN-033","name":"백운산 (Baegunsan)","name_kanji":null,"alt_m":903,"points":6,"region_code":"GN","region_name":"Gyeongnam","activations":1,"last_activation":"2021-04-22T00:00:00Z"}},{"type":"Feature","geometry":{"type":"Point","coordinates":[127.9258,35.8551]},"properties":{"ref":"HL/GN-034","name":"거말산 (Geomalsan)","name_kanji":null,"alt_m":902,"points":6,"region_code":"GN","region_name":"Gyeongnam","activations":8,"last_activation":"2022-11-06T00:00:00Z"}},{"type":"Feature","geometry":{"type":"Point","coordinates":[128.0376,35.658]},"properties":{"ref":"HL/GN-035","name":"숙성산 (Sukseongsan)","name_kanji":null,"alt_m":900,"points":6,"region_code":"GN","region_name":"Gyeongnam","activations":3,"last_activation":"2021-05-08T00:00:00Z"}},{"type":"Feature","geometry":{"type":"Point","coordinates":[127.7698,35.7927]},"properties":{"ref":"HL/GN-036","name":"시루봉 (Sirubong)","name_kanji":null,"alt_m":898,"points":6,"region_code":"GN","region_name":"Gyeongnam","activations":1,"last_activation":"2019-10-25T00:00:00Z"}},{"type":"Feature","geometry":{"type":"Point","coordinates":[128.2036,35.3769]},"properties":{"ref":"HL/GN-037","name":"자굴산 (Jagulsan)","name_kanji":null,"alt_m":897,"points":6,"region_code":"GN","region_name":"Gyeongnam","activations":30,"last_activation":"2026-04-05T00:00:00Z"}},{"type":"Feature","geometry":{"type":"Point","coordinates":[127.7497,35.1643]},"properties":{"ref":"HL/GN-038","name":"칠성봉 (Chilseongbong)","name_kanji":null,"alt_m":891,"points":6,"region_code":"GN","region_name":"Gyeongnam","activations":3,"last_activation":"2025-10-24T00:00:00Z"}},{"type":"Feature","geometry":{"type":"Point","coordinates":[128.9321,35.5628]},"properties":{"ref":"HL/GN-039","name":"구천산 (Gucheonsan)","name_kanji":null,"alt_m":880,"points":6,"region_code":"GN","region_name":"Gyeongnam","activations":13,"last_activation":"2026-02-20T00:00:00Z"}},{"type":"Feature","geometry":{"type":"Point","coordinates":[127.8699,35.9927]},"properties":{"ref":"HL/GN-040","name":"금오산 (Geumosan)","name_kanji":null,"alt_m":875,"points":6,"region_code":"GN","region_name":"Gyeongnam","activations":40,"last_activation":"2026-03-29T00:00:00Z"}},{"type":"Feature","geometry":{"type":"Point","coordinates":[127.9489,35.5469]},"properties":{"ref":"HL/GN-041","name":"월여산 (Woryeosan)","name_kanji":null,"alt_m":863,"points":6,"region_code":"GN","region_name":"Gyeongnam","activations":4,"last_activation":"2025-12-06T00:00:00Z"}},{"type":"Feature","geometry":{"type":"Point","coordinates":[128.9041,35.5476]},"properties":{"ref":"HL/GN-042","name":"정각산 (Jeonggaksan)","name_kanji":null,"alt_m":860,"points":6,"region_code":"GN","region_name":"Gyeongnam","activations":13,"last_activation":"2026-03-20T00:00:00Z"}},{"type":"Feature","geometry":{"type":"Point","coordinates":[127.9653,35.7859]},"properties":{"ref":"HL/GN-043","name":"HL/GN-043","name_kanji":null,"alt_m":844,"points":6,"region_code":"GN","region_name":"Gyeongnam","activations":6,"last_activation":"2020-04-11T00:00:00Z"}},{"type":"Feature","geometry":{"type":"Point","coordinates":[127.9558,35.7289]},"properties":{"ref":"HL/GN-044","name":"금귀봉 (Geumgwibong)","name_kanji":null,"alt_m":837,"points":6,"region_code":"GN","region_name":"Gyeongnam","activations":13,"last_activation":"2026-01-24T00:00:00Z"}},{"type":"Feature","geometry":{"type":"Point","coordinates":[127.8057,35.2202]},"properties":{"ref":"HL/GN-045","name":"주산 (Jusan)","name_kanji":null,"alt_m":831,"points":6,"region_code":"GN","region_name":"Gyeongnam","activations":3,"last_activation":"2024-12-22T00:00:00Z"}},{"type":"Feature","geometry":{"type":"Point","coordinates":[128.996,35.4368]},"properties":{"ref":"HL/GN-046","name":"뒷삐알산 (Dwitppialsan)","name_kanji":null,"alt_m":827,"points":6,"region_code":"GN","region_name":"Gyeongnam","activations":21,"last_activation":"2026-03-15T00:00:00Z"}},{"type":"Feature","geometry":{"type":"Point","coordinates":[127.9413,35.4178]},"properties":{"ref":"HL/GN-047","name":"정수산 (Jeongsusan)","name_kanji":null,"alt_m":825,"points":6,"region_code":"GN","region_name":"Gyeongnam","activations":2,"last_activation":"2019-06-03T00:00:00Z"}},{"type":"Feature","geometry":{"type":"Point","coordinates":[128.9903,35.4549]},"properties":{"ref":"HL/GN-048","name":"염수봉 (Yomsubong)","name_kanji":null,"alt_m":816,"points":6,"region_code":"GN","region_name":"Gyeongnam","activations":41,"last_activation":"2026-01-31T00:00:00Z"}},{"type":"Feature","geometry":{"type":"Point","coordinates":[127.945,35.3883]},"properties":{"ref":"HL/GN-049","name":"둔철산 (Duncheolsan)","name_kanji":null,"alt_m":812,"points":6,"region_code":"GN","region_name":"Gyeongnam","activations":1,"last_activation":"2019-06-02T00:00:00Z"}},{"type":"Feature","geometry":{"type":"Point","coordinates":[127.878,35.5668]},"properties":{"ref":"HL/GN-050","name":"매봉산 (Maebongsan)","name_kanji":null,"alt_m":810,"points":6,"region_code":"GN","region_name":"Gyeongnam","activations":4,"last_activation":"2025-12-06T00:00:00Z"}},{"type":"Feature","geometry":{"type":"Point","coordinates":[128.7412,35.167]},"properties":{"ref":"HL/GN-051","name":"불모산 (Bulmosan)","name_kanji":null,"alt_m":802,"points":6,"region_code":"GN","region_name":"Gyeongnam","activations":57,"last_activation":"2026-04-06T00:00:00Z"}},{"type":"Feature","geometry":{"type":"Point","coordinates":[128.1141,34.9867]},"properties":{"ref":"HL/GN-052","name":"와룡산 (Waryongsan)","name_kanji":null,"alt_m":798,"points":4,"region_code":"GN","region_name":"Gyeongnam","activations":9,"last_activation":"2025-01-31T00:00:00Z"}},{"type":"Feature","geometry":{"type":"Point","coordinates":[127.9042,35.5345]},"properties":{"ref":"HL/GN-053","name":"바랑산 (Barangsan)","name_kanji":null,"alt_m":796,"points":4,"region_code":"GN","region_name":"Gyeongnam","activations":2,"last_activation":"2025-01-25T00:00:00Z"}},{"type":"Feature","geometry":{"type":"Point","coordinates":[127.9039,35.6056]},"properties":{"ref":"HL/GN-054","name":"대룡산 (Daeryongsan)","name_kanji":null,"alt_m":794,"points":4,"region_code":"GN","region_name":"Gyeongnam","activations":2,"last_activation":"2020-12-19T00:00:00Z"}},{"type":"Feature","geometry":{"type":"Point","coordinates":[127.881,35.7297]},"properties":{"ref":"HL/GN-055","name":"취우령 (Chwiuryeong)","name_kanji":null,"alt_m":792,"points":4,"region_code":"GN","region_name":"Gyeongnam","activations":5,"last_activation":"2020-12-26T00:00:00Z"}},{"type":"Feature","geometry":{"type":"Point","coordinates":[128.8806,35.6259]},"properties":{"ref":"HL/GN-056","name":"구만산 (Gumansan)","name_kanji":null,"alt_m":785,"points":4,"region_code":"GN","region_name":"Gyeongnam","activations":6,"last_activation":"2026-03-07T00:00:00Z"}},{"type":"Feature","geometry":{"type":"Point","coordinates":[127.8459,34.8458]},"properties":{"ref":"HL/GN-057","name":"망운산 (Mangunsan)","name_kanji":null,"alt_m":784,"points":4,"region_code":"GN","region_name":"Gyeongnam","activations":12,"last_activation":"2026-01-03T00:00:00Z"}},{"type":"Feature","geometry":{"type":"Point","coordinates":[127.7312,35.1267]},"properties":{"ref":"HL/GN-058","name":"구재봉 (Gujaebong)","name_kanji":null,"alt_m":768,"points":4,"region_code":"GN","region_name":"Gyeongnam","activations":3,"last_activation":"2025-01-26T00:00:00Z"}},{"type":"Feature","geometry":{"type":"Point","coordinates":[128.9067,35.4391]},"properties":{"ref":"HL/GN-059","name":"금오산 (Geumosan)","name_kanji":null,"alt_m":766,"points":4,"region_code":"GN","region_name":"Gyeongnam","activations":12,"last_activation":"2025-12-28T00:00:00Z"}},{"type":"Feature","geometry":{"type":"Point","coordinates":[128.1926,35.3952]},"properties":{"ref":"HL/GN-060","name":"한우산 (Hanusan)","name_kanji":null,"alt_m":766,"points":4,"region_code":"GN","region_name":"Gyeongnam","activations":32,"last_activation":"2026-01-01T00:00:00Z"}},{"type":"Feature","geometry":{"type":"Point","coordinates":[127.6946,35.6644]},"properties":{"ref":"HL/GN-061","name":"우락산 (Uraksan)","name_kanji":null,"alt_m":765,"points":4,"region_code":"GN","region_name":"Gyeongnam","activations":3,"last_activation":"2022-11-20T00:00:00Z"}},{"type":"Feature","geometry":{"type":"Point","coordinates":[127.9209,35.5209]},"properties":{"ref":"HL/GN-062","name":"소룡산 (Soryongsan)","name_kanji":null,"alt_m":761,"points":4,"region_code":"GN","region_name":"Gyeongnam","activations":1,"last_activation":"2019-01-13T00:00:00Z"}},{"type":"Feature","geometry":{"type":"Point","coordinates":[128.5357,35.2098]},"properties":{"ref":"HL/GN-063","name":"무학산 (Muhaksan)","name_kanji":null,"alt_m":760,"points":4,"region_code":"GN","region_name":"Gyeongnam","activations":12,"last_activation":"2025-12-14T00:00:00Z"}},{"type":"Feature","geometry":{"type":"Point","coordinates":[128.9267,35.4522]},"properties":{"ref":"HL/GN-064","name":"HL/GN-064","name_kanji":null,"alt_m":760,"points":4,"region_code":"GN","region_name":"Gyeongnam","activations":2,"last_activation":"2020-08-04T00:00:00Z"}},{"type":"Feature","geometry":{"type":"Point","coordinates":[128.5325,35.5469]},"properties":{"ref":"HL/GN-065","name":"화왕산 (Hwawangsan)","name_kanji":null,"alt_m":757,"points":4,"region_code":"GN","region_name":"Gyeongnam","activations":19,"last_activation":"2025-08-01T00:00:00Z"}},{"type":"Feature","geometry":{"type":"Point","coordinates":[128.4054,35.1975]},"properties":{"ref":"HL/GN-066","name":"여항산 (Yeohangsan)","name_kanji":null,"alt_m":744,"points":4,"region_code":"GN","region_name":"Gyeongnam","activations":9,"last_activation":"2025-07-06T00:00:00Z"}},{"type":"Feature","geometry":{"type":"Point","coordinates":[127.8692,35.2934]},"properties":{"ref":"HL/GN-067","name":"벌목봉 (Beolmokbong)","name_kanji":null,"alt_m":743,"points":4,"region_code":"GN","region_name":"Gyeongnam","activations":2,"last_activation":"2024-12-22T00:00:00Z"}},{"type":"Feature","geometry":{"type":"Point","coordinates":[129.213,35.4021]},"properties":{"ref":"HL/GN-068","name":"대운산 (Daeunsan)","name_kanji":null,"alt_m":742,"points":4,"region_code":"GN","region_name":"Gyeongnam","activations":12,"last_activation":"2025-03-23T00:00:00Z"}},{"type":"Feature","geometry":{"type":"Point","coordinates":[128.9749,35.3849]},"properties":{"ref":"HL/GN-069","name":"신선봉 (Sinseonbong)","name_kanji":null,"alt_m":730,"points":4,"region_code":"GN","region_name":"Gyeongnam","activations":8,"last_activation":"2026-02-01T00:00:00Z"}},{"type":"Feature","geometry":{"type":"Point","coordinates":[128.951,35.3774]},"properties":{"ref":"HL/GN-070","name":"토곡산 (Togoksan)","name_kanji":null,"alt_m":730,"points":4,"region_code":"GN","region_name":"Gyeongnam","activations":8,"last_activation":"2025-05-25T00:00:00Z"}},{"type":"Feature","geometry":{"type":"Point","coordinates":[128.9624,35.4851]},"properties":{"ref":"HL/GN-071","name":"향로봉 (Hyangnobong)","name_kanji":null,"alt_m":727,"points":4,"region_code":"GN","region_name":"Gyeongnam","activations":2,"last_activation":"2025-04-19T00:00:00Z"}},{"type":"Feature","geometry":{"type":"Point","coordinates":[128.4837,35.1829]},"properties":{"ref":"HL/GN-072","name":"광려산 (Gwangryeosan)","name_kanji":null,"alt_m":720,"points":4,"region_code":"GN","region_name":"Gyeongnam","activations":7,"last_activation":"2025-12-21T00:00:00Z"}},{"type":"Feature","geometry":{"type":"Point","coordinates":[127.9902,35.6923]},"properties":{"ref":"HL/GN-073","name":"박유산 (Bagyusan)","name_kanji":null,"alt_m":712,"points":4,"region_code":"GN","region_name":"Gyeongnam","activations":10,"last_activation":"2026-01-24T00:00:00Z"}},{"type":"Feature","geometry":{"type":"Point","coordinates":[127.9825,34.7541]},"properties":{"ref":"HL/GN-074","name":"금산 (Geumsan)","name_kanji":null,"alt_m":705,"points":4,"region_code":"GN","region_name":"Gyeongnam","activations":18,"last_activation":"2026-01-03T00:00:00Z"}},{"type":"Feature","geometry":{"type":"Point","coordinates":[128.4906,35.2044]},"properties":{"ref":"HL/GN-075","name":"상투봉 (Sangtubong)","name_kanji":null,"alt_m":704,"points":4,"region_code":"GN","region_name":"Gyeongnam","activations":6,"last_activation":"2025-12-21T00:00:00Z"}},{"type":"Feature","geometry":{"type":"Point","coordinates":[128.8705,35.3402]},"properties":{"ref":"HL/GN-076","name":"무척산 (Mucheoksan)","name_kanji":null,"alt_m":703,"points":4,"region_code":"GN","region_name":"Gyeongnam","activations":11,"last_activation":"2025-03-22T00:00:00Z"}},{"type":"Feature","geometry":{"type":"Point","coordinates":[128.2596,35.4934]},"properties":{"ref":"HL/GN-077","name":"국사봉 (Guksabong)","name_kanji":null,"alt_m":688,"points":4,"region_code":"GN","region_name":"Gyeongnam","activations":8,"last_activation":"2026-02-28T00:00:00Z"}},{"type":"Feature","geometry":{"type":"Point","coordinates":[128.8415,35.5675]},"properties":{"ref":"HL/GN-078","name":"용암봉 (Yongambong)","name_kanji":null,"alt_m":686,"points":4,"region_code":"GN","region_name":"Gyeongnam","activations":3,"last_activation":"2026-03-07T00:00:00Z"}},{"type":"Feature","geometry":{"type":"Point","coordinates":[128.0491,35.4941]},"properties":{"ref":"HL/GN-079","name":"허굴산 (Heogulsan)","name_kanji":null,"alt_m":682,"points":4,"region_code":"GN","region_name":"Gyeongnam","activations":2,"last_activation":"2020-11-28T00:00:00Z"}},{"type":"Feature","geometry":{"type":"Point","coordinates":[128.551,35.4803]},"properties":{"ref":"HL/GN-080","name":"영취산 (Yeongchwisan)","name_kanji":null,"alt_m":682,"points":4,"region_code":"GN","region_name":"Gyeongnam","activations":4,"last_activation":"2025-03-09T00:00:00Z"}},{"type":"Feature","geometry":{"type":"Point","coordinates":[127.8768,35.6692]},"properties":{"ref":"HL/GN-081","name":"망덕산 (Mangdeoksan)","name_kanji":null,"alt_m":681,"points":4,"region_code":"GN","region_name":"Gyeongnam","activations":28,"last_activation":"2026-02-18T00:00:00Z"}},{"type":"Feature","geometry":{"type":"Point","coordinates":[127.835,35.5837]},"properties":{"ref":"HL/GN-082","name":"사별산 (Sabyeolsan)","name_kanji":null,"alt_m":680,"points":4,"region_code":"GN","region_name":"Gyeongnam","activations":2,"last_activation":"2020-12-19T00:00:00Z"}},{"type":"Feature","geometry":{"type":"Point","coordinates":[128.8511,35.456]},"properties":{"ref":"HL/GN-083","name":"만어산 (Maneosan)","name_kanji":null,"alt_m":670,"points":4,"region_code":"GN","region_name":"Gyeongnam","activations":41,"last_activation":"2026-02-15T00:00:00Z"}},{"type":"Feature","geometry":{"type":"Point","coordinates":[127.8061,35.1777]},"properties":{"ref":"HL/GN-084","name":"방화고지 (Banghwagoji)","name_kanji":null,"alt_m":667,"points":4,"region_code":"GN","region_name":"Gyeongnam","activations":2,"last_activation":"2025-02-23T00:00:00Z"}},{"type":"Feature","geometry":{"type":"Point","coordinates":[128.9135,35.4059]},"properties":{"ref":"HL/GN-085","name":"천태산 (Cheontaesan)","name_kanji":null,"alt_m":664,"points":4,"region_code":"GN","region_name":"Gyeongnam","activations":8,"last_activation":"2025-04-06T00:00:00Z"}},{"type":"Feature","geometry":{"type":"Point","coordinates":[128.722,35.4487]},"properties":{"ref":"HL/GN-086","name":"종남산 (Jongnamsan)","name_kanji":null,"alt_m":663,"points":4,"region_code":"GN","region_name":"Gyeongnam","activations":18,"last_activation":"2026-02-01T00:00:00Z"}},{"type":"Feature","geometry":{"type":"Point","coordinates":[128.5776,35.5378]},"properties":{"ref":"HL/GN-087","name":"HL/GN-087","name_kanji":null,"alt_m":663,"points":4,"region_code":"GN","region_name":"Gyeongnam","activations":1,"last_activation":"2019-02-06T00:00:00Z"}},{"type":"Feature","geometry":{"type":"Point","coordinates":[127.9685,35.6038]},"properties":{"ref":"HL/GN-088","name":"HL/GN-088","name_kanji":null,"alt_m":656,"points":4,"region_code":"GN","region_name":"Gyeongnam","activations":2,"last_activation":"2020-12-19T00:00:00Z"}},{"type":"Feature","geometry":{"type":"Point","coordinates":[128.3834,34.9482]},"properties":{"ref":"HL/GN-089","name":"벽방산 (Byeokbangsan)","name_kanji":null,"alt_m":650,"points":4,"region_code":"GN","region_name":"Gyeongnam","activations":13,"last_activation":"2026-03-29T00:00:00Z"}},{"type":"Feature","geometry":{"type":"Point","coordinates":[128.446,35.1769]},"properties":{"ref":"HL/GN-090","name":"봉화산 (Bonghwasan)","name_kanji":null,"alt_m":650,"points":4,"region_code":"GN","region_name":"Gyeongnam","activations":6,"last_activation":"2025-04-26T00:00:00Z"}},{"type":"Feature","geometry":{"type":"Point","coordinates":[128.5655,35.3017]},"properties":{"ref":"HL/GN-091","name":"작대산 (Jakdaesan)","name_kanji":null,"alt_m":648,"points":2,"region_code":"GN","region_name":"Gyeongnam","activations":4,"last_activation":"2025-12-25T00:00:00Z"}},{"type":"Feature","geometry":{"type":"Point","coordinates":[128.082,35.6074]},"properties":{"ref":"HL/GN-092","name":"인덕산 (Indeoksan)","name_kanji":null,"alt_m":647,"points":2,"region_code":"GN","region_name":"Gyeongnam","activations":1,"last_activation":"2019-01-27T00:00:00Z"}},{"type":"Feature","geometry":{"type":"Point","coordinates":[128.4139,35.139]},"properties":{"ref":"HL/GN-093","name":"인황산 (Inhwangsan)","name_kanji":null,"alt_m":644,"points":2,"region_code":"GN","region_name":"Gyeongnam","activations":3,"last_activation":"2025-03-09T00:00:00Z"}},{"type":"Feature","geometry":{"type":"Point","coordinates":[127.8328,35.2429]},"properties":{"ref":"HL/GN-094","name":"오대주산 (Odaejusan)","name_kanji":null,"alt_m":643,"points":2,"region_code":"GN","region_name":"Gyeongnam","activations":2,"last_activation":"2024-12-22T00:00:00Z"}},{"type":"Feature","geometry":{"type":"Point","coordinates":[128.5831,35.2785]},"properties":{"ref":"HL/GN-095","name":"상봉 (Sangbong)","name_kanji":null,"alt_m":641,"points":2,"region_code":"GN","region_name":"Gyeongnam","activations":12,"last_activation":"2025-12-25T00:00:00Z"}},{"type":"Feature","geometry":{"type":"Point","coordinates":[127.8451,35.2227]},"properties":{"ref":"HL/GN-096","name":"흰덤산 (Huindeomsan)","name_kanji":null,"alt_m":640,"points":2,"region_code":"GN","region_name":"Gyeongnam","activations":2,"last_activation":"2024-12-22T00:00:00Z"}},{"type":"Feature","geometry":{"type":"Point","coordinates":[128.7515,35.2011]},"properties":{"ref":"HL/GN-097","name":"용제봉 (Yongjebong)","name_kanji":null,"alt_m":639,"points":2,"region_code":"GN","region_name":"Gyeongnam","activations":26,"last_activation":"2026-01-18T00:00:00Z"}},{"type":"Feature","geometry":{"type":"Point","coordinates":[128.0494,35.5318]},"properties":{"ref":"HL/GN-098","name":"악견산 (Akgyeonsan)","name_kanji":null,"alt_m":634,"points":2,"region_code":"GN","region_name":"Gyeongnam","activations":1,"last_activation":"2019-02-02T00:00:00Z"}},{"type":"Feature","geometry":{"type":"Point","coordinates":[128.9101,35.2752]},"properties":{"ref":"HL/GN-099","name":"신어산 (Sineosan)","name_kanji":null,"alt_m":631,"points":2,"region_code":"GN","region_name":"Gyeongnam","activations":19,"last_activation":"2025-06-29T00:00:00Z"}},{"type":"Feature","geometry":{"type":"Point","coordinates":[127.8754,35.2541]},"properties":{"ref":"HL/GN-100","name":"수양산 (Suyangsan)","name_kanji":null,"alt_m":625,"points":2,"region_code":"GN","region_name":"Gyeongnam","activations":1,"last_activation":"2024-12-24T00:00:00Z"}},{"type":"Feature","geometry":{"type":"Point","coordinates":[128.709,35.4283]},"properties":{"ref":"HL/GN-101","name":"덕대산 (Deokdaesan)","name_kanji":null,"alt_m":622,"points":2,"region_code":"GN","region_name":"Gyeongnam","activations":3,"last_activation":"2025-02-11T00:00:00Z"}},{"type":"Feature","geometry":{"type":"Point","coordinates":[128.2249,35.5243]},"properties":{"ref":"HL/GN-102","name":"무월봉 (Muwolbong)","name_kanji":null,"alt_m":622,"points":2,"region_code":"GN","region_name":"Gyeongnam","activations":4,"last_activation":"2023-12-21T00:00:00Z"}},{"type":"Feature","geometry":{"type":"Point","coordinates":[128.0193,35.6218]},"properties":{"ref":"HL/GN-103","name":"망일산 (Mangilsan)","name_kanji":null,"alt_m":621,"points":2,"region_code":"GN","region_name":"Gyeongnam","activations":1,"last_activation":"2021-12-12T00:00:00Z"}},{"type":"Feature","geometry":{"type":"Point","coordinates":[128.8745,35.4399]},"properties":{"ref":"HL/GN-104","name":"구천산 (Gucheonsan)","name_kanji":null,"alt_m":620,"points":2,"region_code":"GN","region_name":"Gyeongnam","activations":2,"last_activation":"2020-12-04T00:00:00Z"}},{"type":"Feature","geometry":{"type":"Point","coordinates":[127.9048,34.7909]},"properties":{"ref":"HL/GN-105","name":"송등산 (Songdeungsan)","name_kanji":null,"alt_m":617,"points":2,"region_code":"GN","region_name":"Gyeongnam","activations":2,"last_activation":"2025-02-09T00:00:00Z"}},{"type":"Feature","geometry":{"type":"Point","coordinates":[127.8601,35.1659]},"properties":{"ref":"HL/GN-106","name":"옥산 (Oksan)","name_kanji":null,"alt_m":614,"points":2,"region_code":"GN","region_name":"Gyeongnam","activations":5,"last_activation":"2026-03-02T00:00:00Z"}},{"type":"Feature","geometry":{"type":"Point","coordinates":[128.6406,35.5806]},"properties":{"ref":"HL/GN-107","name":"호암산 (Hoamsan)","name_kanji":null,"alt_m":611,"points":2,"region_code":"GN","region_name":"Gyeongnam","activations":1,"last_activation":"2020-12-12T00:00:00Z"}},{"type":"Feature","geometry":{"type":"Point","coordinates":[128.0369,35.5168]},"properties":{"ref":"HL/GN-108","name":"금성산 (Geumseongsan)","name_kanji":null,"alt_m":609,"points":2,"region_code":"GN","region_name":"Gyeongnam","activations":1,"last_activation":"2019-02-02T00:00:00Z"}},{"type":"Feature","geometry":{"type":"Point","coordinates":[128.2333,35.4663]},"properties":{"ref":"HL/GN-109","name":"만지산 (Manjisan)","name_kanji":null,"alt_m":607,"points":2,"region_code":"GN","region_name":"Gyeongnam","activations":1,"last_activation":"2023-07-08T00:00:00Z"}},{"type":"Feature","geometry":{"type":"Point","coordinates":[128.9108,35.4975]},"properties":{"ref":"HL/GN-110","name":"수연산 (Suyeonsan)","name_kanji":null,"alt_m":600,"points":2,"region_code":"GN","region_name":"Gyeongnam","activations":1,"last_activation":"2023-09-28T00:00:00Z"}},{"type":"Feature","geometry":{"type":"Point","coordinates":[128.7117,35.4626]},"properties":{"ref":"HL/GN-111","name":"우령산 (Uryeongsan)","name_kanji":null,"alt_m":596,"points":2,"region_code":"GN","region_name":"Gyeongnam","activations":2,"last_activation":"2023-12-23T00:00:00Z"}},{"type":"Feature","geometry":{"type":"Point","coordinates":[128.6744,35.1755]},"properties":{"ref":"HL/GN-112","name":"장복산 (Jangboksan)","name_kanji":null,"alt_m":593,"points":2,"region_code":"GN","region_name":"Gyeongnam","activations":12,"last_activation":"2026-01-25T00:00:00Z"}},{"type":"Feature","geometry":{"type":"Point","coordinates":[127.7782,35.4916]},"properties":{"ref":"HL/GN-113","name":"화장산 (Hwajangsan)","name_kanji":null,"alt_m":586,"points":2,"region_code":"GN","region_name":"Gyeongnam","activations":1,"last_activation":"2023-10-14T00:00:00Z"}},{"type":"Feature","geometry":{"type":"Point","coordinates":[128.2627,35.0217]},"properties":{"ref":"HL/GN-114","name":"무량산 (Muryangsan)","name_kanji":null,"alt_m":583,"points":2,"region_code":"GN","region_name":"Gyeongnam","activations":1,"last_activation":"2023-12-17T00:00:00Z"}},{"type":"Feature","geometry":{"type":"Point","coordinates":[127.9953,34.7842]},"properties":{"ref":"HL/GN-115","name":"HL/GN-115","name_kanji":null,"alt_m":582,"points":2,"region_code":"GN","region_name":"Gyeongnam","activations":2,"last_activation":"2025-02-09T00:00:00Z"}},{"type":"Feature","geometry":{"type":"Point","coordinates":[128.6217,34.754]},"properties":{"ref":"HL/GN-116","name":"가리산 (Garisan)","name_kanji":null,"alt_m":585,"points":2,"region_code":"GN","region_name":"Gyeongnam","activations":4,"last_activation":"2025-01-04T00:00:00Z"}},{"type":"Feature","geometry":{"type":"Point","coordinates":[127.8471,35.6561]},"properties":{"ref":"HL/GN-117","name":"HL/GN-117","name_kanji":null,"alt_m":580,"points":2,"region_code":"GN","region_name":"Gyeongnam","activations":1,"last_activation":"2023-09-27T00:00:00Z"}},{"type":"Feature","geometry":{"type":"Point","coordinates":[127.9166,35.3391]},"properties":{"ref":"HL/GN-118","name":"수리봉 (Suribong)","name_kanji":null,"alt_m":580,"points":2,"region_code":"GN","region_name":"Gyeongnam","activations":2,"last_activation":"2025-01-05T00:00:00Z"}},{"type":"Feature","geometry":{"type":"Point","coordinates":[128.5331,35.5132]},"properties":{"ref":"HL/GN-119","name":"구현산 (Guhyeonsan)","name_kanji":null,"alt_m":579,"points":2,"region_code":"GN","region_name":"Gyeongnam","activations":1,"last_activation":"2018-12-26T00:00:00Z"}},{"type":"Feature","geometry":{"type":"Point","coordinates":[128.1671,34.9618]},"properties":{"ref":"HL/GN-120","name":"향로봉 (Hyangnobong)","name_kanji":null,"alt_m":579,"points":2,"region_code":"GN","region_name":"Gyeongnam","activations":3,"last_activation":"2025-10-12T00:00:00Z"}},{"type":"Feature","geometry":{"type":"Point","coordinates":[128.2009,34.9768]},"properties":{"ref":"HL/GN-121","name":"수태산 (Sutaesan)","name_kanji":null,"alt_m":575,"points":2,"region_code":"GN","region_name":"Gyeongnam","activations":7,"last_activation":"2025-10-12T00:00:00Z"}},{"type":"Feature","geometry":{"type":"Point","coordinates":[128.034,35.3128]},"properties":{"ref":"HL/GN-122","name":"집현산 (Jiphyeonsan)","name_kanji":null,"alt_m":572,"points":2,"region_code":"GN","region_name":"Gyeongnam","activations":2,"last_activation":"2025-08-24T00:00:00Z"}},{"type":"Feature","geometry":{"type":"Point","coordinates":[128.38,34.9949]},"properties":{"ref":"HL/GN-123","name":"거류산 (Georyusan)","name_kanji":null,"alt_m":572,"points":2,"region_code":"GN","region_name":"Gyeongnam","activations":2,"last_activation":"2023-06-06T00:00:00Z"}},{"type":"Feature","geometry":{"type":"Point","coordinates":[127.8913,35.0869]},"properties":{"ref":"HL/GN-124","name":"이명산 (Imyeongsan)","name_kanji":null,"alt_m":570,"points":2,"region_code":"GN","region_name":"Gyeongnam","activations":4,"last_activation":"2026-01-01T00:00:00Z"}},{"type":"Feature","geometry":{"type":"Point","coordinates":[127.8411,35.6224]},"properties":{"ref":"HL/GN-125","name":"HL/GN-125","name_kanji":null,"alt_m":570,"points":2,"region_code":"GN","region_name":"Gyeongnam","activations":1,"last_activation":"2024-10-13T00:00:00Z"}},{"type":"Feature","geometry":{"type":"Point","coordinates":[128.6071,34.8721]},"properties":{"ref":"HL/GN-126","name":"계룡산 (Gyeryongsan)","name_kanji":null,"alt_m":566,"points":2,"region_code":"GN","region_name":"Gyeongnam","activations":12,"last_activation":"2026-03-07T00:00:00Z"}},{"type":"Feature","geometry":{"type":"Point","coordinates":[128.6921,35.2634]},"properties":{"ref":"HL/GN-127","name":"정병산 (Jeongbyeongsan)","name_kanji":null,"alt_m":566,"points":2,"region_code":"GN","region_name":"Gyeongnam","activations":16,"last_activation":"2026-02-08T00:00:00Z"}},{"type":"Feature","geometry":{"type":"Point","coordinates":[128.5648,35.3286]},"properties":{"ref":"HL/GN-128","name":"무릉산 (Mureungsan)","name_kanji":null,"alt_m":565,"points":2,"region_code":"GN","region_name":"Gyeongnam","activations":2,"last_activation":"2025-12-25T00:00:00Z"}},{"type":"Feature","geometry":{"type":"Point","coordinates":[128.4203,35.0248]},"properties":{"ref":"HL/GN-129","name":"구절산 (Gujeolsan)","name_kanji":null,"alt_m":559,"points":2,"region_code":"GN","region_name":"Gyeongnam","activations":1,"last_activation":"2023-12-17T00:00:00Z"}},{"type":"Feature","geometry":{"type":"Point","coordinates":[128.6171,34.7786]},"properties":{"ref":"HL/GN-130","name":"노자산 (Nojasan)","name_kanji":null,"alt_m":557,"points":2,"region_code":"GN","region_name":"Gyeongnam","activations":10,"last_activation":"2026-02-21T00:00:00Z"}},{"type":"Feature","geometry":{"type":"Point","coordinates":[128.2003,35.432]},"properties":{"ref":"HL/GN-131","name":"꾀꼬리등 (Kkoekkorideung)","name_kanji":null,"alt_m":557,"points":2,"region_code":"GN","region_name":"Gyeongnam","activations":1,"last_activation":"2023-07-09T00:00:00Z"}},{"type":"Feature","geometry":{"type":"Point","coordinates":[127.804,35.5831]},"properties":{"ref":"HL/GN-132","name":"새암산 (Saeamsan)","name_kanji":null,"alt_m":556,"points":2,"region_code":"GN","region_name":"Gyeongnam","activations":1,"last_activation":"2024-10-13T00:00:00Z"}},{"type":"Feature","geometry":{"type":"Point","coordinates":[128.6931,34.8521]},"properties":{"ref":"HL/GN-133","name":"옥녀봉 (Ongnyeobong)","name_kanji":null,"alt_m":555,"points":2,"region_code":"GN","region_name":"Gyeongnam","activations":5,"last_activation":"2025-12-18T00:00:00Z"}},{"type":"Feature","geometry":{"type":"Point","coordinates":[128.2633,35.0374]},"properties":{"ref":"HL/GN-134","name":"학남산 (Haknamsan)","name_kanji":null,"alt_m":550,"points":2,"region_code":"GN","region_name":"Gyeongnam","activations":1,"last_activation":"2023-12-17T00:00:00Z"}},{"type":"Feature","geometry":{"type":"Point","coordinates":[127.7175,35.479]},"properties":{"ref":"HL/GN-135","name":"HL/GN-135","name_kanji":null,"alt_m":550,"points":2,"region_code":"GN","region_name":"Gyeongnam","activations":1,"last_activation":"2023-10-14T00:00:00Z"}},{"type":"Feature","geometry":{"type":"Point","coordinates":[128.5544,35.582]},"properties":{"ref":"HL/GN-136","name":"HL/GN-136","name_kanji":null,"alt_m":549,"points":2,"region_code":"GN","region_name":"Gyeongnam","activations":1,"last_activation":"2020-12-12T00:00:00Z"}},{"type":"Feature","geometry":{"type":"Point","coordinates":[128.2573,34.9955]},"properties":{"ref":"HL/GN-137","name":"대곡산 (Daegoksan)","name_kanji":null,"alt_m":545,"points":2,"region_code":"GN","region_name":"Gyeongnam","activations":1,"last_activation":"2022-11-11T00:00:00Z"}},{"type":"Feature","geometry":{"type":"Point","coordinates":[128.6005,35.4518]},"properties":{"ref":"HL/GN-138","name":"덕암산 (Deogamsan)","name_kanji":null,"alt_m":545,"points":2,"region_code":"GN","region_name":"Gyeongnam","activations":1,"last_activation":"2021-09-22T00:00:00Z"}},{"type":"Feature","geometry":{"type":"Point","coordinates":[128.0324,35.5924]},"properties":{"ref":"HL/GN-139","name":"논덕산 (Nondeoksan)","name_kanji":null,"alt_m":545,"points":2,"region_code":"GN","region_name":"Gyeongnam","activations":1,"last_activation":"2019-01-27T00:00:00Z"}},{"type":"Feature","geometry":{"type":"Point","coordinates":[127.9068,35.4853]},"properties":{"ref":"HL/GN-140","name":"매봉 (Maebong)","name_kanji":null,"alt_m":539,"points":2,"region_code":"GN","region_name":"Gyeongnam","activations":1,"last_activation":"2024-10-13T00:00:00Z"}},{"type":"Feature","geometry":{"type":"Point","coordinates":[128.7405,35.5462]},"properties":{"ref":"HL/GN-141","name":"옥교산 (Okgyosan)","name_kanji":null,"alt_m":538,"points":2,"region_code":"GN","region_name":"Gyeongnam","activations":1,"last_activation":"2020-12-13T00:00:00Z"}},{"type":"Feature","geometry":{"type":"Point","coordinates":[129.0922,35.3433]},"properties":{"ref":"HL/GN-142","name":"군지산 (Gunjisan)","name_kanji":null,"alt_m":535,"points":2,"region_code":"GN","region_name":"Gyeongnam","activations":7,"last_activation":"2025-01-29T00:00:00Z"}},{"type":"Feature","geometry":{"type":"Point","coordinates":[128.2345,35.06]},"properties":{"ref":"HL/GN-143","name":"어산 (Eosan)","name_kanji":null,"alt_m":534,"points":2,"region_code":"GN","region_name":"Gyeongnam","activations":2,"last_activation":"2024-12-25T00:00:00Z"}},{"type":"Feature","geometry":{"type":"Point","coordinates":[128.985,35.3307]},"properties":{"ref":"HL/GN-144","name":"오봉산 (Obongsan)","name_kanji":null,"alt_m":533,"points":2,"region_code":"GN","region_name":"Gyeongnam","activations":7,"last_activation":"2025-11-29T00:00:00Z"}},{"type":"Feature","geometry":{"type":"Point","coordinates":[128.2942,35.2533]},"properties":{"ref":"HL/GN-145","name":"방어산 (Bangeosan)","name_kanji":null,"alt_m":530,"points":2,"region_code":"GN","region_name":"Gyeongnam","activations":3,"last_activation":"2025-03-30T00:00:00Z"}},{"type":"Feature","geometry":{"type":"Point","coordinates":[128.2423,35.021]},"properties":{"ref":"HL/GN-146","name":"송구산 (Songgusan)","name_kanji":null,"alt_m":527,"points":2,"region_code":"GN","region_name":"Gyeongnam","activations":1,"last_activation":"2023-12-17T00:00:00Z"}},{"type":"Feature","geometry":{"type":"Point","coordinates":[128.2624,35.0632]},"properties":{"ref":"HL/GN-147","name":"시루봉 (Sirubong)","name_kanji":null,"alt_m":526,"points":2,"region_code":"GN","region_name":"Gyeongnam","activations":11,"last_activation":"2025-03-08T00:00:00Z"}},{"type":"Feature","geometry":{"type":"Point","coordinates":[128.2278,35.2993]},"properties":{"ref":"HL/GN-148","name":"벽화산 (Byeokhwasan)","name_kanji":null,"alt_m":522,"points":2,"region_code":"GN","region_name":"Gyeongnam","activations":2,"last_activation":"2024-12-23T00:00:00Z"}},{"type":"Feature","geometry":{"type":"Point","coordinates":[128.3515,35.1234]},"properties":{"ref":"HL/GN-149","name":"준봉산 (Junbongsan)","name_kanji":null,"alt_m":522,"points":2,"region_code":"GN","region_name":"Gyeongnam","activations":1,"last_activation":"2024-12-25T00:00:00Z"}},{"type":"Feature","geometry":{"type":"Point","coordinates":[128.0608,35.5634]},"properties":{"ref":"HL/GN-150","name":"소룡산 (Soryongsan)","name_kanji":null,"alt_m":521,"points":2,"region_code":"GN","region_name":"Gyeongnam","activations":1,"last_activation":"2019-02-02T00:00:00Z"}},{"type":"Feature","geometry":{"type":"Point","coordinates":[127.8335,35.4509]},"properties":{"ref":"HL/GN-151","name":"봉화산 (Bonghwasan)","name_kanji":null,"alt_m":520,"points":2,"region_code":"GN","region_name":"Gyeongnam","activations":5,"last_activation":"2026-03-13T00:00:00Z"}},{"type":"Feature","geometry":{"type":"Point","coordinates":[128.9403,35.2791]},"properties":{"ref":"HL/GN-152","name":"장척산 (Jangcheoksan)","name_kanji":null,"alt_m":520,"points":2,"region_code":"GN","region_name":"Gyeongnam","activations":4,"last_activation":"2025-01-18T00:00:00Z"}},{"type":"Feature","geometry":{"type":"Point","coordinates":[127.9674,35.6478]},"properties":{"ref":"HL/GN-153","name":"감토산 (Gamtosan)","name_kanji":null,"alt_m":518,"points":2,"region_code":"GN","region_name":"Gyeongnam","activations":2,"last_activation":"2022-01-02T00:00:00Z"}},{"type":"Feature","geometry":{"type":"Point","coordinates":[127.7801,35.587]},"properties":{"ref":"HL/GN-154","name":"마안산 (Maansan)","name_kanji":null,"alt_m":508,"points":2,"region_code":"GN","region_name":"Gyeongnam","activations":1,"last_activation":"2023-05-13T00:00:00Z"}},{"type":"Feature","geometry":{"type":"Point","coordinates":[128.6122,34.9412]},"properties":{"ref":"HL/GN-155","name":"앵산 (Aengsan)","name_kanji":null,"alt_m":507,"points":2,"region_code":"GN","region_name":"Gyeongnam","activations":5,"last_activation":"2025-03-13T00:00:00Z"}},{"type":"Feature","geometry":{"type":"Point","coordinates":[128.5394,34.8616]},"properties":{"ref":"HL/GN-156","name":"산방산 (Sanbangsan)","name_kanji":null,"alt_m":507,"points":2,"region_code":"GN","region_name":"Gyeongnam","activations":7,"last_activation":"2026-03-14T00:00:00Z"}},{"type":"Feature","geometry":{"type":"Point","coordinates":[127.8684,34.9715]},"properties":{"ref":"HL/GN-157","name":"깃대봉 (Gitdaebong)","name_kanji":null,"alt_m":504,"points":2,"region_code":"GN","region_name":"Gyeongnam","activations":3,"last_activation":"2025-01-30T00:00:00Z"}},{"type":"Feature","geometry":{"type":"Point","coordinates":[128.0359,34.755]},"properties":{"ref":"HL/GN-158","name":"대기봉 (Daegibong)","name_kanji":null,"alt_m":501,"points":2,"region_code":"GN","region_name":"Gyeongnam","activations":1,"last_activation":"2025-01-04T00:00:00Z"}},{"type":"Feature","geometry":{"type":"Point","coordinates":[128.1706,35.3773]},"properties":{"ref":"HL/GN-159","name":"HL/GN-159","name_kanji":null,"alt_m":501,"points":2,"region_code":"GN","region_name":"Gyeongnam","activations":3,"last_activation":"2025-09-27T00:00:00Z"}},{"type":"Feature","geometry":{"type":"Point","coordinates":[128.3697,35.1092]},"properties":{"ref":"HL/GN-160","name":"적석산 (Jeokseoksan)","name_kanji":null,"alt_m":498,"points":1,"region_code":"GN","region_name":"Gyeongnam","activations":2,"last_activation":"2026-03-28T00:00:00Z"}},{"type":"Feature","geometry":{"type":"Point","coordinates":[128.5538,34.8816]},"properties":{"ref":"HL/GN-161","name":"백암산 (Baegamsan)","name_kanji":null,"alt_m":495,"points":1,"region_code":"GN","region_name":"Gyeongnam","activations":1,"last_activation":"2024-03-24T00:00:00Z"}},{"type":"Feature","geometry":{"type":"Point","coordinates":[128.8898,35.3217]},"properties":{"ref":"HL/GN-162","name":"석룡산 (Seongnyongsan)","name_kanji":null,"alt_m":493,"points":1,"region_code":"GN","region_name":"Gyeongnam","activations":3,"last_activation":"2025-05-12T00:00:00Z"}},{"type":"Feature","geometry":{"type":"Point","coordinates":[128.3245,35.6423]},"properties":{"ref":"HL/GN-163","name":"소학산 (Sohaksan)","name_kanji":null,"alt_m":489,"points":1,"region_code":"GN","region_name":"Gyeongnam","activations":1,"last_activation":"2021-08-29T00:00:00Z"}},{"type":"Feature","geometry":{"type":"Point","coordinates":[128.8263,35.481]},"properties":{"ref":"HL/GN-164","name":"칠탄산 (Chiltansan)","name_kanji":null,"alt_m":484,"points":1,"region_code":"GN","region_name":"Gyeongnam","activations":2,"last_activation":"2025-07-05T00:00:00Z"}},{"type":"Feature","geometry":{"type":"Point","coordinates":[128.1938,35.1913]},"properties":{"ref":"HL/GN-165","name":"장군대산 (Janggundaesan)","name_kanji":null,"alt_m":483,"points":1,"region_code":"GN","region_name":"Gyeongnam","activations":3,"last_activation":"2023-01-25T00:00:00Z"}},{"type":"Feature","geometry":{"type":"Point","coordinates":[127.9001,34.7348]},"properties":{"ref":"HL/GN-166","name":"설흘산 (Seolheulsan)","name_kanji":null,"alt_m":482,"points":1,"region_code":"GN","region_name":"Gyeongnam","activations":2,"last_activation":"2025-06-07T00:00:00Z"}},{"type":"Feature","geometry":{"type":"Point","coordinates":[127.9034,34.8118]},"properties":{"ref":"HL/GN-167","name":"금음산 (Geumeumsan)","name_kanji":null,"alt_m":482,"points":1,"region_code":"GN","region_name":"Gyeongnam","activations":1,"last_activation":"2025-03-29T00:00:00Z"}},{"type":"Feature","geometry":{"type":"Point","coordinates":[128.2839,35.1056]},"properties":{"ref":"HL/GN-168","name":"소곡산 (Sogoksan)","name_kanji":null,"alt_m":480,"points":1,"region_code":"GN","region_name":"Gyeongnam","activations":1,"last_activation":"2025-05-04T00:00:00Z"}},{"type":"Feature","geometry":{"type":"Point","coordinates":[128.5776,35.4186]},"properties":{"ref":"HL/GN-169","name":"강태봉 (Gangtaebong)","name_kanji":null,"alt_m":477,"points":1,"region_code":"GN","region_name":"Gyeongnam","activations":1,"last_activation":"2025-04-19T00:00:00Z"}},{"type":"Feature","geometry":{"type":"Point","coordinates":[128.3349,35.9101]},"properties":{"ref":"HL/GN-170","name":"금동산 (Geumdongsan)","name_kanji":null,"alt_m":476,"points":1,"region_code":"GN","region_name":"Gyeongnam","activations":2,"last_activation":"2022-09-25T00:00:00Z"}},{"type":"Feature","geometry":{"type":"Point","coordinates":[128.1852,34.6983]},"properties":{"ref":"HL/GN-171","name":"천황산 (Cheonhwangsan)","name_kanji":null,"alt_m":471,"points":1,"region_code":"GN","region_name":"Gyeongnam","activations":0,"last_activation":null}},{"type":"Feature","geometry":{"type":"Point","coordinates":[128.1878,35.2036]},"properties":{"ref":"HL/GN-172","name":"월야산 (Woryasan)","name_kanji":null,"alt_m":469,"points":1,"region_code":"GN","region_name":"Gyeongnam","activations":2,"last_activation":"2023-01-25T00:00:00Z"}},{"type":"Feature","geometry":{"type":"Point","coordinates":[127.9818,34.8576]},"properties":{"ref":"HL/GN-173","name":"대방산 (Daebangsan)","name_kanji":null,"alt_m":468,"points":1,"region_code":"GN","region_name":"Gyeongnam","activations":1,"last_activation":"2025-04-01T00:00:00Z"}},{"type":"Feature","geometry":{"type":"Point","coordinates":[128.6565,34.8234]},"properties":{"ref":"HL/GN-174","name":"북병산 (Bukbyeongsan)","name_kanji":null,"alt_m":465,"points":1,"region_code":"GN","region_name":"Gyeongnam","activations":1,"last_activation":"2021-05-02T00:00:00Z"}},{"type":"Feature","geometry":{"type":"Point","coordinates":[128.6722,34.885]},"properties":{"ref":"HL/GN-175","name":"국사봉 (Guksabong)","name_kanji":null,"alt_m":462,"points":1,"region_code":"GN","region_name":"Gyeongnam","activations":2,"last_activation":"2025-11-20T00:00:00Z"}},{"type":"Feature","geometry":{"type":"Point","coordinates":[129.0063,35.3603]},"properties":{"ref":"HL/GN-176","name":"HL/GN-176","name_kanji":null,"alt_m":462,"points":1,"region_code":"GN","region_name":"Gyeongnam","activations":3,"last_activation":"2025-01-28T00:00:00Z"}},{"type":"Feature","geometry":{"type":"Point","coordinates":[128.4158,34.8109]},"properties":{"ref":"HL/GN-177","name":"미륵산 (Mireuksan)","name_kanji":null,"alt_m":461,"points":1,"region_code":"GN","region_name":"Gyeongnam","activations":5,"last_activation":"2026-03-28T00:00:00Z"}},{"type":"Feature","geometry":{"type":"Point","coordinates":[128.1454,35.0122]},"properties":{"ref":"HL/GN-178","name":"흥무산 (Heungmusan)","name_kanji":null,"alt_m":455,"points":1,"region_code":"GN","region_name":"Gyeongnam","activations":1,"last_activation":"2025-05-25T00:00:00Z"}},{"type":"Feature","geometry":{"type":"Point","coordinates":[128.4864,35.2579]},"properties":{"ref":"HL/GN-179","name":"화개산 (Hwagaesan)","name_kanji":null,"alt_m":455,"points":1,"region_code":"GN","region_name":"Gyeongnam","activations":1,"last_activation":"2025-05-04T00:00:00Z"}},{"type":"Feature","geometry":{"type":"Point","coordinates":[127.8774,34.9146]},"properties":{"ref":"HL/GN-180","name":"녹두산 (Nokdusan)","name_kanji":null,"alt_m":451,"points":1,"region_code":"GN","region_name":"Gyeongnam","activations":1,"last_activation":"2025-03-29T00:00:00Z"}},{"type":"Feature","geometry":{"type":"Point","coordinates":[127.8093,35.0701]},"properties":{"ref":"HL/GN-181","name":"정안봉 (Jeonganbong)","name_kanji":null,"alt_m":448,"points":1,"region_code":"GN","region_name":"Gyeongnam","activations":1,"last_activation":"2024-12-01T00:00:00Z"}},{"type":"Feature","geometry":{"type":"Point","coordinates":[127.8658,35.961]},"properties":{"ref":"HL/GN-182","name":"연대봉 (Yeondaebong)","name_kanji":null,"alt_m":447,"points":1,"region_code":"GN","region_name":"Gyeongnam","activations":1,"last_activation":"2018-12-24T00:00:00Z"}},{"type":"Feature","geometry":{"type":"Point","coordinates":[128.6242,35.3993]},"properties":{"ref":"HL/GN-183","name":"처녀봉 (Cheonyeobong)","name_kanji":null,"alt_m":446,"points":1,"region_code":"GN","region_name":"Gyeongnam","activations":1,"last_activation":"2025-04-19T00:00:00Z"}},{"type":"Feature","geometry":{"type":"Point","coordinates":[128.1014,35.0208]},"properties":{"ref":"HL/GN-184","name":"명지재 (Myungjijae)","name_kanji":null,"alt_m":445,"points":1,"region_code":"GN","region_name":"Gyeongnam","activations":1,"last_activation":"2025-05-25T00:00:00Z"}},{"type":"Feature","geometry":{"type":"Point","coordinates":[127.795,35.5359]},"properties":{"ref":"HL/GN-185","name":"연화산 (Yeonhwasan)","name_kanji":null,"alt_m":443,"points":1,"region_code":"GN","region_name":"Gyeongnam","activations":2,"last_activation":"2024-11-22T00:00:00Z"}},{"type":"Feature","geometry":{"type":"Point","coordinates":[128.1551,35.3509]},"properties":{"ref":"HL/GN-186","name":"망룡산 (Mangnyongsan)","name_kanji":null,"alt_m":442,"points":1,"region_code":"GN","region_name":"Gyeongnam","activations":4,"last_activation":"2025-09-28T00:00:00Z"}},{"type":"Feature","geometry":{"type":"Point","coordinates":[128.6548,34.8061]},"properties":{"ref":"HL/GN-187","name":"애바위 (Aebawi)","name_kanji":null,"alt_m":440,"points":1,"region_code":"GN","region_name":"Gyeongnam","activations":1,"last_activation":"2022-11-19T00:00:00Z"}},{"type":"Feature","geometry":{"type":"Point","coordinates":[127.9241,35.7509]},"properties":{"ref":"HL/GN-188","name":"HL/GN-188","name_kanji":null,"alt_m":440,"points":1,"region_code":"GN","region_name":"Gyeongnam","activations":1,"last_activation":"2023-09-27T00:00:00Z"}},{"type":"Feature","geometry":{"type":"Point","coordinates":[128.6231,35.4192]},"properties":{"ref":"HL/GN-189","name":"HL/GN-189","name_kanji":null,"alt_m":440,"points":1,"region_code":"GN","region_name":"Gyeongnam","activations":1,"last_activation":"2025-04-19T00:00:00Z"}},{"type":"Feature","geometry":{"type":"Point","coordinates":[128.2997,35.1254]},"properties":{"ref":"HL/GN-190","name":"보잠산 (Bojamsan)","name_kanji":null,"alt_m":439,"points":1,"region_code":"GN","region_name":"Gyeongnam","activations":1,"last_activation":"2025-05-04T00:00:00Z"}},{"type":"Feature","geometry":{"type":"Point","coordinates":[128.7,34.9516]},"properties":{"ref":"HL/GN-191","name":"대금산 (Daegumsan)","name_kanji":null,"alt_m":438,"points":1,"region_code":"GN","region_name":"Gyeongnam","activations":5,"last_activation":"2025-06-19T00:00:00Z"}},{"type":"Feature","geometry":{"type":"Point","coordinates":[128.3561,35.0936]},"properties":{"ref":"HL/GN-192","name":"깃대봉 (Gitdaebong)","name_kanji":null,"alt_m":435,"points":1,"region_code":"GN","region_name":"Gyeongnam","activations":1,"last_activation":"2025-05-04T00:00:00Z"}},{"type":"Feature","geometry":{"type":"Point","coordinates":[128.5097,35.63]},"properties":{"ref":"HL/GN-193","name":"연화봉 (Yeonhwabong)","name_kanji":null,"alt_m":434,"points":1,"region_code":"GN","region_name":"Gyeongnam","activations":1,"last_activation":"2021-10-04T00:00:00Z"}},{"type":"Feature","geometry":{"type":"Point","coordinates":[128.6414,35.2867]},"properties":{"ref":"HL/GN-194","name":"구룡산 (Guryongsan)","name_kanji":null,"alt_m":432,"points":1,"region_code":"GN","region_name":"Gyeongnam","activations":2,"last_activation":"2025-06-19T00:00:00Z"}},{"type":"Feature","geometry":{"type":"Point","coordinates":[128.6501,34.8]},"properties":{"ref":"HL/GN-195","name":"HL/GN-195","name_kanji":null,"alt_m":431,"points":1,"region_code":"GN","region_name":"Gyeongnam","activations":1,"last_activation":"2022-11-26T00:00:00Z"}},{"type":"Feature","geometry":{"type":"Point","coordinates":[128.0307,34.7821]},"properties":{"ref":"HL/GN-196","name":"무등산 (Mudungsan)","name_kanji":null,"alt_m":430,"points":1,"region_code":"GN","region_name":"Gyeongnam","activations":1,"last_activation":"2025-04-01T00:00:00Z"}},{"type":"Feature","geometry":{"type":"Point","coordinates":[128.6335,35.3334]},"properties":{"ref":"HL/GN-197","name":"백월산 (Baegwolsan)","name_kanji":null,"alt_m":428,"points":1,"region_code":"GN","region_name":"Gyeongnam","activations":3,"last_activation":"2025-11-06T00:00:00Z"}},{"type":"Feature","geometry":{"type":"Point","coordinates":[128.86,35.3041]},"properties":{"ref":"HL/GN-198","name":"HL/GN-198","name_kanji":null,"alt_m":428,"points":1,"region_code":"GN","region_name":"Gyeongnam","activations":2,"last_activation":"2025-10-10T00:00:00Z"}},{"type":"Feature","geometry":{"type":"Point","coordinates":[128.6712,35.4337]},"properties":{"ref":"HL/GN-199","name":"HL/GN-199","name_kanji":null,"alt_m":426,"points":1,"region_code":"GN","region_name":"Gyeongnam","activations":1,"last_activation":"2025-05-03T00:00:00Z"}},{"type":"Feature","geometry":{"type":"Point","coordinates":[127.8616,34.8789]},"properties":{"ref":"HL/GN-200","name":"삼봉산 (Sambongsan)","name_kanji":null,"alt_m":423,"points":1,"region_code":"GN","region_name":"Gyeongnam","activations":1,"last_activation":"2025-03-23T00:00:00Z"}},{"type":"Feature","geometry":{"type":"Point","coordinates":[128.6348,35.5572]},"properties":{"ref":"HL/GN-201","name":"죽바위산 (Jukbawisan)","name_kanji":null,"alt_m":422,"points":1,"region_code":"GN","region_name":"Gyeongnam","activations":1,"last_activation":"2023-06-30T00:00:00Z"}},{"type":"Feature","geometry":{"type":"Point","coordinates":[128.1869,34.9242]},"properties":{"ref":"HL/GN-202","name":"좌이산 (Jwaisan)","name_kanji":null,"alt_m":415,"points":1,"region_code":"GN","region_name":"Gyeongnam","activations":2,"last_activation":"2025-06-01T00:00:00Z"}},{"type":"Feature","geometry":{"type":"Point","coordinates":[128.4165,34.9675]},"properties":{"ref":"HL/GN-203","name":"면화산 (Myunhwasan)","name_kanji":null,"alt_m":414,"points":1,"region_code":"GN","region_name":"Gyeongnam","activations":1,"last_activation":"2025-06-03T00:00:00Z"}},{"type":"Feature","geometry":{"type":"Point","coordinates":[128.597,34.7498]},"properties":{"ref":"HL/GN-204","name":"왕지산 (Wangjisan)","name_kanji":null,"alt_m":414,"points":1,"region_code":"GN","region_name":"Gyeongnam","activations":1,"last_activation":"2022-11-13T00:00:00Z"}},{"type":"Feature","geometry":{"type":"Point","coordinates":[128.5057,34.8702]},"properties":{"ref":"HL/GN-205","name":"할미봉 (Halmibong)","name_kanji":null,"alt_m":411,"points":1,"region_code":"GN","region_name":"Gyeongnam","activations":3,"last_activation":"2024-04-27T00:00:00Z"}},{"type":"Feature","geometry":{"type":"Point","coordinates":[128.5552,35.4117]},"properties":{"ref":"HL/GN-206","name":"큰등 (Keundeung)","name_kanji":null,"alt_m":411,"points":1,"region_code":"GN","region_name":"Gyeongnam","activations":1,"last_activation":"2021-09-22T00:00:00Z"}},{"type":"Feature","geometry":{"type":"Point","coordinates":[128.5114,35.1261]},"properties":{"ref":"HL/GN-207","name":"수리봉 (Suribong)","name_kanji":null,"alt_m":405,"points":1,"region_code":"GN","region_name":"Gyeongnam","activations":2,"last_activation":"2026-04-05T00:00:00Z"}},{"type":"Feature","geometry":{"type":"Point","coordinates":[128.1787,35.0533]},"properties":{"ref":"HL/GN-208","name":"봉대산 (Bongdaesan)","name_kanji":null,"alt_m":403,"points":1,"region_code":"GN","region_name":"Gyeongnam","activations":1,"last_activation":"2025-06-01T00:00:00Z"}},{"type":"Feature","geometry":{"type":"Point","coordinates":[128.3178,35.6149]},"properties":{"ref":"HL/GN-209","name":"다남산 (Danamsan)","name_kanji":null,"alt_m":402,"points":1,"region_code":"GN","region_name":"Gyeongnam","activations":1,"last_activation":"2021-08-29T00:00:00Z"}},{"type":"Feature","geometry":{"type":"Point","coordinates":[128.4489,35.2914]},"properties":{"ref":"HL/GN-210","name":"자양산 (Jayangsan)","name_kanji":null,"alt_m":402,"points":1,"region_code":"GN","region_name":"Gyeongnam","activations":14,"last_activation":"2026-03-14T00:00:00Z"}},{"type":"Feature","geometry":{"type":"Point","coordinates":[128.2406,34.9691]},"properties":{"ref":"HL/GN-211","name":"천왕산 (Cheonwangsan)","name_kanji":null,"alt_m":400,"points":1,"region_code":"GN","region_name":"Gyeongnam","activations":1,"last_activation":"2025-06-01T00:00:00Z"}},{"type":"Feature","geometry":{"type":"Point","coordinates":[128.5614,35.3417]},"properties":{"ref":"HL/GN-212","name":"HL/GN-212","name_kanji":null,"alt_m":400,"points":1,"region_code":"GN","region_name":"Gyeongnam","activations":1,"last_activation":"2025-03-30T00:00:00Z"}},{"type":"Feature","geometry":{"type":"Point","coordinates":[128.3225,35.1109]},"properties":{"ref":"HL/GN-213","name":"용암산 (Yongamsan)","name_kanji":null,"alt_m":400,"points":1,"region_code":"GN","region_name":"Gyeongnam","activations":2,"last_activation":"2026-03-28T00:00:00Z"}},{"type":"Feature","geometry":{"type":"Point","coordinates":[128.1968,34.8507]},"properties":{"ref":"HL/GN-214","name":"불모산 (Bulmosan)","name_kanji":null,"alt_m":399,"points":1,"region_code":"GN","region_name":"Gyeongnam","activations":5,"last_activation":"2026-03-21T00:00:00Z"}},{"type":"Feature","geometry":{"type":"Point","coordinates":[128.0621,34.944]},"properties":{"ref":"HL/GN-215","name":"각산 (Gaksan)","name_kanji":null,"alt_m":398,"points":1,"region_code":"GN","region_name":"Gyeongnam","activations":3,"last_activation":"2024-09-29T00:00:00Z"}},{"type":"Feature","geometry":{"type":"Point","coordinates":[127.8573,34.7937]},"properties":{"ref":"HL/GN-216","name":"천황산 (Cheonhwangsan)","name_kanji":null,"alt_m":395,"points":1,"region_code":"GN","region_name":"Gyeongnam","activations":1,"last_activation":"2025-03-29T00:00:00Z"}},{"type":"Feature","geometry":{"type":"Point","coordinates":[128.7948,35.2494]},"properties":{"ref":"HL/GN-217","name":"황새봉 (Hwangsaebong)","name_kanji":null,"alt_m":393,"points":1,"region_code":"GN","region_name":"Gyeongnam","activations":3,"last_activation":"2025-10-10T00:00:00Z"}},{"type":"Feature","geometry":{"type":"Point","coordinates":[128.7566,35.4206]},"properties":{"ref":"HL/GN-218","name":"팔봉산 (Palbongsan)","name_kanji":null,"alt_m":391,"points":1,"region_code":"GN","region_name":"Gyeongnam","activations":1,"last_activation":"2025-05-01T00:00:00Z"}},{"type":"Feature","geometry":{"type":"Point","coordinates":[128.2008,35.0203]},"properties":{"ref":"HL/GN-219","name":"백운산 (Baegunsan)","name_kanji":null,"alt_m":391,"points":1,"region_code":"GN","region_name":"Gyeongnam","activations":1,"last_activation":"2025-05-31T00:00:00Z"}},{"type":"Feature","geometry":{"type":"Point","coordinates":[128.0574,35.4233]},"properties":{"ref":"HL/GN-220","name":"옥녀봉 (Ongnyeobong)","name_kanji":null,"alt_m":390,"points":1,"region_code":"GN","region_name":"Gyeongnam","activations":1,"last_activation":"2023-06-10T00:00:00Z"}},{"type":"Feature","geometry":{"type":"Point","coordinates":[128.3084,35.0876]},"properties":{"ref":"HL/GN-221","name":"용도산 (Yongdosan)","name_kanji":null,"alt_m":389,"points":1,"region_code":"GN","region_name":"Gyeongnam","activations":2,"last_activation":"2026-03-28T00:00:00Z"}},{"type":"Feature","geometry":{"type":"Point","coordinates":[128.2708,35.4543]},"properties":{"ref":"HL/GN-222","name":"장등산 (Jangdeungsan)","name_kanji":null,"alt_m":381,"points":1,"region_code":"GN","region_name":"Gyeongnam","activations":1,"last_activation":"2023-07-09T00:00:00Z"}},{"type":"Feature","geometry":{"type":"Point","coordinates":[128.1184,35.0443]},"properties":{"ref":"HL/GN-223","name":"이구산 (Igusan)","name_kanji":null,"alt_m":379,"points":1,"region_code":"GN","region_name":"Gyeongnam","activations":1,"last_activation":"2025-05-25T00:00:00Z"}},{"type":"Feature","geometry":{"type":"Point","coordinates":[128.8552,35.2571]},"properties":{"ref":"HL/GN-224","name":"경운산 (Gyeongunsan)","name_kanji":null,"alt_m":379,"points":1,"region_code":"GN","region_name":"Gyeongnam","activations":4,"last_activation":"2025-07-26T00:00:00Z"}},{"type":"Feature","geometry":{"type":"Point","coordinates":[128.827,35.3541]},"properties":{"ref":"HL/GN-225","name":"작약산 (Jagyaksan)","name_kanji":null,"alt_m":378,"points":1,"region_code":"GN","region_name":"Gyeongnam","activations":3,"last_activation":"2022-09-25T00:00:00Z"}},{"type":"Feature","geometry":{"type":"Point","coordinates":[128.6329,35.525]},"properties":{"ref":"HL/GN-226","name":"의봉산 (Uibongsan)","name_kanji":null,"alt_m":376,"points":1,"region_code":"GN","region_name":"Gyeongnam","activations":1,"last_activation":"2023-07-01T00:00:00Z"}},{"type":"Feature","geometry":{"type":"Point","coordinates":[128.6011,34.7144]},"properties":{"ref":"HL/GN-227","name":"망산 (Mangsan)","name_kanji":null,"alt_m":375,"points":1,"region_code":"GN","region_name":"Gyeongnam","activations":1,"last_activation":"2022-10-30T00:00:00Z"}},{"type":"Feature","geometry":{"type":"Point","coordinates":[128.5641,35.4343]},"properties":{"ref":"HL/GN-228","name":"도덕봉 (Dodeokbong)","name_kanji":null,"alt_m":373,"points":1,"region_code":"GN","region_name":"Gyeongnam","activations":1,"last_activation":"2021-09-22T00:00:00Z"}},{"type":"Feature","geometry":{"type":"Point","coordinates":[128.6155,35.3658]},"properties":{"ref":"HL/GN-229","name":"천마산 (Cheonmasan)","name_kanji":null,"alt_m":372,"points":1,"region_code":"GN","region_name":"Gyeongnam","activations":3,"last_activation":"2025-11-06T00:00:00Z"}},{"type":"Feature","geometry":{"type":"Point","coordinates":[127.8908,34.9338]},"properties":{"ref":"HL/GN-230","name":"구두산 (Gudusan)","name_kanji":null,"alt_m":371,"points":1,"region_code":"GN","region_name":"Gyeongnam","activations":1,"last_activation":"2017-08-19T00:00:00Z"}},{"type":"Feature","geometry":{"type":"Point","coordinates":[128.2489,34.6302]},"properties":{"ref":"HL/GN-231","name":"천황산 (Cheonhwangsan)","name_kanji":null,"alt_m":370,"points":1,"region_code":"GN","region_name":"Gyeongnam","activations":1,"last_activation":"2025-05-18T00:00:00Z"}},{"type":"Feature","geometry":{"type":"Point","coordinates":[128.3498,35.2351]},"properties":{"ref":"HL/GN-232","name":"백이산 (Baegisan)","name_kanji":null,"alt_m":369,"points":1,"region_code":"GN","region_name":"Gyeongnam","activations":2,"last_activation":"2025-06-15T00:00:00Z"}},{"type":"Feature","geometry":{"type":"Point","coordinates":[128.0409,35.3704]},"properties":{"ref":"HL/GN-233","name":"갈미봉 (Galmibong)","name_kanji":null,"alt_m":363,"points":1,"region_code":"GN","region_name":"Gyeongnam","activations":1,"last_activation":"2025-05-18T00:00:00Z"}},{"type":"Feature","geometry":{"type":"Point","coordinates":[128.5325,34.9076]},"properties":{"ref":"HL/GN-234","name":"망치산 (Mangchisan)","name_kanji":null,"alt_m":362,"points":1,"region_code":"GN","region_name":"Gyeongnam","activations":1,"last_activation":"2022-10-10T00:00:00Z"}},{"type":"Feature","geometry":{"type":"Point","coordinates":[128.8442,35.1652]},"properties":{"ref":"HL/GN-235","name":"옥녀봉 (Ongnyeobong)","name_kanji":null,"alt_m":361,"points":1,"region_code":"GN","region_name":"Gyeongnam","activations":9,"last_activation":"2025-10-26T00:00:00Z"}},{"type":"Feature","geometry":{"type":"Point","coordinates":[127.9685,34.7319]},"properties":{"ref":"HL/GN-236","name":"HL/GN-236","name_kanji":null,"alt_m":359,"points":1,"region_code":"GN","region_name":"Gyeongnam","activations":1,"last_activation":"2025-04-01T00:00:00Z"}},{"type":"Feature","geometry":{"type":"Point","coordinates":[128.0024,34.8844]},"properties":{"ref":"HL/GN-237","name":"속금산 (Sokgeumsan)","name_kanji":null,"alt_m":358,"points":1,"region_code":"GN","region_name":"Gyeongnam","activations":1,"last_activation":"2025-04-13T00:00:00Z"}},{"type":"Feature","geometry":{"type":"Point","coordinates":[127.9033,35.2744]},"properties":{"ref":"HL/GN-238","name":"HL/GN-238","name_kanji":null,"alt_m":356,"points":1,"region_code":"GN","region_name":"Gyeongnam","activations":1,"last_activation":"2024-12-24T00:00:00Z"}},{"type":"Feature","geometry":{"type":"Point","coordinates":[128.3224,35.0347]},"properties":{"ref":"HL/GN-239","name":"금정산 (Geumjeongsan)","name_kanji":null,"alt_m":356,"points":1,"region_code":"GN","region_name":"Gyeongnam","activations":1,"last_activation":"2025-06-03T00:00:00Z"}},{"type":"Feature","geometry":{"type":"Point","coordinates":[128.8289,35.4137]},"properties":{"ref":"HL/GN-240","name":"청용산 (Cheongyongsan)","name_kanji":null,"alt_m":354,"points":1,"region_code":"GN","region_name":"Gyeongnam","activations":1,"last_activation":"2025-05-01T00:00:00Z"}},{"type":"Feature","geometry":{"type":"Point","coordinates":[128.7041,34.9248]},"properties":{"ref":"HL/GN-241","name":"강망산 (Gangmangsan)","name_kanji":null,"alt_m":348,"points":1,"region_code":"GN","region_name":"Gyeongnam","activations":2,"last_activation":"2025-06-19T00:00:00Z"}},{"type":"Feature","geometry":{"type":"Point","coordinates":[128.0217,35.277]},"properties":{"ref":"HL/GN-242","name":"광제봉 (Gwangjebong)","name_kanji":null,"alt_m":347,"points":1,"region_code":"GN","region_name":"Gyeongnam","activations":2,"last_activation":"2025-05-17T00:00:00Z"}},{"type":"Feature","geometry":{"type":"Point","coordinates":[128.2219,34.8301]},"properties":{"ref":"HL/GN-243","name":"칠현산 (Chilhyeonsan)","name_kanji":null,"alt_m":346,"points":1,"region_code":"GN","region_name":"Gyeongnam","activations":4,"last_activation":"2026-03-21T00:00:00Z"}},{"type":"Feature","geometry":{"type":"Point","coordinates":[128.4831,35.3217]},"properties":{"ref":"HL/GN-244","name":"안국산 (Anguksan)","name_kanji":null,"alt_m":344,"points":1,"region_code":"GN","region_name":"Gyeongnam","activations":2,"last_activation":"2025-03-30T00:00:00Z"}},{"type":"Feature","geometry":{"type":"Point","coordinates":[128.2283,35.009]},"properties":{"ref":"HL/GN-245","name":"천황산 (Cheonhwangsan)","name_kanji":null,"alt_m":343,"points":1,"region_code":"GN","region_name":"Gyeongnam","activations":2,"last_activation":"2025-06-01T00:00:00Z"}},{"type":"Feature","geometry":{"type":"Point","coordinates":[128.329,35.4268]},"properties":{"ref":"HL/GN-246","name":"옥녀봉 (Ongnyeobong)","name_kanji":null,"alt_m":342,"points":1,"region_code":"GN","region_name":"Gyeongnam","activations":2,"last_activation":"2024-12-13T00:00:00Z"}},{"type":"Feature","geometry":{"type":"Point","coordinates":[128.6389,34.8013]},"properties":{"ref":"HL/GN-247","name":"HL/GN-247","name_kanji":null,"alt_m":340,"points":1,"region_code":"GN","region_name":"Gyeongnam","activations":1,"last_activation":"2025-06-07T00:00:00Z"}},{"type":"Feature","geometry":{"type":"Point","coordinates":[129.0564,35.3333]},"properties":{"ref":"HL/GN-248","name":"HL/GN-248","name_kanji":null,"alt_m":340,"points":1,"region_code":"GN","region_name":"Gyeongnam","activations":3,"last_activation":"2025-02-27T00:00:00Z"}},{"type":"Feature","geometry":{"type":"Point","coordinates":[128.0144,34.906]},"properties":{"ref":"HL/GN-249","name":"연태산 (Yeontaesan)","name_kanji":null,"alt_m":339,"points":1,"region_code":"GN","region_name":"Gyeongnam","activations":1,"last_activation":"2024-09-29T00:00:00Z"}},{"type":"Feature","geometry":{"type":"Point","coordinates":[128.6425,34.8786]},"properties":{"ref":"HL/GN-250","name":"독봉산 (Dokbongsan)","name_kanji":null,"alt_m":335,"points":1,"region_code":"GN","region_name":"Gyeongnam","activations":2,"last_activation":"2025-11-20T00:00:00Z"}},{"type":"Feature","geometry":{"type":"Point","coordinates":[128.5242,34.9668]},"properties":{"ref":"HL/GN-251","name":"옥녀봉 (Ongnyeobong)","name_kanji":null,"alt_m":333,"points":1,"region_code":"GN","region_name":"Gyeongnam","activations":1,"last_activation":"2024-10-03T00:00:00Z"}},{"type":"Feature","geometry":{"type":"Point","coordinates":[127.922,35.2523]},"properties":{"ref":"HL/GN-252","name":"팔암산 (Palamsan)","name_kanji":null,"alt_m":330,"points":1,"region_code":"GN","region_name":"Gyeongnam","activations":1,"last_activation":"2025-05-16T00:00:00Z"}},{"type":"Feature","geometry":{"type":"Point","coordinates":[128.6013,35.2327]},"properties":{"ref":"HL/GN-253","name":"팔룡산 (Pallyongsan)","name_kanji":null,"alt_m":328,"points":1,"region_code":"GN","region_name":"Gyeongnam","activations":8,"last_activation":"2025-11-30T00:00:00Z"}},{"type":"Feature","geometry":{"type":"Point","coordinates":[128.3196,34.894]},"properties":{"ref":"HL/GN-254","name":"봉화산 (Bonghwasan)","name_kanji":null,"alt_m":326,"points":1,"region_code":"GN","region_name":"Gyeongnam","activations":1,"last_activation":"2025-06-03T00:00:00Z"}},{"type":"Feature","geometry":{"type":"Point","coordinates":[128.5473,35.3701]},"properties":{"ref":"HL/GN-255","name":"어시미산 (Eosimisan)","name_kanji":null,"alt_m":325,"points":1,"region_code":"GN","region_name":"Gyeongnam","activations":1,"last_activation":"2025-04-19T00:00:00Z"}},{"type":"Feature","geometry":{"type":"Point","coordinates":[128.1775,35.6808]},"properties":{"ref":"HL/GN-256","name":"성령산 (Seongnyeongsan)","name_kanji":null,"alt_m":324,"points":1,"region_code":"GN","region_name":"Gyeongnam","activations":1,"last_activation":"2021-05-09T00:00:00Z"}},{"type":"Feature","geometry":{"type":"Point","coordinates":[128.2573,35.4446]},"properties":{"ref":"HL/GN-257","name":"거장산 (Geojangsan)","name_kanji":null,"alt_m":324,"points":1,"region_code":"GN","region_name":"Gyeongnam","activations":1,"last_activation":"2024-11-24T00:00:00Z"}},{"type":"Feature","geometry":{"type":"Point","coordinates":[128.2667,35.3059]},"properties":{"ref":"HL/GN-258","name":"남산 (Namsan)","name_kanji":null,"alt_m":321,"points":1,"region_code":"GN","region_name":"Gyeongnam","activations":2,"last_activation":"2025-09-26T00:00:00Z"}},{"type":"Feature","geometry":{"type":"Point","coordinates":[128.694,35.5223]},"properties":{"ref":"HL/GN-259","name":"뒷산 (Dwitsan)","name_kanji":null,"alt_m":320,"points":1,"region_code":"GN","region_name":"Gyeongnam","activations":1,"last_activation":"2022-08-13T00:00:00Z"}},{"type":"Feature","geometry":{"type":"Point","coordinates":[128.5701,35.15]},"properties":{"ref":"HL/GN-260","name":"청량산 (Cheongnyangsan)","name_kanji":null,"alt_m":318,"points":1,"region_code":"GN","region_name":"Gyeongnam","activations":6,"last_activation":"2025-08-24T00:00:00Z"}},{"type":"Feature","geometry":{"type":"Point","coordinates":[128.7083,35.4962]},"properties":{"ref":"HL/GN-261","name":"HL/GN-261","name_kanji":null,"alt_m":317,"points":1,"region_code":"GN","region_name":"Gyeongnam","activations":1,"last_activation":"2023-07-01T00:00:00Z"}},{"type":"Feature","geometry":{"type":"Point","coordinates":[128.4592,34.7086]},"properties":{"ref":"HL/GN-262","name":"선유봉 (Seonyubong)","name_kanji":null,"alt_m":313,"points":1,"region_code":"GN","region_name":"Gyeongnam","activations":2,"last_activation":"2021-05-02T00:00:00Z"}},{"type":"Feature","geometry":{"type":"Point","coordinates":[128.2021,35.2544]},"properties":{"ref":"HL/GN-263","name":"대방산 (Daebangsan)","name_kanji":null,"alt_m":312,"points":1,"region_code":"GN","region_name":"Gyeongnam","activations":1,"last_activation":"2025-05-10T00:00:00Z"}},{"type":"Feature","geometry":{"type":"Point","coordinates":[128.4309,35.0872]},"properties":{"ref":"HL/GN-264","name":"호암산 (Hoamsan)","name_kanji":null,"alt_m":309,"points":1,"region_code":"GN","region_name":"Gyeongnam","activations":1,"last_activation":"2025-05-04T00:00:00Z"}},{"type":"Feature","geometry":{"type":"Point","coordinates":[128.4116,35.4405]},"properties":{"ref":"HL/GN-265","name":"구진산 (Gujinsan)","name_kanji":null,"alt_m":308,"points":1,"region_code":"GN","region_name":"Gyeongnam","activations":1,"last_activation":"2024-11-24T00:00:00Z"}},{"type":"Feature","geometry":{"type":"Point","coordinates":[128.7247,34.7986]},"properties":{"ref":"HL/GN-266","name":"망산 (Mangsan)","name_kanji":null,"alt_m":305,"points":1,"region_code":"GN","region_name":"Gyeongnam","activations":2,"last_activation":"2024-02-18T00:00:00Z"}},{"type":"Feature","geometry":{"type":"Point","coordinates":[128.3691,35.2867]},"properties":{"ref":"HL/GN-267","name":"삼봉산 (Sambongsan)","name_kanji":null,"alt_m":302,"points":1,"region_code":"GN","region_name":"Gyeongnam","activations":4,"last_activation":"2025-06-15T00:00:00Z"}},{"type":"Feature","geometry":{"type":"Point","coordinates":[128.1878,35.2847]},"properties":{"ref":"HL/GN-268","name":"HL/GN-268","name_kanji":null,"alt_m":300,"points":1,"region_code":"GN","region_name":"Gyeongnam","activations":1,"last_activation":"2025-05-10T00:00:00Z"}},{"type":"Feature","geometry":{"type":"Point","coordinates":[128.6197,34.8062]},"properties":{"ref":"HL/GN-269","name":"HL/GN-269","name_kanji":null,"alt_m":296,"points":1,"region_code":"GN","region_name":"Gyeongnam","activations":1,"last_activation":"2025-06-07T00:00:00Z"}},{"type":"Feature","geometry":{"type":"Point","coordinates":[128.389,35.4172]},"properties":{"ref":"HL/GN-270","name":"HL/GN-270","name_kanji":null,"alt_m":295,"points":1,"region_code":"GN","region_name":"Gyeongnam","activations":1,"last_activation":"2024-11-24T00:00:00Z"}},{"type":"Feature","geometry":{"type":"Point","coordinates":[128.4916,34.7711]},"properties":{"ref":"HL/GN-271","name":"망산 (Mangsan)","name_kanji":null,"alt_m":294,"points":1,"region_code":"GN","region_name":"Gyeongnam","activations":1,"last_activation":"2024-10-05T00:00:00Z"}},{"type":"Feature","geometry":{"type":"Point","coordinates":[128.6629,34.9254]},"properties":{"ref":"HL/GN-272","name":"남여산 (Namyeosan)","name_kanji":null,"alt_m":288,"points":1,"region_code":"GN","region_name":"Gyeongnam","activations":2,"last_activation":"2025-11-20T00:00:00Z"}},{"type":"Feature","geometry":{"type":"Point","coordinates":[128.2009,35.599]},"properties":{"ref":"HL/GN-273","name":"소학산 (Sohaksan)","name_kanji":null,"alt_m":287,"points":1,"region_code":"GN","region_name":"Gyeongnam","activations":1,"last_activation":"2022-10-07T00:00:00Z"}},{"type":"Feature","geometry":{"type":"Point","coordinates":[128.0347,34.714]},"properties":{"ref":"HL/GN-274","name":"망운산 (Mangunsan)","name_kanji":null,"alt_m":286,"points":1,"region_code":"GN","region_name":"Gyeongnam","activations":1,"last_activation":"2011-05-05T00:00:00Z"}},{"type":"Feature","geometry":{"type":"Point","coordinates":[128.4579,35.6193]},"properties":{"ref":"HL/GN-275","name":"태백산 (Taebaeksan)","name_kanji":null,"alt_m":284,"points":1,"region_code":"GN","region_name":"Gyeongnam","activations":1,"last_activation":"2019-08-28T00:00:00Z"}},{"type":"Feature","geometry":{"type":"Point","coordinates":[128.8271,35.3925]},"properties":{"ref":"HL/GN-276","name":"매봉산 (Maebongsan)","name_kanji":null,"alt_m":284,"points":1,"region_code":"GN","region_name":"Gyeongnam","activations":4,"last_activation":"2025-07-06T00:00:00Z"}},{"type":"Feature","geometry":{"type":"Point","coordinates":[127.9796,35.2709]},"properties":{"ref":"HL/GN-277","name":"검무봉 (Geommubong)","name_kanji":null,"alt_m":280,"points":1,"region_code":"GN","region_name":"Gyeongnam","activations":1,"last_activation":"2025-05-16T00:00:00Z"}},{"type":"Feature","geometry":{"type":"Point","coordinates":[128.575,35.1068]},"properties":{"ref":"HL/GN-278","name":"HL/GN-278","name_kanji":null,"alt_m":280,"points":1,"region_code":"GN","region_name":"Gyeongnam","activations":2,"last_activation":"2026-04-05T00:00:00Z"}},{"type":"Feature","geometry":{"type":"Point","coordinates":[128.3993,34.8788]},"properties":{"ref":"HL/GN-279","name":"제석봉 (Jeseokbong)","name_kanji":null,"alt_m":279,"points":1,"region_code":"GN","region_name":"Gyeongnam","activations":3,"last_activation":"2025-10-12T00:00:00Z"}},{"type":"Feature","geometry":{"type":"Point","coordinates":[128.5709,35.358]},"properties":{"ref":"HL/GN-280","name":"함박산 (Hambaksan)","name_kanji":null,"alt_m":279,"points":1,"region_code":"GN","region_name":"Gyeongnam","activations":1,"last_activation":"2025-03-30T00:00:00Z"}},{"type":"Feature","geometry":{"type":"Point","coordinates":[128.7715,35.3869]},"properties":{"ref":"HL/GN-281","name":"인산 (Insan)","name_kanji":null,"alt_m":279,"points":1,"region_code":"GN","region_name":"Gyeongnam","activations":1,"last_activation":"2025-05-01T00:00:00Z"}},{"type":"Feature","geometry":{"type":"Point","coordinates":[128.1569,35.105]},"properties":{"ref":"HL/GN-282","name":"무선산 (Museonsan)","name_kanji":null,"alt_m":278,"points":1,"region_code":"GN","region_name":"Gyeongnam","activations":2,"last_activation":"2025-06-15T00:00:00Z"}},{"type":"Feature","geometry":{"type":"Point","coordinates":[128.6348,34.7134]},"properties":{"ref":"HL/GN-283","name":"천장산 (Cheonjangsan)","name_kanji":null,"alt_m":277,"points":1,"region_code":"GN","region_name":"Gyeongnam","activations":2,"last_activation":"2024-12-07T00:00:00Z"}},{"type":"Feature","geometry":{"type":"Point","coordinates":[128.3141,35.0093]},"properties":{"ref":"HL/GN-284","name":"연지산 (Yeonjisan)","name_kanji":null,"alt_m":277,"points":1,"region_code":"GN","region_name":"Gyeongnam","activations":2,"last_activation":"2025-06-03T00:00:00Z"}},{"type":"Feature","geometry":{"type":"Point","coordinates":[128.7426,35.3999]},"properties":{"ref":"HL/GN-285","name":"은산 (Eunsan)","name_kanji":null,"alt_m":276,"points":1,"region_code":"GN","region_name":"Gyeongnam","activations":1,"last_activation":"2025-05-03T00:00:00Z"}},{"type":"Feature","geometry":{"type":"Point","coordinates":[128.4775,35.6341]},"properties":{"ref":"HL/GN-286","name":"퇴포산 (Toeposan)","name_kanji":null,"alt_m":268,"points":1,"region_code":"GN","region_name":"Gyeongnam","activations":1,"last_activation":"2021-08-28T00:00:00Z"}},{"type":"Feature","geometry":{"type":"Point","coordinates":[128.047,34.8596]},"properties":{"ref":"HL/GN-287","name":"망치산 (Mangchisan)","name_kanji":null,"alt_m":266,"points":1,"region_code":"GN","region_name":"Gyeongnam","activations":1,"last_activation":"2025-04-13T00:00:00Z"}},{"type":"Feature","geometry":{"type":"Point","coordinates":[128.4872,34.8816]},"properties":{"ref":"HL/GN-288","name":"시래산 (Siraesan)","name_kanji":null,"alt_m":265,"points":1,"region_code":"GN","region_name":"Gyeongnam","activations":3,"last_activation":"2025-11-20T00:00:00Z"}},{"type":"Feature","geometry":{"type":"Point","coordinates":[128.4674,35.0602]},"properties":{"ref":"HL/GN-289","name":"장군산 (Janggunsan)","name_kanji":null,"alt_m":263,"points":1,"region_code":"GN","region_name":"Gyeongnam","activations":1,"last_activation":"2025-06-02T00:00:00Z"}},{"type":"Feature","geometry":{"type":"Point","coordinates":[128.4982,35.6074]},"properties":{"ref":"HL/GN-290","name":"왕령산 (Wangnyeongsan)","name_kanji":null,"alt_m":263,"points":1,"region_code":"GN","region_name":"Gyeongnam","activations":1,"last_activation":"2021-08-28T00:00:00Z"}},{"type":"Feature","geometry":{"type":"Point","coordinates":[128.1912,35.159]},"properties":{"ref":"HL/GN-291","name":"천황산 (Cheonhwangsan)","name_kanji":null,"alt_m":261,"points":1,"region_code":"GN","region_name":"Gyeongnam","activations":1,"last_activation":"2025-06-01T00:00:00Z"}},{"type":"Feature","geometry":{"type":"Point","coordinates":[128.6915,35.0217]},"properties":{"ref":"HL/GN-292","name":"대봉산 (Daebongsan)","name_kanji":null,"alt_m":260,"points":1,"region_code":"GN","region_name":"Gyeongnam","activations":3,"last_activation":"2025-03-13T00:00:00Z"}},{"type":"Feature","geometry":{"type":"Point","coordinates":[128.1816,35.2409]},"properties":{"ref":"HL/GN-293","name":"HL/GN-293","name_kanji":null,"alt_m":255,"points":1,"region_code":"GN","region_name":"Gyeongnam","activations":1,"last_activation":"2025-05-10T00:00:00Z"}},{"type":"Feature","geometry":{"type":"Point","coordinates":[128.404,34.7744]},"properties":{"ref":"HL/GN-294","name":"망산 (Mangsan)","name_kanji":null,"alt_m":255,"points":1,"region_code":"GN","region_name":"Gyeongnam","activations":3,"last_activation":"2025-05-28T00:00:00Z"}},{"type":"Feature","geometry":{"type":"Point","coordinates":[128.3649,35.4585]},"properties":{"ref":"HL/GN-295","name":"진등산 (Jindeungsan)","name_kanji":null,"alt_m":253,"points":1,"region_code":"GN","region_name":"Gyeongnam","activations":1,"last_activation":"2024-11-24T00:00:00Z"}},{"type":"Feature","geometry":{"type":"Point","coordinates":[128.444,34.8788]},"properties":{"ref":"HL/GN-296","name":"삼봉산 (Sambongsan)","name_kanji":null,"alt_m":246,"points":1,"region_code":"GN","region_name":"Gyeongnam","activations":2,"last_activation":"2025-05-28T00:00:00Z"}},{"type":"Feature","geometry":{"type":"Point","coordinates":[128.4432,34.5433]},"properties":{"ref":"HL/GN-297","name":"망산 (Mangsan)","name_kanji":null,"alt_m":242,"points":1,"region_code":"GN","region_name":"Gyeongnam","activations":0,"last_activation":null}},{"type":"Feature","geometry":{"type":"Point","coordinates":[128.7708,35.5033]},"properties":{"ref":"HL/GN-298","name":"추화산 (Chuhwasan)","name_kanji":null,"alt_m":240,"points":1,"region_code":"GN","region_name":"Gyeongnam","activations":9,"last_activation":"2026-03-21T00:00:00Z"}},{"type":"Feature","geometry":{"type":"Point","coordinates":[128.547,34.7553]},"properties":{"ref":"HL/GN-299","name":"HL/GN-299","name_kanji":null,"alt_m":240,"points":1,"region_code":"GN","region_name":"Gyeongnam","activations":1,"last_activation":"2024-10-06T00:00:00Z"}},{"type":"Feature","geometry":{"type":"Point","coordinates":[128.8133,35.1864]},"properties":{"ref":"HL/GN-300","name":"반룡산 (Ballyongsan)","name_kanji":null,"alt_m":237,"points":1,"region_code":"GN","region_name":"Gyeongnam","activations":13,"last_activation":"2025-05-20T00:00:00Z"}},{"type":"Feature","geometry":{"type":"Point","coordinates":[128.0492,34.8152]},"properties":{"ref":"HL/GN-301","name":"물금산 (Mulgumsan)","name_kanji":null,"alt_m":236,"points":1,"region_code":"GN","region_name":"Gyeongnam","activations":1,"last_activation":"2025-04-01T00:00:00Z"}},{"type":"Feature","geometry":{"type":"Point","coordinates":[127.9715,35.0827]},"properties":{"ref":"HL/GN-302","name":"사립재 (Saripjae)","name_kanji":null,"alt_m":235,"points":1,"region_code":"GN","region_name":"Gyeongnam","activations":1,"last_activation":"2025-06-14T00:00:00Z"}},{"type":"Feature","geometry":{"type":"Point","coordinates":[128.6357,34.986]},"properties":{"ref":"HL/GN-303","name":"옥녀봉 (Ongnyeobong)","name_kanji":null,"alt_m":232,"points":1,"region_code":"GN","region_name":"Gyeongnam","activations":2,"last_activation":"2025-03-13T00:00:00Z"}},{"type":"Feature","geometry":{"type":"Point","coordinates":[128.5734,34.6377]},"properties":{"ref":"HL/GN-304","name":"장군봉 (Janggunbong)","name_kanji":null,"alt_m":230,"points":1,"region_code":"GN","region_name":"Gyeongnam","activations":2,"last_activation":"2023-10-14T00:00:00Z"}},{"type":"Feature","geometry":{"type":"Point","coordinates":[128.0013,35.1708]},"properties":{"ref":"HL/GN-305","name":"HL/GN-305","name_kanji":null,"alt_m":229,"points":1,"region_code":"GN","region_name":"Gyeongnam","activations":1,"last_activation":"2025-05-17T00:00:00Z"}},{"type":"Feature","geometry":{"type":"Point","coordinates":[128.5415,34.8186]},"properties":{"ref":"HL/GN-306","name":"당골재산 (Danggoljaesan)","name_kanji":null,"alt_m":220,"points":1,"region_code":"GN","region_name":"Gyeongnam","activations":1,"last_activation":"2024-11-12T00:00:00Z"}},{"type":"Feature","geometry":{"type":"Point","coordinates":[128.5202,34.7607]},"properties":{"ref":"HL/GN-307","name":"HL/GN-307","name_kanji":null,"alt_m":220,"points":1,"region_code":"GN","region_name":"Gyeongnam","activations":1,"last_activation":"2024-10-05T00:00:00Z"}},{"type":"Feature","geometry":{"type":"Point","coordinates":[128.3754,35.5738]},"properties":{"ref":"HL/GN-308","name":"험듬산 (Heomdeumsan)","name_kanji":null,"alt_m":219,"points":1,"region_code":"GN","region_name":"Gyeongnam","activations":1,"last_activation":"2023-05-24T00:00:00Z"}},{"type":"Feature","geometry":{"type":"Point","coordinates":[128.7386,34.8699]},"properties":{"ref":"HL/GN-309","name":"망산 (Mangsan)","name_kanji":null,"alt_m":216,"points":1,"region_code":"GN","region_name":"Gyeongnam","activations":2,"last_activation":"2024-12-23T00:00:00Z"}},{"type":"Feature","geometry":{"type":"Point","coordinates":[128.3526,34.6427]},"properties":{"ref":"HL/GN-310","name":"연화봉 (Yeonhwabong)","name_kanji":null,"alt_m":212,"points":1,"region_code":"GN","region_name":"Gyeongnam","activations":1,"last_activation":"2017-06-04T00:00:00Z"}},{"type":"Feature","geometry":{"type":"Point","coordinates":[128.5181,34.941]},"properties":{"ref":"HL/GN-311","name":"백석산 (Baekseoksan)","name_kanji":null,"alt_m":208,"points":1,"region_code":"GN","region_name":"Gyeongnam","activations":1,"last_activation":"2024-10-03T00:00:00Z"}},{"type":"Feature","geometry":{"type":"Point","coordinates":[128.2492,34.6742]},"properties":{"ref":"HL/GN-312","name":"깃대봉 (Gitdaebong)","name_kanji":null,"alt_m":207,"points":1,"region_code":"GN","region_name":"Gyeongnam","activations":0,"last_activation":null}},{"type":"Feature","geometry":{"type":"Point","coordinates":[128.2852,34.6308]},"properties":{"ref":"HL/GN-313","name":"망대봉 (Mangdaebong)","name_kanji":null,"alt_m":206,"points":1,"region_code":"GN","region_name":"Gyeongnam","activations":2,"last_activation":"2026-04-11T00:00:00Z"}},{"type":"Feature","geometry":{"type":"Point","coordinates":[128.4631,34.7257]},"properties":{"ref":"HL/GN-314","name":"HL/GN-314","name_kanji":null,"alt_m":203,"points":1,"region_code":"GN","region_name":"Gyeongnam","activations":2,"last_activation":"2021-05-02T00:00:00Z"}},{"type":"Feature","geometry":{"type":"Point","coordinates":[128.6712,35.1274]},"properties":{"ref":"HL/GN-315","name":"곶출산 (Gotchulsan)","name_kanji":null,"alt_m":203,"points":1,"region_code":"GN","region_name":"Gyeongnam","activations":0,"last_activation":null}},{"type":"Feature","geometry":{"type":"Point","coordinates":[128.5078,34.7347]},"properties":{"ref":"HL/GN-316","name":"HL/GN-316","name_kanji":null,"alt_m":201,"points":1,"region_code":"GN","region_name":"Gyeongnam","activations":1,"last_activation":"2026-03-28T00:00:00Z"}},{"type":"Feature","geometry":{"type":"Point","coordinates":[128.5581,34.7714]},"properties":{"ref":"HL/GN-317","name":"안산 (Ansan)","name_kanji":null,"alt_m":200,"points":1,"region_code":"GN","region_name":"Gyeongnam","activations":1,"last_activation":"2025-03-22T00:00:00Z"}},{"type":"Feature","geometry":{"type":"Point","coordinates":[128.2942,34.7546]},"properties":{"ref":"HL/GN-318","name":"큰산 (Keunsan)","name_kanji":null,"alt_m":200,"points":1,"region_code":"GN","region_name":"Gyeongnam","activations":0,"last_activation":null}},{"type":"Feature","geometry":{"type":"Point","coordinates":[128.4385,35.42]},"properties":{"ref":"HL/GN-319","name":"HL/GN-319","name_kanji":null,"alt_m":200,"points":1,"region_code":"GN","region_name":"Gyeongnam","activations":1,"last_activation":"2025-03-30T00:00:00Z"}},{"type":"Feature","geometry":{"type":"Point","coordinates":[128.4013,34.7332]},"properties":{"ref":"HL/GN-320","name":"연대봉 (Yeondaebong)","name_kanji":null,"alt_m":200,"points":1,"region_code":"GN","region_name":"Gyeongnam","activations":0,"last_activation":null}},{"type":"Feature","geometry":{"type":"Point","coordinates":[128.3758,34.8211]},"properties":{"ref":"HL/GN-321","name":"태귀산 (Taegwisan)","name_kanji":null,"alt_m":193,"points":1,"region_code":"GN","region_name":"Gyeongnam","activations":1,"last_activation":"2025-05-10T00:00:00Z"}},{"type":"Feature","geometry":{"type":"Point","coordinates":[128.4466,35.3793]},"properties":{"ref":"HL/GN-322","name":"용화산 (Yonghwasan)","name_kanji":null,"alt_m":193,"points":1,"region_code":"GN","region_name":"Gyeongnam","activations":2,"last_activation":"2025-03-30T00:00:00Z"}},{"type":"Feature","geometry":{"type":"Point","coordinates":[128.4933,34.7432]},"properties":{"ref":"HL/GN-323","name":"수동산 (Sudongsan)","name_kanji":null,"alt_m":191,"points":1,"region_code":"GN","region_name":"Gyeongnam","activations":1,"last_activation":"2026-03-27T00:00:00Z"}},{"type":"Feature","geometry":{"type":"Point","coordinates":[128.1308,34.8291]},"properties":{"ref":"HL/GN-324","name":"은박산 (Eunbaksan)","name_kanji":null,"alt_m":189,"points":1,"region_code":"GN","region_name":"Gyeongnam","activations":1,"last_activation":"2024-05-19T00:00:00Z"}},{"type":"Feature","geometry":{"type":"Point","coordinates":[128.4713,34.8081]},"properties":{"ref":"HL/GN-325","name":"고동산 (Godongsan)","name_kanji":null,"alt_m":189,"points":1,"region_code":"GN","region_name":"Gyeongnam","activations":1,"last_activation":"2024-10-06T00:00:00Z"}},{"type":"Feature","geometry":{"type":"Point","coordinates":[128.793,35.086]},"properties":{"ref":"HL/GN-326","name":"욕망산 (Yongmangsan)","name_kanji":null,"alt_m":189,"points":1,"region_code":"GN","region_name":"Gyeongnam","activations":1,"last_activation":"2022-08-14T00:00:00Z"}},{"type":"Feature","geometry":{"type":"Point","coordinates":[128.7599,35.0973]},"properties":{"ref":"HL/GN-327","name":"남산 (Namsan)","name_kanji":null,"alt_m":184,"points":1,"region_code":"GN","region_name":"Gyeongnam","activations":6,"last_activation":"2025-05-22T00:00:00Z"}},{"type":"Feature","geometry":{"type":"Point","coordinates":[128.2407,34.6139]},"properties":{"ref":"HL/GN-328","name":"HL/GN-328","name_kanji":null,"alt_m":181,"points":1,"region_code":"GN","region_name":"Gyeongnam","activations":1,"last_activation":"2026-04-11T00:00:00Z"}},{"type":"Feature","geometry":{"type":"Point","coordinates":[128.5789,34.6845]},"properties":{"ref":"HL/GN-329","name":"HL/GN-329","name_kanji":null,"alt_m":173,"points":1,"region_code":"GN","region_name":"Gyeongnam","activations":1,"last_activation":"2021-10-03T00:00:00Z"}},{"type":"Feature","geometry":{"type":"Point","coordinates":[128.3669,35.606]},"properties":{"ref":"HL/GN-330","name":"HL/GN-330","name_kanji":null,"alt_m":169,"points":1,"region_code":"GN","region_name":"Gyeongnam","activations":2,"last_activation":"2019-08-29T00:00:00Z"}},{"type":"Feature","geometry":{"type":"Point","coordinates":[128.5522,35.064]},"properties":{"ref":"HL/GN-331","name":"용두산 (Yongdusan)","name_kanji":null,"alt_m":153,"points":1,"region_code":"GN","region_name":"Gyeongnam","activations":4,"last_activation":"2025-07-13T00:00:00Z"}},{"type":"Feature","geometry":{"type":"Point","coordinates":[128.3919,34.8481]},"properties":{"ref":"HL/GN-332","name":"천암산 (Cheonamsan)","name_kanji":null,"alt_m":220,"points":1,"region_code":"GN","region_name":"Gyeongnam","activations":2,"last_activation":"2025-05-28T00:00:00Z"}},{"type":"Feature","geometry":{"type":"Point","coordinates":[128.0509,35.7666]},"properties":{"ref":"HL/GN-333","name":"소가야산 (Sogayasan)","name_kanji":null,"alt_m":1064,"points":8,"region_code":"GN","region_name":"Gyeongnam","activations":9,"last_activation":"2024-02-03T00:00:00Z"}},{"type":"Feature","geometry":{"type":"Point","coordinates":[128.4652,38.119]},"properties":{"ref":"HL/GW-001","name":"설악산 (Seoraksan)","name_kanji":null,"alt_m":1708,"points":10,"region_code":"GW","region_name":"Gangwon","activations":47,"last_activation":"2025-11-02T00:00:00Z"}},{"type":"Feature","geometry":{"type":"Point","coordinates":[128.3982,38.1206]},"properties":{"ref":"HL/GW-002","name":"귀때기청봉 (Gwittaegicheongbong)","name_kanji":null,"alt_m":1578,"points":10,"region_code":"GW","region_name":"Gangwon","activations":9,"last_activation":"2025-09-25T00:00:00Z"}},{"type":"Feature","geometry":{"type":"Point","coordinates":[128.4658,37.7282]},"properties":{"ref":"HL/GW-003","name":"계방산 (Gyebangsan)","name_kanji":null,"alt_m":1577,"points":10,"region_code":"GW","region_name":"Gangwon","activations":14,"last_activation":"2025-08-15T00:00:00Z"}},{"type":"Feature","geometry":{"type":"Point","coordinates":[128.9176,37.1609]},"properties":{"ref":"HL/GW-004","name":"함백산 (Hambaeksan)","name_kanji":null,"alt_m":1572,"points":10,"region_code":"GW","region_name":"Gangwon","activations":39,"last_activation":"2025-10-05T00:00:00Z"}},{"type":"Feature","geometry":{"type":"Point","coordinates":[128.9157,37.0992]},"properties":{"ref":"HL/GW-005","name":"태백산 (Taebaeksan)","name_kanji":null,"alt_m":1567,"points":10,"region_code":"GW","region_name":"Gangwon","activations":26,"last_activation":"2026-01-03T00:00:00Z"}},{"type":"Feature","geometry":{"type":"Point","coordinates":[128.5332,37.7799]},"properties":{"ref":"HL/GW-006","name":"오대산 (Odaesan)","name_kanji":null,"alt_m":1566,"points":10,"region_code":"GW","region_name":"Gangwon","activations":17,"last_activation":"2025-10-05T00:00:00Z"}},{"type":"Feature","geometry":{"type":"Point","coordinates":[128.5633,37.4616]},"properties":{"ref":"HL/GW-007","name":"가리왕산 (Gariwangsan)","name_kanji":null,"alt_m":1561,"points":10,"region_code":"GW","region_name":"Gangwon","activations":11,"last_activation":"2025-10-03T00:00:00Z"}},{"type":"Feature","geometry":{"type":"Point","coordinates":[128.343,38.0932]},"properties":{"ref":"HL/GW-008","name":"가리봉 (Garibong)","name_kanji":null,"alt_m":1519,"points":10,"region_code":"GW","region_name":"Gangwon","activations":2,"last_activation":"2022-05-31T00:00:00Z"}},{"type":"Feature","geometry":{"type":"Point","coordinates":[128.4741,37.754]},"properties":{"ref":"HL/GW-009","name":"소계방산 (Sogyebangsan)","name_kanji":null,"alt_m":1490,"points":10,"region_code":"GW","region_name":"Gangwon","activations":1,"last_activation":"2018-09-23T00:00:00Z"}},{"type":"Feature","geometry":{"type":"Point","coordinates":[128.7501,37.2125]},"properties":{"ref":"HL/GW-010","name":"두위봉 (Duwibong)","name_kanji":null,"alt_m":1470,"points":10,"region_code":"GW","region_name":"Gangwon","activations":2,"last_activation":"2021-03-21T00:00:00Z"}},{"type":"Feature","geometry":{"type":"Point","coordinates":[127.5045,37.9948]},"properties":{"ref":"HL/GW-011","name":"화악산 (Hwaaksan)","name_kanji":null,"alt_m":1468,"points":10,"region_code":"GW","region_name":"Gangwon","activations":12,"last_activation":"2021-04-25T00:00:00Z"}},{"type":"Feature","geometry":{"type":"Point","coordinates":[127.5403,38.0008]},"properties":{"ref":"HL/GW-012","name":"응봉 (Eungbong)","name_kanji":null,"alt_m":1463,"points":10,"region_code":"GW","region_name":"Gangwon","activations":0,"last_activation":null}},{"type":"Feature","geometry":{"type":"Point","coordinates":[128.6707,37.6075]},"properties":{"ref":"HL/GW-013","name":"발왕산 (Balwangsan)","name_kanji":null,"alt_m":1458,"points":10,"region_code":"GW","region_name":"Gangwon","activations":35,"last_activation":"2026-03-01T00:00:00Z"}},{"type":"Feature","geometry":{"type":"Point","coordinates":[128.8668,37.1692]},"properties":{"ref":"HL/GW-014","name":"정암산 (Jeongamsan)","name_kanji":null,"alt_m":1453,"points":10,"region_code":"GW","region_name":"Gangwon","activations":4,"last_activation":"2023-07-28T00:00:00Z"}},{"type":"Feature","geometry":{"type":"Point","coordinates":[128.39,37.8884]},"properties":{"ref":"HL/GW-015","name":"방태산 (Bangtaesan)","name_kanji":null,"alt_m":1449,"points":10,"region_code":"GW","region_name":"Gangwon","activations":9,"last_activation":"2025-08-15T00:00:00Z"}},{"type":"Feature","geometry":{"type":"Point","coordinates":[128.9122,37.1948]},"properties":{"ref":"HL/GW-016","name":"은대봉 (Eundaebong)","name_kanji":null,"alt_m":1442,"points":10,"region_code":"GW","region_name":"Gangwon","activations":13,"last_activation":"2025-10-05T00:00:00Z"}},{"type":"Feature","geometry":{"type":"Point","coordinates":[128.5991,37.7744]},"properties":{"ref":"HL/GW-017","name":"동대산 (Dongdaesan)","name_kanji":null,"alt_m":1434,"points":10,"region_code":"GW","region_name":"Gangwon","activations":15,"last_activation":"2025-08-16T00:00:00Z"}},{"type":"Feature","geometry":{"type":"Point","coordinates":[128.3371,38.1399]},"properties":{"ref":"HL/GW-018","name":"안산 (Ansan)","name_kanji":null,"alt_m":1430,"points":10,"region_code":"GW","region_name":"Gangwon","activations":2,"last_activation":"2023-11-11T00:00:00Z"}},{"type":"Feature","geometry":{"type":"Point","coordinates":[128.8297,37.1756]},"properties":{"ref":"HL/GW-019","name":"백운산 (Baegunsan)","name_kanji":null,"alt_m":1426,"points":10,"region_code":"GW","region_name":"Gangwon","activations":8,"last_activation":"2025-06-06T00:00:00Z"}},{"type":"Feature","geometry":{"type":"Point","coordinates":[128.4255,38.0489]},"properties":{"ref":"HL/GW-020","name":"점봉산 (Jeombongsan)","name_kanji":null,"alt_m":1424,"points":10,"region_code":"GW","region_name":"Gangwon","activations":4,"last_activation":"2022-08-28T00:00:00Z"}},{"type":"Feature","geometry":{"type":"Point","coordinates":[128.6767,37.508]},"properties":{"ref":"HL/GW-021","name":"상원산 (Sangwonsan)","name_kanji":null,"alt_m":1421,"points":10,"region_code":"GW","region_name":"Gangwon","activations":1,"last_activation":"2020-07-11T00:00:00Z"}},{"type":"Feature","geometry":{"type":"Point","coordinates":[128.5212,37.8091]},"properties":{"ref":"HL/GW-022","name":"소대산 (Sodaesan)","name_kanji":null,"alt_m":1420,"points":10,"region_code":"GW","region_name":"Gangwon","activations":1,"last_activation":"2018-10-01T00:00:00Z"}},{"type":"Feature","geometry":{"type":"Point","coordinates":[128.8614,37.1259]},"properties":{"ref":"HL/GW-023","name":"장산 (Jangsan)","name_kanji":null,"alt_m":1409,"points":10,"region_code":"GW","region_name":"Gangwon","activations":2,"last_activation":"2021-04-18T00:00:00Z"}},{"type":"Feature","geometry":{"type":"Point","coordinates":[128.6631,37.7556]},"properties":{"ref":"HL/GW-024","name":"황병산 (Hwangbyeongsan)","name_kanji":null,"alt_m":1407,"points":10,"region_code":"GW","region_name":"Gangwon","activations":0,"last_activation":null}},{"type":"Feature","geometry":{"type":"Point","coordinates":[128.9714,37.4343]},"properties":{"ref":"HL/GW-025","name":"청옥산 (Cheongoksan)","name_kanji":null,"alt_m":1404,"points":10,"region_code":"GW","region_name":"Gangwon","activations":8,"last_activation":"2025-05-12T00:00:00Z"}},{"type":"Feature","geometry":{"type":"Point","coordinates":[128.6007,37.5839]},"properties":{"ref":"HL/GW-026","name":"두타산 (Dutasan)","name_kanji":null,"alt_m":1394,"points":10,"region_code":"GW","region_name":"Gangwon","activations":1,"last_activation":"2020-09-19T00:00:00Z"}},{"type":"Feature","geometry":{"type":"Point","coordinates":[128.4265,38.1893]},"properties":{"ref":"HL/GW-027","name":"황철봉 (Hwangcheolbong)","name_kanji":null,"alt_m":1381,"points":10,"region_code":"GW","region_name":"Gangwon","activations":2,"last_activation":"2020-10-04T00:00:00Z"}},{"type":"Feature","geometry":{"type":"Point","coordinates":[128.4155,37.6882]},"properties":{"ref":"HL/GW-028","name":"보래산 (Boraesan)","name_kanji":null,"alt_m":1381,"points":10,"region_code":"GW","region_name":"Gangwon","activations":1,"last_activation":"2020-09-19T00:00:00Z"}},{"type":"Feature","geometry":{"type":"Point","coordinates":[128.5192,37.4726]},"properties":{"ref":"HL/GW-029","name":"중왕산 (Jungwangsan)","name_kanji":null,"alt_m":1376,"points":10,"region_code":"GW","region_name":"Gangwon","activations":8,"last_activation":"2022-01-01T00:00:00Z"}},{"type":"Feature","geometry":{"type":"Point","coordinates":[128.515,37.5341]},"properties":{"ref":"HL/GW-030","name":"백석산 (Baekseoksan)","name_kanji":null,"alt_m":1365,"points":10,"region_code":"GW","region_name":"Gangwon","activations":2,"last_activation":"2022-07-03T00:00:00Z"}},{"type":"Feature","geometry":{"type":"Point","coordinates":[128.5666,37.8755]},"properties":{"ref":"HL/GW-031","name":"응봉산 (Eungbongsan)","name_kanji":null,"alt_m":1360,"points":10,"region_code":"GW","region_name":"Gangwon","activations":2,"last_activation":"2022-06-11T00:00:00Z"}},{"type":"Feature","geometry":{"type":"Point","coordinates":[129.0048,37.4266]},"properties":{"ref":"HL/GW-032","name":"두타산 (Dutasan)","name_kanji":null,"alt_m":1357,"points":10,"region_code":"GW","region_name":"Gangwon","activations":19,"last_activation":"2025-05-12T00:00:00Z"}},{"type":"Feature","geometry":{"type":"Point","coordinates":[128.957,37.4474]},"properties":{"ref":"HL/GW-033","name":"고적대 (Gojeokdae)","name_kanji":null,"alt_m":1354,"points":10,"region_code":"GW","region_name":"Gangwon","activations":5,"last_activation":"2025-05-12T00:00:00Z"}},{"type":"Feature","geometry":{"type":"Point","coordinates":[128.2937,37.3965]},"properties":{"ref":"HL/GW-034","name":"백덕산 (Baekdeoksan)","name_kanji":null,"alt_m":1350,"points":10,"region_code":"GW","region_name":"Gangwon","activations":12,"last_activation":"2024-05-01T00:00:00Z"}},{"type":"Feature","geometry":{"type":"Point","coordinates":[128.8409,37.0593]},"properties":{"ref":"HL/GW-035","name":"구룡산 (Guryongsan)","name_kanji":null,"alt_m":1344,"points":10,"region_code":"GW","region_name":"Gangwon","activations":2,"last_activation":"2022-01-29T00:00:00Z"}},{"type":"Feature","geometry":{"type":"Point","coordinates":[128.6389,37.7823]},"properties":{"ref":"HL/GW-036","name":"노인봉 (Noinbong)","name_kanji":null,"alt_m":1338,"points":10,"region_code":"GW","region_name":"Gangwon","activations":17,"last_activation":"2025-08-16T00:00:00Z"}},{"type":"Feature","geometry":{"type":"Point","coordinates":[128.367,37.6859]},"properties":{"ref":"HL/GW-037","name":"회령봉 (Hoeryeongbong)","name_kanji":null,"alt_m":1331,"points":10,"region_code":"GW","region_name":"Gangwon","activations":1,"last_activation":"2020-09-19T00:00:00Z"}},{"type":"Feature","geometry":{"type":"Point","coordinates":[128.4391,38.1626]},"properties":{"ref":"HL/GW-038","name":"마등봉 (Madeungbong)","name_kanji":null,"alt_m":1327,"points":10,"region_code":"GW","region_name":"Gangwon","activations":6,"last_activation":"2025-06-07T00:00:00Z"}},{"type":"Feature","geometry":{"type":"Point","coordinates":[128.7558,37.5441]},"properties":{"ref":"HL/GW-039","name":"아리랑산 (Arirangsan)","name_kanji":null,"alt_m":1322,"points":10,"region_code":"GW","region_name":"Gangwon","activations":5,"last_activation":"2023-08-20T00:00:00Z"}},{"type":"Feature","geometry":{"type":"Point","coordinates":[128.1184,38.2258]},"properties":{"ref":"HL/GW-040","name":"대암산 (Daeamsan)","name_kanji":null,"alt_m":1309,"points":10,"region_code":"GW","region_name":"Gangwon","activations":1,"last_activation":"2020-06-14T00:00:00Z"}},{"type":"Feature","geometry":{"type":"Point","coordinates":[128.9295,37.2407]},"properties":{"ref":"HL/GW-041","name":"대덕산 (Daedeoksan)","name_kanji":null,"alt_m":1307,"points":10,"region_code":"GW","region_name":"Gangwon","activations":14,"last_activation":"2025-08-05T00:00:00Z"}},{"type":"Feature","geometry":{"type":"Point","coordinates":[128.5258,37.8826]},"properties":{"ref":"HL/GW-042","name":"약수산 (Yaksusan)","name_kanji":null,"alt_m":1306,"points":10,"region_code":"GW","region_name":"Gangwon","activations":4,"last_activation":"2024-09-24T00:00:00Z"}},{"type":"Feature","geometry":{"type":"Point","coordinates":[128.9667,37.2113]},"properties":{"ref":"HL/GW-043","name":"매봉산 (Maebongsan)","name_kanji":null,"alt_m":1303,"points":10,"region_code":"GW","region_name":"Gangwon","activations":26,"last_activation":"2025-10-05T00:00:00Z"}},{"type":"Feature","geometry":{"type":"Point","coordinates":[128.314,38.3075]},"properties":{"ref":"HL/GW-044","name":"둥글봉 (Dunggeulbong)","name_kanji":null,"alt_m":1300,"points":10,"region_code":"GW","region_name":"Gangwon","activations":0,"last_activation":null}},{"type":"Feature","geometry":{"type":"Point","coordinates":[128.0551,37.3648]},"properties":{"ref":"HL/GW-045","name":"치악산 (Chiaksan)","name_kanji":null,"alt_m":1282,"points":10,"region_code":"GW","region_name":"Gangwon","activations":45,"last_activation":"2026-03-29T00:00:00Z"}},{"type":"Feature","geometry":{"type":"Point","coordinates":[128.3138,37.6764]},"properties":{"ref":"HL/GW-046","name":"흥정산 (Heungjeongsan)","name_kanji":null,"alt_m":1280,"points":10,"region_code":"GW","region_name":"Gangwon","activations":1,"last_activation":"2020-09-19T00:00:00Z"}},{"type":"Feature","geometry":{"type":"Point","coordinates":[128.3075,38.2316]},"properties":{"ref":"HL/GW-047","name":"매봉산 (Maebongsan)","name_kanji":null,"alt_m":1271,"points":10,"region_code":"GW","region_name":"Gangwon","activations":1,"last_activation":"2021-09-04T00:00:00Z"}},{"type":"Feature","geometry":{"type":"Point","coordinates":[128.6099,37.5148]},"properties":{"ref":"HL/GW-048","name":"갈미봉 (Galmibong)","name_kanji":null,"alt_m":1269,"points":10,"region_code":"GW","region_name":"Gangwon","activations":2,"last_activation":"2023-07-22T00:00:00Z"}},{"type":"Feature","geometry":{"type":"Point","coordinates":[128.769,37.1448]},"properties":{"ref":"HL/GW-049","name":"매봉산 (Maebongsan)","name_kanji":null,"alt_m":1268,"points":10,"region_code":"GW","region_name":"Gangwon","activations":2,"last_activation":"2025-01-24T00:00:00Z"}},{"type":"Feature","geometry":{"type":"Point","coordinates":[129.1318,37.2248]},"properties":{"ref":"HL/GW-050","name":"응봉산 (Eungbongsan)","name_kanji":null,"alt_m":1267,"points":10,"region_code":"GW","region_name":"Gangwon","activations":1,"last_activation":"2019-06-01T00:00:00Z"}},{"type":"Feature","geometry":{"type":"Point","coordinates":[129.0683,37.1583]},"properties":{"ref":"HL/GW-051","name":"백병산 (Baekbyeongsan)","name_kanji":null,"alt_m":1259,"points":10,"region_code":"GW","region_name":"Gangwon","activations":1,"last_activation":"2019-06-01T00:00:00Z"}},{"type":"Feature","geometry":{"type":"Point","coordinates":[128.2851,37.6024]},"properties":{"ref":"HL/GW-052","name":"태기산 (Taegisan)","name_kanji":null,"alt_m":1259,"points":10,"region_code":"GW","region_name":"Gangwon","activations":17,"last_activation":"2025-08-19T00:00:00Z"}},{"type":"Feature","geometry":{"type":"Point","coordinates":[128.5081,37.4103]},"properties":{"ref":"HL/GW-053","name":"청옥산 (Cheongoksan)","name_kanji":null,"alt_m":1256,"points":10,"region_code":"GW","region_name":"Gangwon","activations":36,"last_activation":"2026-03-01T00:00:00Z"}},{"type":"Feature","geometry":{"type":"Point","coordinates":[128.2724,38.2151]},"properties":{"ref":"HL/GW-054","name":"HL/GW-054","name_kanji":null,"alt_m":1246,"points":10,"region_code":"GW","region_name":"Gangwon","activations":1,"last_activation":"2021-09-04T00:00:00Z"}},{"type":"Feature","geometry":{"type":"Point","coordinates":[129.0959,37.1005]},"properties":{"ref":"HL/GW-055","name":"면산 (Myeonsan)","name_kanji":null,"alt_m":1246,"points":10,"region_code":"GW","region_name":"Gangwon","activations":1,"last_activation":"2019-05-26T00:00:00Z"}},{"type":"Feature","geometry":{"type":"Point","coordinates":[128.3217,37.5057]},"properties":{"ref":"HL/GW-056","name":"대미산 (Daemisan)","name_kanji":null,"alt_m":1243,"points":10,"region_code":"GW","region_name":"Gangwon","activations":4,"last_activation":"2023-05-01T00:00:00Z"}},{"type":"Feature","geometry":{"type":"Point","coordinates":[128.0894,38.3143]},"properties":{"ref":"HL/GW-057","name":"가칠봉 (Gachilbong)","name_kanji":null,"alt_m":1242,"points":10,"region_code":"GW","region_name":"Gangwon","activations":0,"last_activation":null}},{"type":"Feature","geometry":{"type":"Point","coordinates":[128.437,38.2308]},"properties":{"ref":"HL/GW-058","name":"상봉 (Sangbong)","name_kanji":null,"alt_m":1242,"points":10,"region_code":"GW","region_name":"Gangwon","activations":1,"last_activation":"2020-10-10T00:00:00Z"}},{"type":"Feature","geometry":{"type":"Point","coordinates":[128.4583,37.8794]},"properties":{"ref":"HL/GW-059","name":"가칠봉 (Gachilbong)","name_kanji":null,"alt_m":1240,"points":10,"region_code":"GW","region_name":"Gangwon","activations":1,"last_activation":"2022-04-16T00:00:00Z"}},{"type":"Feature","geometry":{"type":"Point","coordinates":[128.734,37.6466]},"properties":{"ref":"HL/GW-060","name":"고루포기산 (Gorupogisan)","name_kanji":null,"alt_m":1238,"points":10,"region_code":"GW","region_name":"Gangwon","activations":43,"last_activation":"2026-03-01T00:00:00Z"}},{"type":"Feature","geometry":{"type":"Point","coordinates":[128.642,37.4856]},"properties":{"ref":"HL/GW-061","name":"백석봉 (Baekseokbong)","name_kanji":null,"alt_m":1238,"points":10,"region_code":"GW","region_name":"Gangwon","activations":2,"last_activation":"2023-07-22T00:00:00Z"}},{"type":"Feature","geometry":{"type":"Point","coordinates":[128.7151,37.0435]},"properties":{"ref":"HL/GW-062","name":"선달산 (Seondalsan)","name_kanji":null,"alt_m":1236,"points":10,"region_code":"GW","region_name":"Gangwon","activations":7,"last_activation":"2026-02-28T00:00:00Z"}},{"type":"Feature","geometry":{"type":"Point","coordinates":[128.9399,37.3078]},"properties":{"ref":"HL/GW-063","name":"삼봉산 (Sambongsan)","name_kanji":null,"alt_m":1232,"points":10,"region_code":"GW","region_name":"Gangwon","activations":7,"last_activation":"2024-08-25T00:00:00Z"}},{"type":"Feature","geometry":{"type":"Point","coordinates":[128.913,37.3175]},"properties":{"ref":"HL/GW-064","name":"HL/GW-064","name_kanji":null,"alt_m":1220,"points":10,"region_code":"GW","region_name":"Gangwon","activations":1,"last_activation":"2022-04-02T00:00:00Z"}},{"type":"Feature","geometry":{"type":"Point","coordinates":[128.6148,37.6207]},"properties":{"ref":"HL/GW-065","name":"HL/GW-065","name_kanji":null,"alt_m":1220,"points":10,"region_code":"GW","region_name":"Gangwon","activations":1,"last_activation":"2020-09-20T00:00:00Z"}},{"type":"Feature","geometry":{"type":"Point","coordinates":[128.3203,37.8307]},"properties":{"ref":"HL/GW-066","name":"맹현봉 (Maenghyeonbong)","name_kanji":null,"alt_m":1214,"points":10,"region_code":"GW","region_name":"Gangwon","activations":1,"last_activation":"2022-04-30T00:00:00Z"}},{"type":"Feature","geometry":{"type":"Point","coordinates":[128.8591,37.3001]},"properties":{"ref":"HL/GW-067","name":"HL/GW-067","name_kanji":null,"alt_m":1209,"points":10,"region_code":"GW","region_name":"Gangwon","activations":2,"last_activation":"2025-03-15T00:00:00Z"}},{"type":"Feature","geometry":{"type":"Point","coordinates":[128.9626,37.3659]},"properties":{"ref":"HL/GW-068","name":"HL/GW-068","name_kanji":null,"alt_m":1208,"points":10,"region_code":"GW","region_name":"Gangwon","activations":1,"last_activation":"2022-04-09T00:00:00Z"}},{"type":"Feature","geometry":{"type":"Point","coordinates":[128.1265,38.3281]},"properties":{"ref":"HL/GW-069","name":"갈전국봉 (Galjeongukbong)","name_kanji":null,"alt_m":1204,"points":10,"region_code":"GW","region_name":"Gangwon","activations":0,"last_activation":null}},{"type":"Feature","geometry":{"type":"Point","coordinates":[128.9149,37.4019]},"properties":{"ref":"HL/GW-070","name":"HL/GW-070","name_kanji":null,"alt_m":1200,"points":10,"region_code":"GW","region_name":"Gangwon","activations":1,"last_activation":"2022-04-09T00:00:00Z"}},{"type":"Feature","geometry":{"type":"Point","coordinates":[127.9053,38.0768]},"properties":{"ref":"HL/GW-071","name":"사명산 (Samyeongsan)","name_kanji":null,"alt_m":1199,"points":8,"region_code":"GW","region_name":"Gangwon","activations":5,"last_activation":"2024-05-04T00:00:00Z"}},{"type":"Feature","geometry":{"type":"Point","coordinates":[128.0485,37.2952]},"properties":{"ref":"HL/GW-072","name":"시명봉 (Simyeongbong)","name_kanji":null,"alt_m":1196,"points":8,"region_code":"GW","region_name":"Gangwon","activations":5,"last_activation":"2022-09-17T00:00:00Z"}},{"type":"Feature","geometry":{"type":"Point","coordinates":[127.7918,38.1716]},"properties":{"ref":"HL/GW-073","name":"일산 (Ilsan)","name_kanji":null,"alt_m":1194,"points":8,"region_code":"GW","region_name":"Gangwon","activations":2,"last_activation":"2023-05-01T00:00:00Z"}},{"type":"Feature","geometry":{"type":"Point","coordinates":[128.3015,37.5117]},"properties":{"ref":"HL/GW-074","name":"청태산 (Cheongtaesan)","name_kanji":null,"alt_m":1194,"points":8,"region_code":"GW","region_name":"Gangwon","activations":6,"last_activation":"2025-12-28T00:00:00Z"}},{"type":"Feature","geometry":{"type":"Point","coordinates":[128.1773,37.8865]},"properties":{"ref":"HL/GW-075","name":"가마봉 (Gamabong)","name_kanji":null,"alt_m":1192,"points":8,"region_code":"GW","region_name":"Gangwon","activations":1,"last_activation":"2025-06-29T00:00:00Z"}},{"type":"Feature","geometry":{"type":"Point","coordinates":[128.7689,37.5665]},"properties":{"ref":"HL/GW-076","name":"조고봉 (Jogobong)","name_kanji":null,"alt_m":1191,"points":8,"region_code":"GW","region_name":"Gangwon","activations":2,"last_activation":"2023-08-19T00:00:00Z"}},{"type":"Feature","geometry":{"type":"Point","coordinates":[128.5607,37.9447]},"properties":{"ref":"HL/GW-077","name":"조봉 (Jobong)","name_kanji":null,"alt_m":1182,"points":8,"region_code":"GW","region_name":"Gangwon","activations":1,"last_activation":"2020-06-27T00:00:00Z"}},{"type":"Feature","geometry":{"type":"Point","coordinates":[128.2842,37.6559]},"properties":{"ref":"HL/GW-078","name":"HL/GW-078","name_kanji":null,"alt_m":1180,"points":8,"region_code":"GW","region_name":"Gangwon","activations":0,"last_activation":null}},{"type":"Feature","geometry":{"type":"Point","coordinates":[128.6004,37.5048]},"properties":{"ref":"HL/GW-079","name":"HL/GW-079","name_kanji":null,"alt_m":1180,"points":8,"region_code":"GW","region_name":"Gangwon","activations":1,"last_activation":"2023-07-22T00:00:00Z"}},{"type":"Feature","geometry":{"type":"Point","coordinates":[128.7467,37.1493]},"properties":{"ref":"HL/GW-080","name":"HL/GW-080","name_kanji":null,"alt_m":1180,"points":8,"region_code":"GW","region_name":"Gangwon","activations":1,"last_activation":"2023-10-03T00:00:00Z"}},{"type":"Feature","geometry":{"type":"Point","coordinates":[127.7374,38.278]},"properties":{"ref":"HL/GW-081","name":"백암산 (Baegamsan)","name_kanji":null,"alt_m":1179,"points":8,"region_code":"GW","region_name":"Gangwon","activations":0,"last_activation":null}},{"type":"Feature","geometry":{"type":"Point","coordinates":[128.0765,38.2693]},"properties":{"ref":"HL/GW-082","name":"대우산 (Daeusan)","name_kanji":null,"alt_m":1179,"points":8,"region_code":"GW","region_name":"Gangwon","activations":0,"last_activation":null}},{"type":"Feature","geometry":{"type":"Point","coordinates":[128.4523,37.8624]},"properties":{"ref":"HL/GW-083","name":"응복산 (Eungboksan)","name_kanji":null,"alt_m":1177,"points":8,"region_code":"GW","region_name":"Gangwon","activations":1,"last_activation":"2022-04-17T00:00:00Z"}},{"type":"Feature","geometry":{"type":"Point","coordinates":[127.5427,38.23]},"properties":{"ref":"HL/GW-084","name":"대성산 (Daeseongsan)","name_kanji":null,"alt_m":1175,"points":8,"region_code":"GW","region_name":"Gangwon","activations":0,"last_activation":null}},{"type":"Feature","geometry":{"type":"Point","coordinates":[128.415,37.5408]},"properties":{"ref":"HL/GW-085","name":"금당산 (Geumdangsan)","name_kanji":null,"alt_m":1174,"points":8,"region_code":"GW","region_name":"Gangwon","activations":1,"last_activation":"2023-11-18T00:00:00Z"}},{"type":"Feature","geometry":{"type":"Point","coordinates":[129.0057,37.158]},"properties":{"ref":"HL/GW-086","name":"연화산 (Yeonhwasan)","name_kanji":null,"alt_m":1172,"points":8,"region_code":"GW","region_name":"Gangwon","activations":6,"last_activation":"2025-02-16T00:00:00Z"}},{"type":"Feature","geometry":{"type":"Point","coordinates":[128.7032,37.5898]},"properties":{"ref":"HL/GW-087","name":"HL/GW-087","name_kanji":null,"alt_m":1165,"points":8,"region_code":"GW","region_name":"Gangwon","activations":0,"last_activation":null}},{"type":"Feature","geometry":{"type":"Point","coordinates":[128.7452,37.7222]},"properties":{"ref":"HL/GW-088","name":"선자령 (Seonjaryeong)","name_kanji":null,"alt_m":1157,"points":8,"region_code":"GW","region_name":"Gangwon","activations":7,"last_activation":"2026-03-07T00:00:00Z"}},{"type":"Feature","geometry":{"type":"Point","coordinates":[128.5387,37.9116]},"properties":{"ref":"HL/GW-089","name":"암산 (Amsan)","name_kanji":null,"alt_m":1153,"points":8,"region_code":"GW","region_name":"Gangwon","activations":1,"last_activation":"2025-07-06T00:00:00Z"}},{"type":"Feature","geometry":{"type":"Point","coordinates":[128.7707,37.4167]},"properties":{"ref":"HL/GW-090","name":"고양산 (Goyangsan)","name_kanji":null,"alt_m":1153,"points":8,"region_code":"GW","region_name":"Gangwon","activations":1,"last_activation":"2023-10-22T00:00:00Z"}},{"type":"Feature","geometry":{"type":"Point","coordinates":[127.4927,38.1304]},"properties":{"ref":"HL/GW-091","name":"복주산 (Bokjusan)","name_kanji":null,"alt_m":1152,"points":8,"region_code":"GW","region_name":"Gangwon","activations":9,"last_activation":"2024-10-04T00:00:00Z"}},{"type":"Feature","geometry":{"type":"Point","coordinates":[128.825,37.1408]},"properties":{"ref":"HL/GW-092","name":"HL/GW-092","name_kanji":null,"alt_m":1152,"points":8,"region_code":"GW","region_name":"Gangwon","activations":1,"last_activation":"2023-10-03T00:00:00Z"}},{"type":"Feature","geometry":{"type":"Point","coordinates":[128.3722,37.4273]},"properties":{"ref":"HL/GW-093","name":"남병산 (Nambyeongsan)","name_kanji":null,"alt_m":1151,"points":8,"region_code":"GW","region_name":"Gangwon","activations":1,"last_activation":"2025-03-15T00:00:00Z"}},{"type":"Feature","geometry":{"type":"Point","coordinates":[128.8455,37.2541]},"properties":{"ref":"HL/GW-094","name":"노목산 (Nomoksan)","name_kanji":null,"alt_m":1148,"points":8,"region_code":"GW","region_name":"Gangwon","activations":1,"last_activation":"2023-10-21T00:00:00Z"}},{"type":"Feature","geometry":{"type":"Point","coordinates":[128.492,37.5914]},"properties":{"ref":"HL/GW-095","name":"백적산 (Baekjeoksan)","name_kanji":null,"alt_m":1142,"points":8,"region_code":"GW","region_name":"Gangwon","activations":2,"last_activation":"2023-11-23T00:00:00Z"}},{"type":"Feature","geometry":{"type":"Point","coordinates":[128.3779,37.7993]},"properties":{"ref":"HL/GW-096","name":"문암산 (Munamsan)","name_kanji":null,"alt_m":1140,"points":8,"region_code":"GW","region_name":"Gangwon","activations":1,"last_activation":"2020-07-04T00:00:00Z"}},{"type":"Feature","geometry":{"type":"Point","coordinates":[128.6922,37.5437]},"properties":{"ref":"HL/GW-097","name":"HL/GW-097","name_kanji":null,"alt_m":1138,"points":8,"region_code":"GW","region_name":"Gangwon","activations":0,"last_activation":null}},{"type":"Feature","geometry":{"type":"Point","coordinates":[128.5006,38.0375]},"properties":{"ref":"HL/GW-098","name":"HL/GW-098","name_kanji":null,"alt_m":1136,"points":8,"region_code":"GW","region_name":"Gangwon","activations":2,"last_activation":"2023-08-12T00:00:00Z"}},{"type":"Feature","geometry":{"type":"Point","coordinates":[128.999,37.3399]},"properties":{"ref":"HL/GW-099","name":"HL/GW-099","name_kanji":null,"alt_m":1130,"points":8,"region_code":"GW","region_name":"Gangwon","activations":5,"last_activation":"2026-02-02T00:00:00Z"}},{"type":"Feature","geometry":{"type":"Point","coordinates":[128.2548,37.4409]},"properties":{"ref":"HL/GW-100","name":"HL/GW-100","name_kanji":null,"alt_m":1126,"points":8,"region_code":"GW","region_name":"Gangwon","activations":1,"last_activation":"2018-08-12T00:00:00Z"}},{"type":"Feature","geometry":{"type":"Point","coordinates":[128.7652,37.6727]},"properties":{"ref":"HL/GW-101","name":"능경봉 (Neunggyeongbong)","name_kanji":null,"alt_m":1123,"points":8,"region_code":"GW","region_name":"Gangwon","activations":7,"last_activation":"2023-08-19T00:00:00Z"}},{"type":"Feature","geometry":{"type":"Point","coordinates":[128.4108,38.0792]},"properties":{"ref":"HL/GW-102","name":"HL/GW-102","name_kanji":null,"alt_m":1120,"points":8,"region_code":"GW","region_name":"Gangwon","activations":3,"last_activation":"2022-08-27T00:00:00Z"}},{"type":"Feature","geometry":{"type":"Point","coordinates":[128.9955,37.1886]},"properties":{"ref":"HL/GW-103","name":"대조봉 (Daejobong)","name_kanji":null,"alt_m":1120,"points":8,"region_code":"GW","region_name":"Gangwon","activations":2,"last_activation":"2023-09-24T00:00:00Z"}},{"type":"Feature","geometry":{"type":"Point","coordinates":[128.2565,38.0516]},"properties":{"ref":"HL/GW-104","name":"한석산 (Hanseoksan)","name_kanji":null,"alt_m":1119,"points":8,"region_code":"GW","region_name":"Gangwon","activations":6,"last_activation":"2025-07-26T00:00:00Z"}},{"type":"Feature","geometry":{"type":"Point","coordinates":[128.7748,37.2708]},"properties":{"ref":"HL/GW-105","name":"민둥산 (Mindungsan)","name_kanji":null,"alt_m":1119,"points":8,"region_code":"GW","region_name":"Gangwon","activations":13,"last_activation":"2025-12-25T00:00:00Z"}},{"type":"Feature","geometry":{"type":"Point","coordinates":[128.4678,37.9635]},"properties":{"ref":"HL/GW-106","name":"HL/GW-106","name_kanji":null,"alt_m":1115,"points":8,"region_code":"GW","region_name":"Gangwon","activations":1,"last_activation":"2025-07-06T00:00:00Z"}},{"type":"Feature","geometry":{"type":"Point","coordinates":[128.3176,37.795]},"properties":{"ref":"HL/GW-107","name":"HL/GW-107","name_kanji":null,"alt_m":1114,"points":8,"region_code":"GW","region_name":"Gangwon","activations":0,"last_activation":null}},{"type":"Feature","geometry":{"type":"Point","coordinates":[128.728,37.0956]},"properties":{"ref":"HL/GW-108","name":"쇠이봉 (Soeibong)","name_kanji":null,"alt_m":1110,"points":8,"region_code":"GW","region_name":"Gangwon","activations":1,"last_activation":"2023-06-24T00:00:00Z"}},{"type":"Feature","geometry":{"type":"Point","coordinates":[128.1417,37.8931]},"properties":{"ref":"HL/GW-109","name":"소뿔산 (Soppulsan)","name_kanji":null,"alt_m":1108,"points":8,"region_code":"GW","region_name":"Gangwon","activations":1,"last_activation":"2022-10-16T00:00:00Z"}},{"type":"Feature","geometry":{"type":"Point","coordinates":[128.4748,37.8525]},"properties":{"ref":"HL/GW-110","name":"사삼봉 (Sasambong)","name_kanji":null,"alt_m":1107,"points":8,"region_code":"GW","region_name":"Gangwon","activations":1,"last_activation":"2025-08-24T00:00:00Z"}},{"type":"Feature","geometry":{"type":"Point","coordinates":[128.4582,37.5808]},"properties":{"ref":"HL/GW-111","name":"괴밭산 (Goebatsan)","name_kanji":null,"alt_m":1104,"points":8,"region_code":"GW","region_name":"Gangwon","activations":1,"last_activation":"2023-11-18T00:00:00Z"}},{"type":"Feature","geometry":{"type":"Point","coordinates":[128.2373,37.7873]},"properties":{"ref":"HL/GW-112","name":"응봉산 (Eungbongsan)","name_kanji":null,"alt_m":1103,"points":8,"region_code":"GW","region_name":"Gangwon","activations":0,"last_activation":null}},{"type":"Feature","geometry":{"type":"Point","coordinates":[128.3523,37.7789]},"properties":{"ref":"HL/GW-113","name":"HL/GW-113","name_kanji":null,"alt_m":1100,"points":8,"region_code":"GW","region_name":"Gangwon","activations":0,"last_activation":null}},{"type":"Feature","geometry":{"type":"Point","coordinates":[128.1706,37.8506]},"properties":{"ref":"HL/GW-114","name":"백암산 (Baegamsan)","name_kanji":null,"alt_m":1099,"points":8,"region_code":"GW","region_name":"Gangwon","activations":2,"last_activation":"2025-06-28T00:00:00Z"}},{"type":"Feature","geometry":{"type":"Point","coordinates":[128.1247,37.2749]},"properties":{"ref":"HL/GW-115","name":"매봉산 (Maebongsan)","name_kanji":null,"alt_m":1093,"points":8,"region_code":"GW","region_name":"Gangwon","activations":3,"last_activation":"2022-09-17T00:00:00Z"}},{"type":"Feature","geometry":{"type":"Point","coordinates":[129.1656,37.2056]},"properties":{"ref":"HL/GW-116","name":"사금산 (Sageumsan)","name_kanji":null,"alt_m":1092,"points":8,"region_code":"GW","region_name":"Gangwon","activations":1,"last_activation":"2023-10-01T00:00:00Z"}},{"type":"Feature","geometry":{"type":"Point","coordinates":[128.2343,37.9223]},"properties":{"ref":"HL/GW-117","name":"대암산 (Daeamsan)","name_kanji":null,"alt_m":1091,"points":8,"region_code":"GW","region_name":"Gangwon","activations":0,"last_activation":null}},{"type":"Feature","geometry":{"type":"Point","coordinates":[128.62,37.1615]},"properties":{"ref":"HL/GW-118","name":"망경대산 (Mangyeongdaesan)","name_kanji":null,"alt_m":1088,"points":8,"region_code":"GW","region_name":"Gangwon","activations":3,"last_activation":"2023-06-25T00:00:00Z"}},{"type":"Feature","geometry":{"type":"Point","coordinates":[128.0977,37.4058]},"properties":{"ref":"HL/GW-119","name":"매화산 (Maehwasan)","name_kanji":null,"alt_m":1085,"points":8,"region_code":"GW","region_name":"Gangwon","activations":3,"last_activation":"2020-10-31T00:00:00Z"}},{"type":"Feature","geometry":{"type":"Point","coordinates":[128.8136,37.3613]},"properties":{"ref":"HL/GW-120","name":"각희산 (Gakhuisan)","name_kanji":null,"alt_m":1083,"points":8,"region_code":"GW","region_name":"Gangwon","activations":1,"last_activation":"2023-08-15T00:00:00Z"}},{"type":"Feature","geometry":{"type":"Point","coordinates":[128.8291,37.3996]},"properties":{"ref":"HL/GW-121","name":"HL/GW-121","name_kanji":null,"alt_m":1080,"points":8,"region_code":"GW","region_name":"Gangwon","activations":1,"last_activation":"2026-02-01T00:00:00Z"}},{"type":"Feature","geometry":{"type":"Point","coordinates":[128.4551,37.9381]},"properties":{"ref":"HL/GW-122","name":"HL/GW-122","name_kanji":null,"alt_m":1080,"points":8,"region_code":"GW","region_name":"Gangwon","activations":1,"last_activation":"2025-07-05T00:00:00Z"}},{"type":"Feature","geometry":{"type":"Point","coordinates":[128.3207,37.626]},"properties":{"ref":"HL/GW-123","name":"HL/GW-123","name_kanji":null,"alt_m":1075,"points":8,"region_code":"GW","region_name":"Gangwon","activations":1,"last_activation":"2025-12-28T00:00:00Z"}},{"type":"Feature","geometry":{"type":"Point","coordinates":[127.6077,38.2844]},"properties":{"ref":"HL/GW-124","name":"적근산 (Jeokgeunsan)","name_kanji":null,"alt_m":1073,"points":8,"region_code":"GW","region_name":"Gangwon","activations":0,"last_activation":null}},{"type":"Feature","geometry":{"type":"Point","coordinates":[128.2541,37.7574]},"properties":{"ref":"HL/GW-125","name":"HL/GW-125","name_kanji":null,"alt_m":1070,"points":8,"region_code":"GW","region_name":"Gangwon","activations":0,"last_activation":null}},{"type":"Feature","geometry":{"type":"Point","coordinates":[128.789,37.6257]},"properties":{"ref":"HL/GW-126","name":"화란산 (Hwaransan)","name_kanji":null,"alt_m":1069,"points":8,"region_code":"GW","region_name":"Gangwon","activations":3,"last_activation":"2023-08-20T00:00:00Z"}},{"type":"Feature","geometry":{"type":"Point","coordinates":[128.7583,37.4441]},"properties":{"ref":"HL/GW-127","name":"반논산 (Bannonsan)","name_kanji":null,"alt_m":1068,"points":8,"region_code":"GW","region_name":"Gangwon","activations":2,"last_activation":"2023-08-20T00:00:00Z"}},{"type":"Feature","geometry":{"type":"Point","coordinates":[128.7083,37.1167]},"properties":{"ref":"HL/GW-128","name":"목우산 (Mokusan)","name_kanji":null,"alt_m":1063,"points":8,"region_code":"GW","region_name":"Gangwon","activations":1,"last_activation":"2023-06-25T00:00:00Z"}},{"type":"Feature","geometry":{"type":"Point","coordinates":[128.8099,37.28]},"properties":{"ref":"HL/GW-129","name":"HL/GW-129","name_kanji":null,"alt_m":1060,"points":8,"region_code":"GW","region_name":"Gangwon","activations":1,"last_activation":"2023-10-21T00:00:00Z"}},{"type":"Feature","geometry":{"type":"Point","coordinates":[128.7205,37.2465]},"properties":{"ref":"HL/GW-130","name":"죽렴산 (Jungnyeomsan)","name_kanji":null,"alt_m":1059,"points":8,"region_code":"GW","region_name":"Gangwon","activations":1,"last_activation":"2023-12-10T00:00:00Z"}},{"type":"Feature","geometry":{"type":"Point","coordinates":[129.0209,37.12]},"properties":{"ref":"HL/GW-131","name":"HL/GW-131","name_kanji":null,"alt_m":1059,"points":8,"region_code":"GW","region_name":"Gangwon","activations":1,"last_activation":"2023-09-23T00:00:00Z"}},{"type":"Feature","geometry":{"type":"Point","coordinates":[127.7328,38.2282]},"properties":{"ref":"HL/GW-132","name":"HL/GW-132","name_kanji":null,"alt_m":1057,"points":8,"region_code":"GW","region_name":"Gangwon","activations":0,"last_activation":null}},{"type":"Feature","geometry":{"type":"Point","coordinates":[128.8973,37.5858]},"properties":{"ref":"HL/GW-133","name":"석병산 (Seokbyeongsan)","name_kanji":null,"alt_m":1055,"points":8,"region_code":"GW","region_name":"Gangwon","activations":2,"last_activation":"2025-09-07T00:00:00Z"}},{"type":"Feature","geometry":{"type":"Point","coordinates":[127.5026,38.2032]},"properties":{"ref":"HL/GW-134","name":"복계산 (Bokgyesan)","name_kanji":null,"alt_m":1054,"points":8,"region_code":"GW","region_name":"Gangwon","activations":12,"last_activation":"2025-05-18T00:00:00Z"}},{"type":"Feature","geometry":{"type":"Point","coordinates":[128.5706,37.0864]},"properties":{"ref":"HL/GW-135","name":"마대산 (Madaesan)","name_kanji":null,"alt_m":1052,"points":8,"region_code":"GW","region_name":"Gangwon","activations":3,"last_activation":"2020-11-08T00:00:00Z"}},{"type":"Feature","geometry":{"type":"Point","coordinates":[128.4009,38.2598]},"properties":{"ref":"HL/GW-136","name":"병풍바위 (Byeongpungbawi)","name_kanji":null,"alt_m":1052,"points":8,"region_code":"GW","region_name":"Gangwon","activations":1,"last_activation":"2020-10-09T00:00:00Z"}},{"type":"Feature","geometry":{"type":"Point","coordinates":[127.9564,37.8714]},"properties":{"ref":"HL/GW-137","name":"가리산 (Garisan)","name_kanji":null,"alt_m":1051,"points":8,"region_code":"GW","region_name":"Gangwon","activations":10,"last_activation":"2025-06-08T00:00:00Z"}},{"type":"Feature","geometry":{"type":"Point","coordinates":[129.077,37.1908]},"properties":{"ref":"HL/GW-138","name":"시루봉 (Sirubong)","name_kanji":null,"alt_m":1047,"points":8,"region_code":"GW","region_name":"Gangwon","activations":1,"last_activation":"2023-09-23T00:00:00Z"}},{"type":"Feature","geometry":{"type":"Point","coordinates":[127.434,38.1182]},"properties":{"ref":"HL/GW-139","name":"광덕산 (Gwangdeoksan)","name_kanji":null,"alt_m":1046,"points":8,"region_code":"GW","region_name":"Gangwon","activations":50,"last_activation":"2026-02-20T00:00:00Z"}},{"type":"Feature","geometry":{"type":"Point","coordinates":[128.4206,37.4907]},"properties":{"ref":"HL/GW-140","name":"등용봉 (Deungyongbong)","name_kanji":null,"alt_m":1045,"points":8,"region_code":"GW","region_name":"Gangwon","activations":1,"last_activation":"2023-10-29T00:00:00Z"}},{"type":"Feature","geometry":{"type":"Point","coordinates":[129.0571,37.1132]},"properties":{"ref":"HL/GW-141","name":"HL/GW-141","name_kanji":null,"alt_m":1044,"points":8,"region_code":"GW","region_name":"Gangwon","activations":2,"last_activation":"2023-07-29T00:00:00Z"}},{"type":"Feature","geometry":{"type":"Point","coordinates":[128.2932,37.4808]},"properties":{"ref":"HL/GW-142","name":"용마봉 (Yongmabong)","name_kanji":null,"alt_m":1044,"points":8,"region_code":"GW","region_name":"Gangwon","activations":1,"last_activation":"2022-05-29T00:00:00Z"}},{"type":"Feature","geometry":{"type":"Point","coordinates":[129.0189,37.1497]},"properties":{"ref":"HL/GW-143","name":"HL/GW-143","name_kanji":null,"alt_m":1040,"points":8,"region_code":"GW","region_name":"Gangwon","activations":3,"last_activation":"2025-02-16T00:00:00Z"}},{"type":"Feature","geometry":{"type":"Point","coordinates":[128.2534,38.3349]},"properties":{"ref":"HL/GW-144","name":"HL/GW-144","name_kanji":null,"alt_m":1040,"points":8,"region_code":"GW","region_name":"Gangwon","activations":0,"last_activation":null}},{"type":"Feature","geometry":{"type":"Point","coordinates":[128.5808,37.5223]},"properties":{"ref":"HL/GW-145","name":"HL/GW-145","name_kanji":null,"alt_m":1038,"points":8,"region_code":"GW","region_name":"Gangwon","activations":0,"last_activation":null}},{"type":"Feature","geometry":{"type":"Point","coordinates":[128.9048,37.6177]},"properties":{"ref":"HL/GW-146","name":"만덕봉 (Mandeokbong)","name_kanji":null,"alt_m":1035,"points":8,"region_code":"GW","region_name":"Gangwon","activations":1,"last_activation":"2025-09-07T00:00:00Z"}},{"type":"Feature","geometry":{"type":"Point","coordinates":[128.6618,37.2851]},"properties":{"ref":"HL/GW-147","name":"계봉 (Gyebong)","name_kanji":null,"alt_m":1028,"points":8,"region_code":"GW","region_name":"Gangwon","activations":2,"last_activation":"2024-11-23T00:00:00Z"}},{"type":"Feature","geometry":{"type":"Point","coordinates":[128.49,37.123]},"properties":{"ref":"HL/GW-148","name":"태화산 (Taehwasan)","name_kanji":null,"alt_m":1027,"points":8,"region_code":"GW","region_name":"Gangwon","activations":7,"last_activation":"2022-10-29T00:00:00Z"}},{"type":"Feature","geometry":{"type":"Point","coordinates":[128.9657,37.5056]},"properties":{"ref":"HL/GW-149","name":"달팽이산 (Dalpaengisan)","name_kanji":null,"alt_m":1027,"points":8,"region_code":"GW","region_name":"Gangwon","activations":1,"last_activation":"2021-12-24T00:00:00Z"}},{"type":"Feature","geometry":{"type":"Point","coordinates":[127.458,38.1233]},"properties":{"ref":"HL/GW-150","name":"회목봉 (Hoemokbong)","name_kanji":null,"alt_m":1026,"points":8,"region_code":"GW","region_name":"Gangwon","activations":11,"last_activation":"2023-09-09T00:00:00Z"}},{"type":"Feature","geometry":{"type":"Point","coordinates":[128.661,37.3408]},"properties":{"ref":"HL/GW-151","name":"HL/GW-151","name_kanji":null,"alt_m":1021,"points":8,"region_code":"GW","region_name":"Gangwon","activations":1,"last_activation":"2025-08-31T00:00:00Z"}},{"type":"Feature","geometry":{"type":"Point","coordinates":[127.7669,38.2843]},"properties":{"ref":"HL/GW-152","name":"HL/GW-152","name_kanji":null,"alt_m":1020,"points":8,"region_code":"GW","region_name":"Gangwon","activations":0,"last_activation":null}},{"type":"Feature","geometry":{"type":"Point","coordinates":[128.8189,37.5657]},"properties":{"ref":"HL/GW-153","name":"매봉산 (Maebongsan)","name_kanji":null,"alt_m":1017,"points":8,"region_code":"GW","region_name":"Gangwon","activations":1,"last_activation":"2023-08-15T00:00:00Z"}},{"type":"Feature","geometry":{"type":"Point","coordinates":[128.6556,37.27]},"properties":{"ref":"HL/GW-154","name":"곰봉 (Gombong)","name_kanji":null,"alt_m":1015,"points":8,"region_code":"GW","region_name":"Gangwon","activations":3,"last_activation":"2024-11-22T00:00:00Z"}},{"type":"Feature","geometry":{"type":"Point","coordinates":[128.8365,37.3309]},"properties":{"ref":"HL/GW-155","name":"광대산 (Gwangdaesan)","name_kanji":null,"alt_m":1014,"points":8,"region_code":"GW","region_name":"Gangwon","activations":1,"last_activation":"2023-12-10T00:00:00Z"}},{"type":"Feature","geometry":{"type":"Point","coordinates":[128.3858,37.4565]},"properties":{"ref":"HL/GW-156","name":"승두봉 (Seungdubong)","name_kanji":null,"alt_m":1013,"points":8,"region_code":"GW","region_name":"Gangwon","activations":1,"last_activation":"2023-10-29T00:00:00Z"}},{"type":"Feature","geometry":{"type":"Point","coordinates":[128.6622,37.8657]},"properties":{"ref":"HL/GW-157","name":"철갑령 (Cheolgamnyeong)","name_kanji":null,"alt_m":1013,"points":8,"region_code":"GW","region_name":"Gangwon","activations":1,"last_activation":"2025-08-29T00:00:00Z"}},{"type":"Feature","geometry":{"type":"Point","coordinates":[128.834,37.5134]},"properties":{"ref":"HL/GW-158","name":"덕우산 (Deogusan)","name_kanji":null,"alt_m":1008,"points":8,"region_code":"GW","region_name":"Gangwon","activations":1,"last_activation":"2022-10-29T00:00:00Z"}},{"type":"Feature","geometry":{"type":"Point","coordinates":[128.7191,37.4241]},"properties":{"ref":"HL/GW-159","name":"상정바위산 (Sangjeongbawisan)","name_kanji":null,"alt_m":1006,"points":8,"region_code":"GW","region_name":"Gangwon","activations":1,"last_activation":"2023-10-22T00:00:00Z"}},{"type":"Feature","geometry":{"type":"Point","coordinates":[129.2305,37.0764]},"properties":{"ref":"HL/GW-160","name":"응봉산 (Eungbongsan)","name_kanji":null,"alt_m":1000,"points":6,"region_code":"GW","region_name":"Gangwon","activations":4,"last_activation":"2025-11-22T00:00:00Z"}},{"type":"Feature","geometry":{"type":"Point","coordinates":[128.7979,37.5207]},"properties":{"ref":"HL/GW-161","name":"HL/GW-161","name_kanji":null,"alt_m":997,"points":6,"region_code":"GW","region_name":"Gangwon","activations":1,"last_activation":"2022-10-29T00:00:00Z"}},{"type":"Feature","geometry":{"type":"Point","coordinates":[128.1149,37.6549]},"properties":{"ref":"HL/GW-162","name":"발교산 (Balgyosan)","name_kanji":null,"alt_m":995,"points":6,"region_code":"GW","region_name":"Gangwon","activations":0,"last_activation":null}},{"type":"Feature","geometry":{"type":"Point","coordinates":[127.5507,38.1015]},"properties":{"ref":"HL/GW-163","name":"두류산 (Duryusan)","name_kanji":null,"alt_m":993,"points":6,"region_code":"GW","region_name":"Gangwon","activations":1,"last_activation":"2023-04-01T00:00:00Z"}},{"type":"Feature","geometry":{"type":"Point","coordinates":[128.7456,37.4992]},"properties":{"ref":"HL/GW-164","name":"고비덕 (Gobideok)","name_kanji":null,"alt_m":990,"points":6,"region_code":"GW","region_name":"Gangwon","activations":1,"last_activation":"2022-10-29T00:00:00Z"}},{"type":"Feature","geometry":{"type":"Point","coordinates":[128.336,37.3738]},"properties":{"ref":"HL/GW-165","name":"수정산 (Sujeongsan)","name_kanji":null,"alt_m":990,"points":6,"region_code":"GW","region_name":"Gangwon","activations":0,"last_activation":null}},{"type":"Feature","geometry":{"type":"Point","coordinates":[128.6571,37.1867]},"properties":{"ref":"HL/GW-166","name":"에미산 (Emisan)","name_kanji":null,"alt_m":989,"points":6,"region_code":"GW","region_name":"Gangwon","activations":1,"last_activation":"2025-10-24T00:00:00Z"}},{"type":"Feature","geometry":{"type":"Point","coordinates":[128.0405,37.189]},"properties":{"ref":"HL/GW-167","name":"구학산 (Guhaksan)","name_kanji":null,"alt_m":983,"points":6,"region_code":"GW","region_name":"Gangwon","activations":4,"last_activation":"2023-02-19T00:00:00Z"}},{"type":"Feature","geometry":{"type":"Point","coordinates":[128.0115,38.2512]},"properties":{"ref":"HL/GW-168","name":"HL/GW-168","name_kanji":null,"alt_m":983,"points":6,"region_code":"GW","region_name":"Gangwon","activations":0,"last_activation":null}},{"type":"Feature","geometry":{"type":"Point","coordinates":[128.2208,37.9681]},"properties":{"ref":"HL/GW-169","name":"매봉산 (Maebongsan)","name_kanji":null,"alt_m":983,"points":6,"region_code":"GW","region_name":"Gangwon","activations":0,"last_activation":null}},{"type":"Feature","geometry":{"type":"Point","coordinates":[128.2421,38.2884]},"properties":{"ref":"HL/GW-170","name":"HL/GW-170","name_kanji":null,"alt_m":982,"points":6,"region_code":"GW","region_name":"Gangwon","activations":0,"last_activation":null}},{"type":"Feature","geometry":{"type":"Point","coordinates":[128.2024,37.6502]},"properties":{"ref":"HL/GW-171","name":"운무산 (Unmusan)","name_kanji":null,"alt_m":980,"points":6,"region_code":"GW","region_name":"Gangwon","activations":1,"last_activation":"2020-05-16T00:00:00Z"}},{"type":"Feature","geometry":{"type":"Point","coordinates":[128.2582,38.315]},"properties":{"ref":"HL/GW-172","name":"HL/GW-172","name_kanji":null,"alt_m":980,"points":6,"region_code":"GW","region_name":"Gangwon","activations":0,"last_activation":null}},{"type":"Feature","geometry":{"type":"Point","coordinates":[128.4326,37.3393]},"properties":{"ref":"HL/GW-173","name":"삼방산 (Sambangsan)","name_kanji":null,"alt_m":980,"points":6,"region_code":"GW","region_name":"Gangwon","activations":0,"last_activation":null}},{"type":"Feature","geometry":{"type":"Point","coordinates":[128.8833,37.4793]},"properties":{"ref":"HL/GW-174","name":"석이암산 (Seogiamsan)","name_kanji":null,"alt_m":979,"points":6,"region_code":"GW","region_name":"Gangwon","activations":1,"last_activation":"2026-01-27T00:00:00Z"}},{"type":"Feature","geometry":{"type":"Point","coordinates":[129.1268,37.1616]},"properties":{"ref":"HL/GW-175","name":"복두산 (Bokdusan)","name_kanji":null,"alt_m":978,"points":6,"region_code":"GW","region_name":"Gangwon","activations":1,"last_activation":"2023-10-01T00:00:00Z"}},{"type":"Feature","geometry":{"type":"Point","coordinates":[128.368,37.545]},"properties":{"ref":"HL/GW-176","name":"HL/GW-176","name_kanji":null,"alt_m":975,"points":6,"region_code":"GW","region_name":"Gangwon","activations":0,"last_activation":null}},{"type":"Feature","geometry":{"type":"Point","coordinates":[128.639,37.405]},"properties":{"ref":"HL/GW-177","name":"민둔산 (Mindunsan)","name_kanji":null,"alt_m":974,"points":6,"region_code":"GW","region_name":"Gangwon","activations":1,"last_activation":"2025-08-31T00:00:00Z"}},{"type":"Feature","geometry":{"type":"Point","coordinates":[128.2136,37.319]},"properties":{"ref":"HL/GW-178","name":"구룡산 (Guryongsan)","name_kanji":null,"alt_m":967,"points":6,"region_code":"GW","region_name":"Gangwon","activations":1,"last_activation":"2024-10-12T00:00:00Z"}},{"type":"Feature","geometry":{"type":"Point","coordinates":[128.5834,37.3041]},"properties":{"ref":"HL/GW-179","name":"돌도끼산 (Doldoggisan)","name_kanji":null,"alt_m":963,"points":6,"region_code":"GW","region_name":"Gangwon","activations":2,"last_activation":"2025-10-26T00:00:00Z"}},{"type":"Feature","geometry":{"type":"Point","coordinates":[128.7172,37.2758]},"properties":{"ref":"HL/GW-180","name":"HL/GW-180","name_kanji":null,"alt_m":960,"points":6,"region_code":"GW","region_name":"Gangwon","activations":1,"last_activation":"2026-01-04T00:00:00Z"}},{"type":"Feature","geometry":{"type":"Point","coordinates":[128.137,37.681]},"properties":{"ref":"HL/GW-181","name":"수리봉 (Suribong)","name_kanji":null,"alt_m":960,"points":6,"region_code":"GW","region_name":"Gangwon","activations":0,"last_activation":null}},{"type":"Feature","geometry":{"type":"Point","coordinates":[127.2009,38.1858]},"properties":{"ref":"HL/GW-182","name":"금학산 (Geumhaksan)","name_kanji":null,"alt_m":947,"points":6,"region_code":"GW","region_name":"Gangwon","activations":9,"last_activation":"2025-08-12T00:00:00Z"}},{"type":"Feature","geometry":{"type":"Point","coordinates":[128.1418,37.229]},"properties":{"ref":"HL/GW-183","name":"감악산 (Gamaksan)","name_kanji":null,"alt_m":945,"points":6,"region_code":"GW","region_name":"Gangwon","activations":18,"last_activation":"2025-08-02T00:00:00Z"}},{"type":"Feature","geometry":{"type":"Point","coordinates":[128.734,37.335]},"properties":{"ref":"HL/GW-184","name":"서운산 (Seounsan)","name_kanji":null,"alt_m":940,"points":6,"region_code":"GW","region_name":"Gangwon","activations":2,"last_activation":"2026-01-04T00:00:00Z"}},{"type":"Feature","geometry":{"type":"Point","coordinates":[128.1055,38.0999]},"properties":{"ref":"HL/GW-185","name":"HL/GW-185","name_kanji":null,"alt_m":940,"points":6,"region_code":"GW","region_name":"Gangwon","activations":0,"last_activation":null}},{"type":"Feature","geometry":{"type":"Point","coordinates":[128.1452,38.1065]},"properties":{"ref":"HL/GW-186","name":"기룡산 (Giryongsan)","name_kanji":null,"alt_m":940,"points":6,"region_code":"GW","region_name":"Gangwon","activations":1,"last_activation":"2025-11-29T00:00:00Z"}},{"type":"Feature","geometry":{"type":"Point","coordinates":[128.0194,37.2442]},"properties":{"ref":"HL/GW-187","name":"벼락바위봉 (Byeorakbawibong)","name_kanji":null,"alt_m":938,"points":6,"region_code":"GW","region_name":"Gangwon","activations":2,"last_activation":"2022-09-25T00:00:00Z"}},{"type":"Feature","geometry":{"type":"Point","coordinates":[129.2196,37.2381]},"properties":{"ref":"HL/GW-188","name":"천봉 (Cheonbong)","name_kanji":null,"alt_m":937,"points":6,"region_code":"GW","region_name":"Gangwon","activations":1,"last_activation":"2025-10-03T00:00:00Z"}},{"type":"Feature","geometry":{"type":"Point","coordinates":[128.574,37.211]},"properties":{"ref":"HL/GW-189","name":"HL/GW-189","name_kanji":null,"alt_m":935,"points":6,"region_code":"GW","region_name":"Gangwon","activations":1,"last_activation":"2024-11-23T00:00:00Z"}},{"type":"Feature","geometry":{"type":"Point","coordinates":[127.9224,37.6057]},"properties":{"ref":"HL/GW-190","name":"오음산 (Oeumsan)","name_kanji":null,"alt_m":930,"points":6,"region_code":"GW","region_name":"Gangwon","activations":2,"last_activation":"2017-02-25T00:00:00Z"}},{"type":"Feature","geometry":{"type":"Point","coordinates":[128.4083,37.4976]},"properties":{"ref":"HL/GW-191","name":"HL/GW-191","name_kanji":null,"alt_m":926,"points":6,"region_code":"GW","region_name":"Gangwon","activations":0,"last_activation":null}},{"type":"Feature","geometry":{"type":"Point","coordinates":[128.2681,38.3765]},"properties":{"ref":"HL/GW-192","name":"HL/GW-192","name_kanji":null,"alt_m":924,"points":6,"region_code":"GW","region_name":"Gangwon","activations":0,"last_activation":null}},{"type":"Feature","geometry":{"type":"Point","coordinates":[128.6532,37.1376]},"properties":{"ref":"HL/GW-193","name":"운교산 (Ungyosan)","name_kanji":null,"alt_m":922,"points":6,"region_code":"GW","region_name":"Gangwon","activations":1,"last_activation":"2025-08-10T00:00:00Z"}},{"type":"Feature","geometry":{"type":"Point","coordinates":[127.3387,38.1041]},"properties":{"ref":"HL/GW-194","name":"명성산 (Myeongseongsan)","name_kanji":null,"alt_m":922,"points":6,"region_code":"GW","region_name":"Gangwon","activations":9,"last_activation":"2024-11-03T00:00:00Z"}},{"type":"Feature","geometry":{"type":"Point","coordinates":[128.0999,37.641]},"properties":{"ref":"HL/GW-195","name":"병무산 (Byeongmusan)","name_kanji":null,"alt_m":920,"points":6,"region_code":"GW","region_name":"Gangwon","activations":0,"last_activation":null}},{"type":"Feature","geometry":{"type":"Point","coordinates":[128.0887,37.8791]},"properties":{"ref":"HL/GW-196","name":"HL/GW-196","name_kanji":null,"alt_m":920,"points":6,"region_code":"GW","region_name":"Gangwon","activations":1,"last_activation":"2023-01-28T00:00:00Z"}},{"type":"Feature","geometry":{"type":"Point","coordinates":[128.5524,37.2106]},"properties":{"ref":"HL/GW-197","name":"완택산 (Wantaeksan)","name_kanji":null,"alt_m":916,"points":6,"region_code":"GW","region_name":"Gangwon","activations":1,"last_activation":"2025-10-25T00:00:00Z"}},{"type":"Feature","geometry":{"type":"Point","coordinates":[127.907,37.8508]},"properties":{"ref":"HL/GW-198","name":"HL/GW-198","name_kanji":null,"alt_m":916,"points":6,"region_code":"GW","region_name":"Gangwon","activations":1,"last_activation":"2018-09-22T00:00:00Z"}},{"type":"Feature","geometry":{"type":"Point","coordinates":[127.5749,38.1532]},"properties":{"ref":"HL/GW-199","name":"HL/GW-199","name_kanji":null,"alt_m":915,"points":6,"region_code":"GW","region_name":"Gangwon","activations":0,"last_activation":null}},{"type":"Feature","geometry":{"type":"Point","coordinates":[128.2149,37.338]},"properties":{"ref":"HL/GW-200","name":"된불데기산 (Doenbuldegisan)","name_kanji":null,"alt_m":910,"points":6,"region_code":"GW","region_name":"Gangwon","activations":1,"last_activation":"2024-10-12T00:00:00Z"}},{"type":"Feature","geometry":{"type":"Point","coordinates":[128.3382,38.4298]},"properties":{"ref":"HL/GW-201","name":"건봉산 (Geonbongsan)","name_kanji":null,"alt_m":908,"points":6,"region_code":"GW","region_name":"Gangwon","activations":0,"last_activation":null}},{"type":"Feature","geometry":{"type":"Point","coordinates":[128.347,37.5914]},"properties":{"ref":"HL/GW-202","name":"HL/GW-202","name_kanji":null,"alt_m":907,"points":6,"region_code":"GW","region_name":"Gangwon","activations":0,"last_activation":null}},{"type":"Feature","geometry":{"type":"Point","coordinates":[128.1668,37.2148]},"properties":{"ref":"HL/GW-203","name":"석기암봉 (Seokgiambong)","name_kanji":null,"alt_m":906,"points":6,"region_code":"GW","region_name":"Gangwon","activations":6,"last_activation":"2023-01-23T00:00:00Z"}},{"type":"Feature","geometry":{"type":"Point","coordinates":[128.7949,37.4863]},"properties":{"ref":"HL/GW-204","name":"왕치산 (Wangchisan)","name_kanji":null,"alt_m":902,"points":6,"region_code":"GW","region_name":"Gangwon","activations":1,"last_activation":"2022-10-28T00:00:00Z"}},{"type":"Feature","geometry":{"type":"Point","coordinates":[128.4613,37.355]},"properties":{"ref":"HL/GW-205","name":"HL/GW-205","name_kanji":null,"alt_m":900,"points":6,"region_code":"GW","region_name":"Gangwon","activations":0,"last_activation":null}},{"type":"Feature","geometry":{"type":"Point","coordinates":[127.8215,37.8451]},"properties":{"ref":"HL/GW-206","name":"대룡산 (Daeryongsan)","name_kanji":null,"alt_m":899,"points":6,"region_code":"GW","region_name":"Gangwon","activations":18,"last_activation":"2025-09-14T00:00:00Z"}},{"type":"Feature","geometry":{"type":"Point","coordinates":[128.0814,37.843]},"properties":{"ref":"HL/GW-207","name":"백우산 (Baegusan)","name_kanji":null,"alt_m":895,"points":6,"region_code":"GW","region_name":"Gangwon","activations":1,"last_activation":"2025-06-29T00:00:00Z"}},{"type":"Feature","geometry":{"type":"Point","coordinates":[128.1075,37.9499]},"properties":{"ref":"HL/GW-208","name":"HL/GW-208","name_kanji":null,"alt_m":890,"points":6,"region_code":"GW","region_name":"Gangwon","activations":0,"last_activation":null}},{"type":"Feature","geometry":{"type":"Point","coordinates":[128.5191,37.1699]},"properties":{"ref":"HL/GW-209","name":"계족산 (Gyejoksan)","name_kanji":null,"alt_m":890,"points":6,"region_code":"GW","region_name":"Gangwon","activations":1,"last_activation":"2023-05-13T00:00:00Z"}},{"type":"Feature","geometry":{"type":"Point","coordinates":[128.7482,37.3618]},"properties":{"ref":"HL/GW-210","name":"방평봉 (Bangpyeongbong)","name_kanji":null,"alt_m":889,"points":6,"region_code":"GW","region_name":"Gangwon","activations":1,"last_activation":"2018-07-08T00:00:00Z"}},{"type":"Feature","geometry":{"type":"Point","coordinates":[128.2668,37.5287]},"properties":{"ref":"HL/GW-211","name":"지주봉 (Jijubong)","name_kanji":null,"alt_m":889,"points":6,"region_code":"GW","region_name":"Gangwon","activations":1,"last_activation":"2025-12-28T00:00:00Z"}},{"type":"Feature","geometry":{"type":"Point","coordinates":[128.1082,37.9281]},"properties":{"ref":"HL/GW-212","name":"응봉산 (Eungbongsan)","name_kanji":null,"alt_m":887,"points":6,"region_code":"GW","region_name":"Gangwon","activations":0,"last_activation":null}},{"type":"Feature","geometry":{"type":"Point","coordinates":[128.01,37.7158]},"properties":{"ref":"HL/GW-213","name":"공작산 (Gongjaksan)","name_kanji":null,"alt_m":882,"points":6,"region_code":"GW","region_name":"Gangwon","activations":7,"last_activation":"2022-09-10T00:00:00Z"}},{"type":"Feature","geometry":{"type":"Point","coordinates":[127.8275,38.0001]},"properties":{"ref":"HL/GW-214","name":"부용산 (Buyongsan)","name_kanji":null,"alt_m":882,"points":6,"region_code":"GW","region_name":"Gangwon","activations":1,"last_activation":"2019-12-29T00:00:00Z"}},{"type":"Feature","geometry":{"type":"Point","coordinates":[128.5423,37.6282]},"properties":{"ref":"HL/GW-215","name":"사남산 (Sanamsan)","name_kanji":null,"alt_m":881,"points":6,"region_code":"GW","region_name":"Gangwon","activations":1,"last_activation":"2026-02-03T00:00:00Z"}},{"type":"Feature","geometry":{"type":"Point","coordinates":[127.7475,38.0385]},"properties":{"ref":"HL/GW-216","name":"용화산 (Yonghwasan)","name_kanji":null,"alt_m":878,"points":6,"region_code":"GW","region_name":"Gangwon","activations":13,"last_activation":"2024-06-10T00:00:00Z"}},{"type":"Feature","geometry":{"type":"Point","coordinates":[128.0848,37.6741]},"properties":{"ref":"HL/GW-217","name":"대학산 (Daehaksan)","name_kanji":null,"alt_m":876,"points":6,"region_code":"GW","region_name":"Gangwon","activations":0,"last_activation":null}},{"type":"Feature","geometry":{"type":"Point","coordinates":[128.4011,37.325]},"properties":{"ref":"HL/GW-218","name":"철개산 (Cheolgaesan)","name_kanji":null,"alt_m":876,"points":6,"region_code":"GW","region_name":"Gangwon","activations":0,"last_activation":null}},{"type":"Feature","geometry":{"type":"Point","coordinates":[128.6007,37.2114]},"properties":{"ref":"HL/GW-219","name":"HL/GW-219","name_kanji":null,"alt_m":875,"points":6,"region_code":"GW","region_name":"Gangwon","activations":1,"last_activation":"2024-11-23T00:00:00Z"}},{"type":"Feature","geometry":{"type":"Point","coordinates":[128.0066,38.0397]},"properties":{"ref":"HL/GW-220","name":"봉화산 (Bonghwasan)","name_kanji":null,"alt_m":875,"points":6,"region_code":"GW","region_name":"Gangwon","activations":3,"last_activation":"2025-08-02T00:00:00Z"}},{"type":"Feature","geometry":{"type":"Point","coordinates":[128.5758,37.9982]},"properties":{"ref":"HL/GW-221","name":"정족산 (Jeongjoksan)","name_kanji":null,"alt_m":869,"points":6,"region_code":"GW","region_name":"Gangwon","activations":1,"last_activation":"2025-08-30T00:00:00Z"}},{"type":"Feature","geometry":{"type":"Point","coordinates":[128.0941,37.7079]},"properties":{"ref":"HL/GW-222","name":"응봉산 (Eungbongsan)","name_kanji":null,"alt_m":868,"points":6,"region_code":"GW","region_name":"Gangwon","activations":0,"last_activation":null}},{"type":"Feature","geometry":{"type":"Point","coordinates":[127.6136,37.9197]},"properties":{"ref":"HL/GW-223","name":"북배산 (Bukbaesan)","name_kanji":null,"alt_m":867,"points":6,"region_code":"GW","region_name":"Gangwon","activations":7,"last_activation":"2017-06-10T00:00:00Z"}},{"type":"Feature","geometry":{"type":"Point","coordinates":[128.3715,37.2922]},"properties":{"ref":"HL/GW-224","name":"세솥바리산 (Sesotbarisan)","name_kanji":null,"alt_m":860,"points":6,"region_code":"GW","region_name":"Gangwon","activations":0,"last_activation":null}},{"type":"Feature","geometry":{"type":"Point","coordinates":[128.7073,37.1579]},"properties":{"ref":"HL/GW-225","name":"약수봉 (Yaksubong)","name_kanji":null,"alt_m":860,"points":6,"region_code":"GW","region_name":"Gangwon","activations":1,"last_activation":"2025-08-10T00:00:00Z"}},{"type":"Feature","geometry":{"type":"Point","coordinates":[127.8544,38.0517]},"properties":{"ref":"HL/GW-226","name":"죽염산 (Jugyeomsan)","name_kanji":null,"alt_m":859,"points":6,"region_code":"GW","region_name":"Gangwon","activations":1,"last_activation":"2020-11-07T00:00:00Z"}},{"type":"Feature","geometry":{"type":"Point","coordinates":[127.6125,37.9408]},"properties":{"ref":"HL/GW-227","name":"가덕산 (Gadeoksan)","name_kanji":null,"alt_m":858,"points":6,"region_code":"GW","region_name":"Gangwon","activations":7,"last_activation":"2017-06-10T00:00:00Z"}},{"type":"Feature","geometry":{"type":"Point","coordinates":[127.9679,37.9567]},"properties":{"ref":"HL/GW-228","name":"바위산 (Bawisan)","name_kanji":null,"alt_m":858,"points":6,"region_code":"GW","region_name":"Gangwon","activations":0,"last_activation":null}},{"type":"Feature","geometry":{"type":"Point","coordinates":[128.233,38.3842]},"properties":{"ref":"HL/GW-229","name":"HL/GW-229","name_kanji":null,"alt_m":854,"points":6,"region_code":"GW","region_name":"Gangwon","activations":0,"last_activation":null}},{"type":"Feature","geometry":{"type":"Point","coordinates":[128.1668,37.3766]},"properties":{"ref":"HL/GW-230","name":"HL/GW-230","name_kanji":null,"alt_m":852,"points":6,"region_code":"GW","region_name":"Gangwon","activations":1,"last_activation":"2025-02-28T00:00:00Z"}},{"type":"Feature","geometry":{"type":"Point","coordinates":[128.5809,37.379]},"properties":{"ref":"HL/GW-231","name":"살개봉 (Salgaebong)","name_kanji":null,"alt_m":850,"points":6,"region_code":"GW","region_name":"Gangwon","activations":1,"last_activation":"2026-01-04T00:00:00Z"}},{"type":"Feature","geometry":{"type":"Point","coordinates":[127.8251,37.7984]},"properties":{"ref":"HL/GW-232","name":"연엽산 (Yeonyeopsan)","name_kanji":null,"alt_m":850,"points":6,"region_code":"GW","region_name":"Gangwon","activations":0,"last_activation":null}},{"type":"Feature","geometry":{"type":"Point","coordinates":[128.6939,37.223]},"properties":{"ref":"HL/GW-233","name":"HL/GW-233","name_kanji":null,"alt_m":847,"points":6,"region_code":"GW","region_name":"Gangwon","activations":1,"last_activation":"2025-10-25T00:00:00Z"}},{"type":"Feature","geometry":{"type":"Point","coordinates":[128.5771,37.4015]},"properties":{"ref":"HL/GW-234","name":"굇대봉 (Goetdaebong)","name_kanji":null,"alt_m":844,"points":6,"region_code":"GW","region_name":"Gangwon","activations":0,"last_activation":null}},{"type":"Feature","geometry":{"type":"Point","coordinates":[127.993,38.1967]},"properties":{"ref":"HL/GW-235","name":"HL/GW-235","name_kanji":null,"alt_m":840,"points":6,"region_code":"GW","region_name":"Gangwon","activations":0,"last_activation":null}},{"type":"Feature","geometry":{"type":"Point","coordinates":[127.3787,38.1186]},"properties":{"ref":"HL/GW-236","name":"각흘산 (Gakheulsan)","name_kanji":null,"alt_m":838,"points":6,"region_code":"GW","region_name":"Gangwon","activations":9,"last_activation":"2025-06-29T00:00:00Z"}},{"type":"Feature","geometry":{"type":"Point","coordinates":[128.1351,37.9324]},"properties":{"ref":"HL/GW-237","name":"HL/GW-237","name_kanji":null,"alt_m":837,"points":6,"region_code":"GW","region_name":"Gangwon","activations":0,"last_activation":null}},{"type":"Feature","geometry":{"type":"Point","coordinates":[128.4897,37.2672]},"properties":{"ref":"HL/GW-238","name":"접산 (Jeopsan)","name_kanji":null,"alt_m":835,"points":6,"region_code":"GW","region_name":"Gangwon","activations":1,"last_activation":"2025-10-25T00:00:00Z"}},{"type":"Feature","geometry":{"type":"Point","coordinates":[128.324,37.4414]},"properties":{"ref":"HL/GW-239","name":"HL/GW-239","name_kanji":null,"alt_m":825,"points":6,"region_code":"GW","region_name":"Gangwon","activations":0,"last_activation":null}},{"type":"Feature","geometry":{"type":"Point","coordinates":[128.543,37.6056]},"properties":{"ref":"HL/GW-240","name":"형제봉 (Hyeongjebong)","name_kanji":null,"alt_m":822,"points":6,"region_code":"GW","region_name":"Gangwon","activations":1,"last_activation":"2026-02-03T00:00:00Z"}},{"type":"Feature","geometry":{"type":"Point","coordinates":[129.1611,37.1565]},"properties":{"ref":"HL/GW-241","name":"HL/GW-241","name_kanji":null,"alt_m":820,"points":6,"region_code":"GW","region_name":"Gangwon","activations":1,"last_activation":"2024-12-08T00:00:00Z"}},{"type":"Feature","geometry":{"type":"Point","coordinates":[128.6914,37.3372]},"properties":{"ref":"HL/GW-242","name":"HL/GW-242","name_kanji":null,"alt_m":820,"points":6,"region_code":"GW","region_name":"Gangwon","activations":1,"last_activation":"2025-12-25T00:00:00Z"}},{"type":"Feature","geometry":{"type":"Point","coordinates":[127.6411,38.2625]},"properties":{"ref":"HL/GW-243","name":"HL/GW-243","name_kanji":null,"alt_m":820,"points":6,"region_code":"GW","region_name":"Gangwon","activations":0,"last_activation":null}},{"type":"Feature","geometry":{"type":"Point","coordinates":[128.6443,37.3633]},"properties":{"ref":"HL/GW-244","name":"HL/GW-244","name_kanji":null,"alt_m":819,"points":6,"region_code":"GW","region_name":"Gangwon","activations":1,"last_activation":"2025-08-30T00:00:00Z"}},{"type":"Feature","geometry":{"type":"Point","coordinates":[127.5744,38.2942]},"properties":{"ref":"HL/GW-245","name":"삼천봉 (Samcheonbong)","name_kanji":null,"alt_m":815,"points":6,"region_code":"GW","region_name":"Gangwon","activations":0,"last_activation":null}},{"type":"Feature","geometry":{"type":"Point","coordinates":[127.8597,38.0148]},"properties":{"ref":"HL/GW-246","name":"HL/GW-246","name_kanji":null,"alt_m":811,"points":6,"region_code":"GW","region_name":"Gangwon","activations":0,"last_activation":null}},{"type":"Feature","geometry":{"type":"Point","coordinates":[128.235,38.2518]},"properties":{"ref":"HL/GW-247","name":"동개산 (Donggaesan)","name_kanji":null,"alt_m":811,"points":6,"region_code":"GW","region_name":"Gangwon","activations":0,"last_activation":null}},{"type":"Feature","geometry":{"type":"Point","coordinates":[128.5515,37.2688]},"properties":{"ref":"HL/GW-248","name":"능암덕산 (Neungamdeoksan)","name_kanji":null,"alt_m":805,"points":6,"region_code":"GW","region_name":"Gangwon","activations":1,"last_activation":"2025-11-23T00:00:00Z"}},{"type":"Feature","geometry":{"type":"Point","coordinates":[128.2784,37.3165]},"properties":{"ref":"HL/GW-249","name":"돼지봉 (Dwaejibong)","name_kanji":null,"alt_m":800,"points":6,"region_code":"GW","region_name":"Gangwon","activations":2,"last_activation":"2026-01-04T00:00:00Z"}},{"type":"Feature","geometry":{"type":"Point","coordinates":[128.6313,37.37]},"properties":{"ref":"HL/GW-250","name":"HL/GW-250","name_kanji":null,"alt_m":800,"points":6,"region_code":"GW","region_name":"Gangwon","activations":1,"last_activation":"2025-08-30T00:00:00Z"}},{"type":"Feature","geometry":{"type":"Point","coordinates":[128.4863,37.1985]},"properties":{"ref":"HL/GW-251","name":"봉래산 (Bongnaesan)","name_kanji":null,"alt_m":800,"points":4,"region_code":"GW","region_name":"Gangwon","activations":14,"last_activation":"2024-09-05T00:00:00Z"}},{"type":"Feature","geometry":{"type":"Point","coordinates":[128.3209,37.995]},"properties":{"ref":"HL/GW-252","name":"HL/GW-252","name_kanji":null,"alt_m":799,"points":4,"region_code":"GW","region_name":"Gangwon","activations":1,"last_activation":"2023-01-28T00:00:00Z"}},{"type":"Feature","geometry":{"type":"Point","coordinates":[128.1313,37.7082]},"properties":{"ref":"HL/GW-253","name":"HL/GW-253","name_kanji":null,"alt_m":796,"points":4,"region_code":"GW","region_name":"Gangwon","activations":0,"last_activation":null}},{"type":"Feature","geometry":{"type":"Point","coordinates":[127.8218,38.0808]},"properties":{"ref":"HL/GW-254","name":"병풍산 (Byeongpungsan)","name_kanji":null,"alt_m":796,"points":4,"region_code":"GW","region_name":"Gangwon","activations":0,"last_activation":null}},{"type":"Feature","geometry":{"type":"Point","coordinates":[127.3712,38.1515]},"properties":{"ref":"HL/GW-255","name":"HL/GW-255","name_kanji":null,"alt_m":796,"points":4,"region_code":"GW","region_name":"Gangwon","activations":0,"last_activation":null}},{"type":"Feature","geometry":{"type":"Point","coordinates":[128.252,37.8281]},"properties":{"ref":"HL/GW-256","name":"HL/GW-256","name_kanji":null,"alt_m":791,"points":4,"region_code":"GW","region_name":"Gangwon","activations":1,"last_activation":"2022-04-30T00:00:00Z"}},{"type":"Feature","geometry":{"type":"Point","coordinates":[128.1775,37.2807]},"properties":{"ref":"HL/GW-257","name":"HL/GW-257","name_kanji":null,"alt_m":787,"points":4,"region_code":"GW","region_name":"Gangwon","activations":1,"last_activation":"2025-03-01T00:00:00Z"}},{"type":"Feature","geometry":{"type":"Point","coordinates":[128.0706,37.5835]},"properties":{"ref":"HL/GW-258","name":"어답산 (Eodapsan)","name_kanji":null,"alt_m":786,"points":4,"region_code":"GW","region_name":"Gangwon","activations":2,"last_activation":"2024-06-16T00:00:00Z"}},{"type":"Feature","geometry":{"type":"Point","coordinates":[129.2215,37.1274]},"properties":{"ref":"HL/GW-259","name":"뇌암산 (Noeamsan)","name_kanji":null,"alt_m":783,"points":4,"region_code":"GW","region_name":"Gangwon","activations":1,"last_activation":"2024-12-08T00:00:00Z"}},{"type":"Feature","geometry":{"type":"Point","coordinates":[127.8527,37.5409]},"properties":{"ref":"HL/GW-260","name":"성지봉 (Seongjibong)","name_kanji":null,"alt_m":780,"points":4,"region_code":"GW","region_name":"Gangwon","activations":0,"last_activation":null}},{"type":"Feature","geometry":{"type":"Point","coordinates":[129.1826,37.1223]},"properties":{"ref":"HL/GW-261","name":"HL/GW-261","name_kanji":null,"alt_m":780,"points":4,"region_code":"GW","region_name":"Gangwon","activations":1,"last_activation":"2025-09-27T00:00:00Z"}},{"type":"Feature","geometry":{"type":"Point","coordinates":[127.8072,38.0002]},"properties":{"ref":"HL/GW-262","name":"오봉산 (Obongsan)","name_kanji":null,"alt_m":779,"points":4,"region_code":"GW","region_name":"Gangwon","activations":14,"last_activation":"2025-10-07T00:00:00Z"}},{"type":"Feature","geometry":{"type":"Point","coordinates":[128.6372,37.904]},"properties":{"ref":"HL/GW-263","name":"HL/GW-263","name_kanji":null,"alt_m":774,"points":4,"region_code":"GW","region_name":"Gangwon","activations":2,"last_activation":"2025-08-30T00:00:00Z"}},{"type":"Feature","geometry":{"type":"Point","coordinates":[127.6209,38.1883]},"properties":{"ref":"HL/GW-264","name":"HL/GW-264","name_kanji":null,"alt_m":772,"points":4,"region_code":"GW","region_name":"Gangwon","activations":0,"last_activation":null}},{"type":"Feature","geometry":{"type":"Point","coordinates":[128.4965,37.3282]},"properties":{"ref":"HL/GW-265","name":"돈너미산 (Donneomisan)","name_kanji":null,"alt_m":769,"points":4,"region_code":"GW","region_name":"Gangwon","activations":2,"last_activation":"2023-08-19T00:00:00Z"}},{"type":"Feature","geometry":{"type":"Point","coordinates":[128.518,37.304]},"properties":{"ref":"HL/GW-266","name":"재치산 (Jaechisan)","name_kanji":null,"alt_m":760,"points":4,"region_code":"GW","region_name":"Gangwon","activations":0,"last_activation":null}},{"type":"Feature","geometry":{"type":"Point","coordinates":[127.9098,37.5599]},"properties":{"ref":"HL/GW-267","name":"HL/GW-267","name_kanji":null,"alt_m":760,"points":4,"region_code":"GW","region_name":"Gangwon","activations":0,"last_activation":null}},{"type":"Feature","geometry":{"type":"Point","coordinates":[127.6132,38.1503]},"properties":{"ref":"HL/GW-268","name":"HL/GW-268","name_kanji":null,"alt_m":758,"points":4,"region_code":"GW","region_name":"Gangwon","activations":0,"last_activation":null}},{"type":"Feature","geometry":{"type":"Point","coordinates":[128.9407,37.668]},"properties":{"ref":"HL/GW-269","name":"망덕봉 (Mangdeokbong)","name_kanji":null,"alt_m":757,"points":4,"region_code":"GW","region_name":"Gangwon","activations":1,"last_activation":"2026-01-31T00:00:00Z"}},{"type":"Feature","geometry":{"type":"Point","coordinates":[127.9674,38.0088]},"properties":{"ref":"HL/GW-270","name":"계명산 (Gyemyeongsan)","name_kanji":null,"alt_m":756,"points":4,"region_code":"GW","region_name":"Gangwon","activations":2,"last_activation":"2024-10-26T00:00:00Z"}},{"type":"Feature","geometry":{"type":"Point","coordinates":[128.9765,37.6466]},"properties":{"ref":"HL/GW-271","name":"피래산 (Piraesan)","name_kanji":null,"alt_m":754,"points":4,"region_code":"GW","region_name":"Gangwon","activations":1,"last_activation":"2026-01-02T00:00:00Z"}},{"type":"Feature","geometry":{"type":"Point","coordinates":[127.8347,37.6217]},"properties":{"ref":"HL/GW-272","name":"매화산 (Maehwasan)","name_kanji":null,"alt_m":752,"points":4,"region_code":"GW","region_name":"Gangwon","activations":1,"last_activation":"2025-01-25T00:00:00Z"}},{"type":"Feature","geometry":{"type":"Point","coordinates":[129.1683,37.3084]},"properties":{"ref":"HL/GW-273","name":"삿갓봉 (Satgatbong)","name_kanji":null,"alt_m":751,"points":4,"region_code":"GW","region_name":"Gangwon","activations":1,"last_activation":"2025-10-03T00:00:00Z"}},{"type":"Feature","geometry":{"type":"Point","coordinates":[128.185,38.0251]},"properties":{"ref":"HL/GW-274","name":"HL/GW-274","name_kanji":null,"alt_m":751,"points":4,"region_code":"GW","region_name":"Gangwon","activations":0,"last_activation":null}},{"type":"Feature","geometry":{"type":"Point","coordinates":[127.8315,37.7731]},"properties":{"ref":"HL/GW-275","name":"구절산 (Gujeolsan)","name_kanji":null,"alt_m":750,"points":4,"region_code":"GW","region_name":"Gangwon","activations":1,"last_activation":"2025-10-17T00:00:00Z"}},{"type":"Feature","geometry":{"type":"Point","coordinates":[128.344,38.4955]},"properties":{"ref":"HL/GW-276","name":"큰까치봉 (Keunkkachibong)","name_kanji":null,"alt_m":742,"points":4,"region_code":"GW","region_name":"Gangwon","activations":0,"last_activation":null}},{"type":"Feature","geometry":{"type":"Point","coordinates":[127.9646,37.6258]},"properties":{"ref":"HL/GW-277","name":"호덕봉 (Hodeokbong)","name_kanji":null,"alt_m":741,"points":4,"region_code":"GW","region_name":"Gangwon","activations":0,"last_activation":null}},{"type":"Feature","geometry":{"type":"Point","coordinates":[127.8504,37.6145]},"properties":{"ref":"HL/GW-278","name":"HL/GW-278","name_kanji":null,"alt_m":740,"points":4,"region_code":"GW","region_name":"Gangwon","activations":1,"last_activation":"2025-01-25T00:00:00Z"}},{"type":"Feature","geometry":{"type":"Point","coordinates":[128.3232,38.0235]},"properties":{"ref":"HL/GW-279","name":"HL/GW-279","name_kanji":null,"alt_m":740,"points":4,"region_code":"GW","region_name":"Gangwon","activations":0,"last_activation":null}},{"type":"Feature","geometry":{"type":"Point","coordinates":[128.3722,37.411]},"properties":{"ref":"HL/GW-280","name":"HL/GW-280","name_kanji":null,"alt_m":740,"points":4,"region_code":"GW","region_name":"Gangwon","activations":1,"last_activation":"2025-03-15T00:00:00Z"}},{"type":"Feature","geometry":{"type":"Point","coordinates":[127.8418,37.967]},"properties":{"ref":"HL/GW-281","name":"봉화산 (Bonghwasan)","name_kanji":null,"alt_m":736,"points":4,"region_code":"GW","region_name":"Gangwon","activations":1,"last_activation":"2025-10-08T00:00:00Z"}},{"type":"Feature","geometry":{"type":"Point","coordinates":[128.3773,38.2516]},"properties":{"ref":"HL/GW-282","name":"HL/GW-282","name_kanji":null,"alt_m":732,"points":4,"region_code":"GW","region_name":"Gangwon","activations":1,"last_activation":"2025-08-23T00:00:00Z"}},{"type":"Feature","geometry":{"type":"Point","coordinates":[128.1566,37.7085]},"properties":{"ref":"HL/GW-283","name":"동막산 (Dongmaksan)","name_kanji":null,"alt_m":731,"points":4,"region_code":"GW","region_name":"Gangwon","activations":0,"last_activation":null}},{"type":"Feature","geometry":{"type":"Point","coordinates":[127.9777,37.9949]},"properties":{"ref":"HL/GW-284","name":"대동봉 (Daedongbong)","name_kanji":null,"alt_m":731,"points":4,"region_code":"GW","region_name":"Gangwon","activations":0,"last_activation":null}},{"type":"Feature","geometry":{"type":"Point","coordinates":[127.8316,37.5163]},"properties":{"ref":"HL/GW-285","name":"HL/GW-285","name_kanji":null,"alt_m":720,"points":4,"region_code":"GW","region_name":"Gangwon","activations":0,"last_activation":null}},{"type":"Feature","geometry":{"type":"Point","coordinates":[128.2976,37.2683]},"properties":{"ref":"HL/GW-286","name":"HL/GW-286","name_kanji":null,"alt_m":720,"points":4,"region_code":"GW","region_name":"Gangwon","activations":0,"last_activation":null}},{"type":"Feature","geometry":{"type":"Point","coordinates":[128.6855,37.3074]},"properties":{"ref":"HL/GW-287","name":"천마산 (Cheonmasan)","name_kanji":null,"alt_m":720,"points":4,"region_code":"GW","region_name":"Gangwon","activations":1,"last_activation":"2025-08-31T00:00:00Z"}},{"type":"Feature","geometry":{"type":"Point","coordinates":[127.4514,38.2116]},"properties":{"ref":"HL/GW-288","name":"HL/GW-288","name_kanji":null,"alt_m":720,"points":4,"region_code":"GW","region_name":"Gangwon","activations":0,"last_activation":null}},{"type":"Feature","geometry":{"type":"Point","coordinates":[127.3453,38.0649]},"properties":{"ref":"HL/GW-289","name":"HL/GW-289","name_kanji":null,"alt_m":720,"points":4,"region_code":"GW","region_name":"Gangwon","activations":0,"last_activation":null}},{"type":"Feature","geometry":{"type":"Point","coordinates":[128.115,38.0532]},"properties":{"ref":"HL/GW-290","name":"HL/GW-290","name_kanji":null,"alt_m":720,"points":4,"region_code":"GW","region_name":"Gangwon","activations":0,"last_activation":null}},{"type":"Feature","geometry":{"type":"Point","coordinates":[128.1941,37.5196]},"properties":{"ref":"HL/GW-291","name":"HL/GW-291","name_kanji":null,"alt_m":720,"points":4,"region_code":"GW","region_name":"Gangwon","activations":1,"last_activation":"2023-08-13T00:00:00Z"}},{"type":"Feature","geometry":{"type":"Point","coordinates":[128.1646,37.4717]},"properties":{"ref":"HL/GW-292","name":"덕고산 (Deokgosan)","name_kanji":null,"alt_m":703,"points":4,"region_code":"GW","region_name":"Gangwon","activations":1,"last_activation":"2023-02-12T00:00:00Z"}},{"type":"Feature","geometry":{"type":"Point","coordinates":[128.4085,37.299]},"properties":{"ref":"HL/GW-293","name":"다래산 (Daraesan)","name_kanji":null,"alt_m":702,"points":4,"region_code":"GW","region_name":"Gangwon","activations":0,"last_activation":null}},{"type":"Feature","geometry":{"type":"Point","coordinates":[127.8848,37.2448]},"properties":{"ref":"HL/GW-294","name":"덕가산 (Deokgasan)","name_kanji":null,"alt_m":701,"points":4,"region_code":"GW","region_name":"Gangwon","activations":25,"last_activation":"2025-11-09T00:00:00Z"}},{"type":"Feature","geometry":{"type":"Point","coordinates":[128.2278,37.6741]},"properties":{"ref":"HL/GW-295","name":"HL/GW-295","name_kanji":null,"alt_m":700,"points":4,"region_code":"GW","region_name":"Gangwon","activations":0,"last_activation":null}},{"type":"Feature","geometry":{"type":"Point","coordinates":[127.8302,37.904]},"properties":{"ref":"HL/GW-296","name":"HL/GW-296","name_kanji":null,"alt_m":699,"points":4,"region_code":"GW","region_name":"Gangwon","activations":1,"last_activation":"2022-10-16T00:00:00Z"}},{"type":"Feature","geometry":{"type":"Point","coordinates":[127.8526,37.1907]},"properties":{"ref":"HL/GW-297","name":"신선봉 (Sinseonbong)","name_kanji":null,"alt_m":695,"points":4,"region_code":"GW","region_name":"Gangwon","activations":5,"last_activation":"2025-08-23T00:00:00Z"}},{"type":"Feature","geometry":{"type":"Point","coordinates":[128.519,37.2548]},"properties":{"ref":"HL/GW-298","name":"장성산 (Jangseongsan)","name_kanji":null,"alt_m":694,"points":4,"region_code":"GW","region_name":"Gangwon","activations":2,"last_activation":"2025-11-09T00:00:00Z"}},{"type":"Feature","geometry":{"type":"Point","coordinates":[128.2177,37.2777]},"properties":{"ref":"HL/GW-299","name":"비산 (Bisan)","name_kanji":null,"alt_m":693,"points":4,"region_code":"GW","region_name":"Gangwon","activations":1,"last_activation":"2025-03-01T00:00:00Z"}},{"type":"Feature","geometry":{"type":"Point","coordinates":[127.8716,37.6369]},"properties":{"ref":"HL/GW-300","name":"봉화산 (Bonghwasan)","name_kanji":null,"alt_m":692,"points":4,"region_code":"GW","region_name":"Gangwon","activations":1,"last_activation":"2026-04-12T00:00:00Z"}},{"type":"Feature","geometry":{"type":"Point","coordinates":[127.8548,37.509]},"properties":{"ref":"HL/GW-301","name":"응봉 (Eungbong)","name_kanji":null,"alt_m":686,"points":4,"region_code":"GW","region_name":"Gangwon","activations":0,"last_activation":null}},{"type":"Feature","geometry":{"type":"Point","coordinates":[128.4042,37.4154]},"properties":{"ref":"HL/GW-302","name":"HL/GW-302","name_kanji":null,"alt_m":686,"points":4,"region_code":"GW","region_name":"Gangwon","activations":0,"last_activation":null}},{"type":"Feature","geometry":{"type":"Point","coordinates":[127.7858,37.5784]},"properties":{"ref":"HL/GW-303","name":"갈기산 (Galgisan)","name_kanji":null,"alt_m":685,"points":4,"region_code":"GW","region_name":"Gangwon","activations":4,"last_activation":"2017-05-13T00:00:00Z"}},{"type":"Feature","geometry":{"type":"Point","coordinates":[128.4464,37.2257]},"properties":{"ref":"HL/GW-304","name":"시루산 (Sirusan)","name_kanji":null,"alt_m":685,"points":4,"region_code":"GW","region_name":"Gangwon","activations":1,"last_activation":"2025-11-23T00:00:00Z"}},{"type":"Feature","geometry":{"type":"Point","coordinates":[128.0801,37.7685]},"properties":{"ref":"HL/GW-305","name":"HL/GW-305","name_kanji":null,"alt_m":683,"points":4,"region_code":"GW","region_name":"Gangwon","activations":0,"last_activation":null}},{"type":"Feature","geometry":{"type":"Point","coordinates":[128.0751,37.9968]},"properties":{"ref":"HL/GW-306","name":"육팔이고지 (Yukparigoji)","name_kanji":null,"alt_m":682,"points":4,"region_code":"GW","region_name":"Gangwon","activations":0,"last_activation":null}},{"type":"Feature","geometry":{"type":"Point","coordinates":[128.2819,37.8823]},"properties":{"ref":"HL/GW-307","name":"배미산 (Baemisan)","name_kanji":null,"alt_m":680,"points":4,"region_code":"GW","region_name":"Gangwon","activations":0,"last_activation":null}},{"type":"Feature","geometry":{"type":"Point","coordinates":[128.4991,38.1823]},"properties":{"ref":"HL/GW-308","name":"달마봉 (Dalmabong)","name_kanji":null,"alt_m":676,"points":4,"region_code":"GW","region_name":"Gangwon","activations":0,"last_activation":null}},{"type":"Feature","geometry":{"type":"Point","coordinates":[128.4649,37.2063]},"properties":{"ref":"HL/GW-309","name":"발산 (Balsan)","name_kanji":null,"alt_m":675,"points":4,"region_code":"GW","region_name":"Gangwon","activations":2,"last_activation":"2025-11-23T00:00:00Z"}},{"type":"Feature","geometry":{"type":"Point","coordinates":[128.0526,37.6308]},"properties":{"ref":"HL/GW-310","name":"태의산 (Taeuisan)","name_kanji":null,"alt_m":675,"points":4,"region_code":"GW","region_name":"Gangwon","activations":0,"last_activation":null}},{"type":"Feature","geometry":{"type":"Point","coordinates":[127.944,38.1762]},"properties":{"ref":"HL/GW-311","name":"금악산 (Geumaksan)","name_kanji":null,"alt_m":674,"points":4,"region_code":"GW","region_name":"Gangwon","activations":0,"last_activation":null}},{"type":"Feature","geometry":{"type":"Point","coordinates":[127.9166,37.9887]},"properties":{"ref":"HL/GW-312","name":"HL/GW-312","name_kanji":null,"alt_m":660,"points":4,"region_code":"GW","region_name":"Gangwon","activations":0,"last_activation":null}},{"type":"Feature","geometry":{"type":"Point","coordinates":[128.0567,38.0578]},"properties":{"ref":"HL/GW-313","name":"HL/GW-313","name_kanji":null,"alt_m":660,"points":4,"region_code":"GW","region_name":"Gangwon","activations":0,"last_activation":null}},{"type":"Feature","geometry":{"type":"Point","coordinates":[128.0771,37.6474]},"properties":{"ref":"HL/GW-314","name":"HL/GW-314","name_kanji":null,"alt_m":660,"points":4,"region_code":"GW","region_name":"Gangwon","activations":0,"last_activation":null}},{"type":"Feature","geometry":{"type":"Point","coordinates":[128.1301,37.7333]},"properties":{"ref":"HL/GW-315","name":"HL/GW-315","name_kanji":null,"alt_m":660,"points":4,"region_code":"GW","region_name":"Gangwon","activations":0,"last_activation":null}},{"type":"Feature","geometry":{"type":"Point","coordinates":[128.0409,37.6583]},"properties":{"ref":"HL/GW-316","name":"덕구산 (Deokgusan)","name_kanji":null,"alt_m":658,"points":4,"region_code":"GW","region_name":"Gangwon","activations":0,"last_activation":null}},{"type":"Feature","geometry":{"type":"Point","coordinates":[127.7516,37.6939]},"properties":{"ref":"HL/GW-317","name":"금학산 (Geumhaksan)","name_kanji":null,"alt_m":655,"points":4,"region_code":"GW","region_name":"Gangwon","activations":1,"last_activation":"2020-05-02T00:00:00Z"}},{"type":"Feature","geometry":{"type":"Point","coordinates":[127.6605,37.8397]},"properties":{"ref":"HL/GW-318","name":"삼악산 (Samaksan)","name_kanji":null,"alt_m":654,"points":4,"region_code":"GW","region_name":"Gangwon","activations":17,"last_activation":"2025-03-22T00:00:00Z"}},{"type":"Feature","geometry":{"type":"Point","coordinates":[127.7449,37.8123]},"properties":{"ref":"HL/GW-319","name":"금병산 (Geumbyeongsan)","name_kanji":null,"alt_m":652,"points":4,"region_code":"GW","region_name":"Gangwon","activations":5,"last_activation":"2022-01-30T00:00:00Z"}},{"type":"Feature","geometry":{"type":"Point","coordinates":[127.7006,37.6317]},"properties":{"ref":"HL/GW-320","name":"매봉산 (Maebongsan)","name_kanji":null,"alt_m":651,"points":4,"region_code":"GW","region_name":"Gangwon","activations":0,"last_activation":null}},{"type":"Feature","geometry":{"type":"Point","coordinates":[128.2557,38.1597]},"properties":{"ref":"HL/GW-321","name":"HL/GW-321","name_kanji":null,"alt_m":645,"points":2,"region_code":"GW","region_name":"Gangwon","activations":1,"last_activation":"2025-11-29T00:00:00Z"}},{"type":"Feature","geometry":{"type":"Point","coordinates":[127.8116,37.6242]},"properties":{"ref":"HL/GW-322","name":"까끈봉 (Kkakkeunbong)","name_kanji":null,"alt_m":642,"points":2,"region_code":"GW","region_name":"Gangwon","activations":0,"last_activation":null}},{"type":"Feature","geometry":{"type":"Point","coordinates":[128.2958,37.2841]},"properties":{"ref":"HL/GW-323","name":"HL/GW-323","name_kanji":null,"alt_m":640,"points":2,"region_code":"GW","region_name":"Gangwon","activations":0,"last_activation":null}},{"type":"Feature","geometry":{"type":"Point","coordinates":[128.3877,37.2614]},"properties":{"ref":"HL/GW-324","name":"HL/GW-324","name_kanji":null,"alt_m":640,"points":2,"region_code":"GW","region_name":"Gangwon","activations":0,"last_activation":null}},{"type":"Feature","geometry":{"type":"Point","coordinates":[127.7519,38.1121]},"properties":{"ref":"HL/GW-325","name":"후덕봉 (Hudeokbong)","name_kanji":null,"alt_m":640,"points":2,"region_code":"GW","region_name":"Gangwon","activations":1,"last_activation":"2022-10-22T00:00:00Z"}},{"type":"Feature","geometry":{"type":"Point","coordinates":[127.5903,38.182]},"properties":{"ref":"HL/GW-326","name":"HL/GW-326","name_kanji":null,"alt_m":637,"points":2,"region_code":"GW","region_name":"Gangwon","activations":0,"last_activation":null}},{"type":"Feature","geometry":{"type":"Point","coordinates":[127.6434,37.8305]},"properties":{"ref":"HL/GW-327","name":"등선봉 (Deungseonbong)","name_kanji":null,"alt_m":632,"points":2,"region_code":"GW","region_name":"Gangwon","activations":1,"last_activation":"2020-11-21T00:00:00Z"}},{"type":"Feature","geometry":{"type":"Point","coordinates":[127.909,38.1542]},"properties":{"ref":"HL/GW-328","name":"성주봉 (Seongjubong)","name_kanji":null,"alt_m":626,"points":2,"region_code":"GW","region_name":"Gangwon","activations":0,"last_activation":null}},{"type":"Feature","geometry":{"type":"Point","coordinates":[128.6934,37.1501]},"properties":{"ref":"HL/GW-329","name":"HL/GW-329","name_kanji":null,"alt_m":620,"points":2,"region_code":"GW","region_name":"Gangwon","activations":1,"last_activation":"2025-08-10T00:00:00Z"}},{"type":"Feature","geometry":{"type":"Point","coordinates":[129.028,37.5464]},"properties":{"ref":"HL/GW-330","name":"매봉산 (Maebongsan)","name_kanji":null,"alt_m":607,"points":2,"region_code":"GW","region_name":"Gangwon","activations":2,"last_activation":"2024-12-29T00:00:00Z"}},{"type":"Feature","geometry":{"type":"Point","coordinates":[127.4044,38.1886]},"properties":{"ref":"HL/GW-331","name":"HL/GW-331","name_kanji":null,"alt_m":600,"points":2,"region_code":"GW","region_name":"Gangwon","activations":0,"last_activation":null}},{"type":"Feature","geometry":{"type":"Point","coordinates":[127.4135,38.2164]},"properties":{"ref":"HL/GW-332","name":"HL/GW-332","name_kanji":null,"alt_m":600,"points":2,"region_code":"GW","region_name":"Gangwon","activations":0,"last_activation":null}},{"type":"Feature","geometry":{"type":"Point","coordinates":[127.8601,37.2975]},"properties":{"ref":"HL/GW-333","name":"명봉산 (Myeongbongsan)","name_kanji":null,"alt_m":599,"points":2,"region_code":"GW","region_name":"Gangwon","activations":2,"last_activation":"2024-11-24T00:00:00Z"}},{"type":"Feature","geometry":{"type":"Point","coordinates":[127.8752,37.4558]},"properties":{"ref":"HL/GW-334","name":"문바위봉 (Munbawibong)","name_kanji":null,"alt_m":597,"points":2,"region_code":"GW","region_name":"Gangwon","activations":1,"last_activation":"2023-02-11T00:00:00Z"}},{"type":"Feature","geometry":{"type":"Point","coordinates":[127.6726,37.6501]},"properties":{"ref":"HL/GW-335","name":"두릉산 (Dureungsan)","name_kanji":null,"alt_m":595,"points":2,"region_code":"GW","region_name":"Gangwon","activations":1,"last_activation":"2024-11-25T00:00:00Z"}},{"type":"Feature","geometry":{"type":"Point","coordinates":[129.1581,37.381]},"properties":{"ref":"HL/GW-336","name":"HL/GW-336","name_kanji":null,"alt_m":591,"points":2,"region_code":"GW","region_name":"Gangwon","activations":1,"last_activation":"2026-01-03T00:00:00Z"}},{"type":"Feature","geometry":{"type":"Point","coordinates":[127.3219,38.2541]},"properties":{"ref":"HL/GW-337","name":"HL/GW-337","name_kanji":null,"alt_m":589,"points":2,"region_code":"GW","region_name":"Gangwon","activations":0,"last_activation":null}},{"type":"Feature","geometry":{"type":"Point","coordinates":[127.6346,37.6624]},"properties":{"ref":"HL/GW-338","name":"중자산 (Jungjasan)","name_kanji":null,"alt_m":581,"points":2,"region_code":"GW","region_name":"Gangwon","activations":1,"last_activation":"2021-06-06T00:00:00Z"}},{"type":"Feature","geometry":{"type":"Point","coordinates":[127.871,37.9706]},"properties":{"ref":"HL/GW-339","name":"HL/GW-339","name_kanji":null,"alt_m":580,"points":2,"region_code":"GW","region_name":"Gangwon","activations":0,"last_activation":null}},{"type":"Feature","geometry":{"type":"Point","coordinates":[127.9349,37.9338]},"properties":{"ref":"HL/GW-340","name":"HL/GW-340","name_kanji":null,"alt_m":580,"points":2,"region_code":"GW","region_name":"Gangwon","activations":0,"last_activation":null}},{"type":"Feature","geometry":{"type":"Point","coordinates":[128.025,37.5808]},"properties":{"ref":"HL/GW-341","name":"HL/GW-341","name_kanji":null,"alt_m":580,"points":2,"region_code":"GW","region_name":"Gangwon","activations":1,"last_activation":"2020-12-06T00:00:00Z"}},{"type":"Feature","geometry":{"type":"Point","coordinates":[128.4799,37.1517]},"properties":{"ref":"HL/GW-342","name":"HL/GW-342","name_kanji":null,"alt_m":571,"points":2,"region_code":"GW","region_name":"Gangwon","activations":0,"last_activation":null}},{"type":"Feature","geometry":{"type":"Point","coordinates":[127.7045,37.9727]},"properties":{"ref":"HL/GW-343","name":"HL/GW-343","name_kanji":null,"alt_m":565,"points":2,"region_code":"GW","region_name":"Gangwon","activations":1,"last_activation":"2025-10-08T00:00:00Z"}},{"type":"Feature","geometry":{"type":"Point","coordinates":[129.1749,37.3599]},"properties":{"ref":"HL/GW-344","name":"HL/GW-344","name_kanji":null,"alt_m":563,"points":2,"region_code":"GW","region_name":"Gangwon","activations":1,"last_activation":"2025-10-08T00:00:00Z"}},{"type":"Feature","geometry":{"type":"Point","coordinates":[127.9292,37.5078]},"properties":{"ref":"HL/GW-345","name":"HL/GW-345","name_kanji":null,"alt_m":560,"points":2,"region_code":"GW","region_name":"Gangwon","activations":0,"last_activation":null}},{"type":"Feature","geometry":{"type":"Point","coordinates":[127.3985,38.2748]},"properties":{"ref":"HL/GW-346","name":"HL/GW-346","name_kanji":null,"alt_m":560,"points":2,"region_code":"GW","region_name":"Gangwon","activations":0,"last_activation":null}},{"type":"Feature","geometry":{"type":"Point","coordinates":[128.0616,38.0163]},"properties":{"ref":"HL/GW-347","name":"간무봉 (Ganmubong)","name_kanji":null,"alt_m":557,"points":2,"region_code":"GW","region_name":"Gangwon","activations":0,"last_activation":null}},{"type":"Feature","geometry":{"type":"Point","coordinates":[127.8501,37.7417]},"properties":{"ref":"HL/GW-348","name":"성치산 (Seongchisan)","name_kanji":null,"alt_m":554,"points":2,"region_code":"GW","region_name":"Gangwon","activations":0,"last_activation":null}},{"type":"Feature","geometry":{"type":"Point","coordinates":[127.6277,37.9889]},"properties":{"ref":"HL/GW-349","name":"HL/GW-349","name_kanji":null,"alt_m":547,"points":2,"region_code":"GW","region_name":"Gangwon","activations":1,"last_activation":"2025-10-05T00:00:00Z"}},{"type":"Feature","geometry":{"type":"Point","coordinates":[128.0952,37.5608]},"properties":{"ref":"HL/GW-350","name":"구리봉 (Guribong)","name_kanji":null,"alt_m":545,"points":2,"region_code":"GW","region_name":"Gangwon","activations":2,"last_activation":"2024-11-02T00:00:00Z"}},{"type":"Feature","geometry":{"type":"Point","coordinates":[128.2742,37.2392]},"properties":{"ref":"HL/GW-351","name":"HL/GW-351","name_kanji":null,"alt_m":543,"points":2,"region_code":"GW","region_name":"Gangwon","activations":0,"last_activation":null}},{"type":"Feature","geometry":{"type":"Point","coordinates":[127.805,37.6642]},"properties":{"ref":"HL/GW-352","name":"HL/GW-352","name_kanji":null,"alt_m":531,"points":2,"region_code":"GW","region_name":"Gangwon","activations":0,"last_activation":null}},{"type":"Feature","geometry":{"type":"Point","coordinates":[127.6047,37.8056]},"properties":{"ref":"HL/GW-353","name":"검봉산 (Geombongsan)","name_kanji":null,"alt_m":530,"points":2,"region_code":"GW","region_name":"Gangwon","activations":2,"last_activation":"2026-02-21T00:00:00Z"}},{"type":"Feature","geometry":{"type":"Point","coordinates":[129.0701,37.5217]},"properties":{"ref":"HL/GW-354","name":"초록산 (Choroksan)","name_kanji":null,"alt_m":528,"points":2,"region_code":"GW","region_name":"Gangwon","activations":11,"last_activation":"2026-01-02T00:00:00Z"}},{"type":"Feature","geometry":{"type":"Point","coordinates":[128.0028,37.4568]},"properties":{"ref":"HL/GW-355","name":"덕고산 (Deokgosan)","name_kanji":null,"alt_m":521,"points":2,"region_code":"GW","region_name":"Gangwon","activations":3,"last_activation":"2024-03-30T00:00:00Z"}},{"type":"Feature","geometry":{"type":"Point","coordinates":[128.356,37.2018]},"properties":{"ref":"HL/GW-356","name":"오로산 (Orosan)","name_kanji":null,"alt_m":521,"points":2,"region_code":"GW","region_name":"Gangwon","activations":0,"last_activation":null}},{"type":"Feature","geometry":{"type":"Point","coordinates":[127.629,37.7114]},"properties":{"ref":"HL/GW-357","name":"HL/GW-357","name_kanji":null,"alt_m":520,"points":2,"region_code":"GW","region_name":"Gangwon","activations":1,"last_activation":"2021-06-05T00:00:00Z"}},{"type":"Feature","geometry":{"type":"Point","coordinates":[128.0303,38.1493]},"properties":{"ref":"HL/GW-358","name":"HL/GW-358","name_kanji":null,"alt_m":517,"points":2,"region_code":"GW","region_name":"Gangwon","activations":0,"last_activation":null}},{"type":"Feature","geometry":{"type":"Point","coordinates":[129.136,37.4074]},"properties":{"ref":"HL/GW-359","name":"근산 (Geunsan)","name_kanji":null,"alt_m":505,"points":2,"region_code":"GW","region_name":"Gangwon","activations":2,"last_activation":"2026-02-03T00:00:00Z"}},{"type":"Feature","geometry":{"type":"Point","coordinates":[128.2557,37.2932]},"properties":{"ref":"HL/GW-360","name":"설구산 (Seolgusan)","name_kanji":null,"alt_m":503,"points":2,"region_code":"GW","region_name":"Gangwon","activations":1,"last_activation":"2025-03-14T00:00:00Z"}},{"type":"Feature","geometry":{"type":"Point","coordinates":[127.8,37.4385]},"properties":{"ref":"HL/GW-361","name":"HL/GW-361","name_kanji":null,"alt_m":500,"points":2,"region_code":"GW","region_name":"Gangwon","activations":1,"last_activation":"2022-11-05T00:00:00Z"}},{"type":"Feature","geometry":{"type":"Point","coordinates":[127.8235,37.4435]},"properties":{"ref":"HL/GW-362","name":"HL/GW-362","name_kanji":null,"alt_m":500,"points":2,"region_code":"GW","region_name":"Gangwon","activations":1,"last_activation":"2025-11-01T00:00:00Z"}},{"type":"Feature","geometry":{"type":"Point","coordinates":[127.1944,38.2266]},"properties":{"ref":"HL/GW-363","name":"HL/GW-363","name_kanji":null,"alt_m":499,"points":1,"region_code":"GW","region_name":"Gangwon","activations":0,"last_activation":null}},{"type":"Feature","geometry":{"type":"Point","coordinates":[129.1238,37.3622]},"properties":{"ref":"HL/GW-364","name":"HL/GW-364","name_kanji":null,"alt_m":498,"points":1,"region_code":"GW","region_name":"Gangwon","activations":0,"last_activation":null}},{"type":"Feature","geometry":{"type":"Point","coordinates":[128.0465,37.5182]},"properties":{"ref":"HL/GW-365","name":"국사봉 (Guksabong)","name_kanji":null,"alt_m":497,"points":1,"region_code":"GW","region_name":"Gangwon","activations":4,"last_activation":"2026-02-21T00:00:00Z"}},{"type":"Feature","geometry":{"type":"Point","coordinates":[128.0888,37.5241]},"properties":{"ref":"HL/GW-366","name":"HL/GW-366","name_kanji":null,"alt_m":494,"points":1,"region_code":"GW","region_name":"Gangwon","activations":1,"last_activation":"2024-11-03T00:00:00Z"}},{"type":"Feature","geometry":{"type":"Point","coordinates":[128.1635,38.0406]},"properties":{"ref":"HL/GW-367","name":"아미산 (Amisan)","name_kanji":null,"alt_m":493,"points":1,"region_code":"GW","region_name":"Gangwon","activations":1,"last_activation":"2025-08-23T00:00:00Z"}},{"type":"Feature","geometry":{"type":"Point","coordinates":[128.4221,37.172]},"properties":{"ref":"HL/GW-368","name":"검각산 (Geomgaksan)","name_kanji":null,"alt_m":480,"points":1,"region_code":"GW","region_name":"Gangwon","activations":0,"last_activation":null}},{"type":"Feature","geometry":{"type":"Point","coordinates":[128.0107,38.1097]},"properties":{"ref":"HL/GW-369","name":"HL/GW-369","name_kanji":null,"alt_m":480,"points":1,"region_code":"GW","region_name":"Gangwon","activations":1,"last_activation":"2023-07-08T00:00:00Z"}},{"type":"Feature","geometry":{"type":"Point","coordinates":[128.7315,37.8667]},"properties":{"ref":"HL/GW-370","name":"HL/GW-370","name_kanji":null,"alt_m":480,"points":1,"region_code":"GW","region_name":"Gangwon","activations":1,"last_activation":"2025-08-30T00:00:00Z"}},{"type":"Feature","geometry":{"type":"Point","coordinates":[127.6497,38.0116]},"properties":{"ref":"HL/GW-371","name":"HL/GW-371","name_kanji":null,"alt_m":479,"points":1,"region_code":"GW","region_name":"Gangwon","activations":0,"last_activation":null}},{"type":"Feature","geometry":{"type":"Point","coordinates":[127.9482,37.5382]},"properties":{"ref":"HL/GW-372","name":"HL/GW-372","name_kanji":null,"alt_m":460,"points":1,"region_code":"GW","region_name":"Gangwon","activations":0,"last_activation":null}},{"type":"Feature","geometry":{"type":"Point","coordinates":[127.9051,37.4723]},"properties":{"ref":"HL/GW-373","name":"HL/GW-373","name_kanji":null,"alt_m":459,"points":1,"region_code":"GW","region_name":"Gangwon","activations":1,"last_activation":"2022-11-18T00:00:00Z"}},{"type":"Feature","geometry":{"type":"Point","coordinates":[127.2759,38.2375]},"properties":{"ref":"HL/GW-374","name":"HL/GW-374","name_kanji":null,"alt_m":440,"points":1,"region_code":"GW","region_name":"Gangwon","activations":0,"last_activation":null}},{"type":"Feature","geometry":{"type":"Point","coordinates":[127.5498,37.7441]},"properties":{"ref":"HL/GW-375","name":"HL/GW-375","name_kanji":null,"alt_m":440,"points":1,"region_code":"GW","region_name":"Gangwon","activations":0,"last_activation":null}},{"type":"Feature","geometry":{"type":"Point","coordinates":[127.8067,38.1145]},"properties":{"ref":"HL/GW-376","name":"두류봉 (Duryubong)","name_kanji":null,"alt_m":430,"points":1,"region_code":"GW","region_name":"Gangwon","activations":0,"last_activation":null}},{"type":"Feature","geometry":{"type":"Point","coordinates":[127.7875,37.3651]},"properties":{"ref":"HL/GW-377","name":"수리봉 (Suribong)","name_kanji":null,"alt_m":426,"points":1,"region_code":"GW","region_name":"Gangwon","activations":1,"last_activation":"2022-11-05T00:00:00Z"}},{"type":"Feature","geometry":{"type":"Point","coordinates":[127.7699,38.1166]},"properties":{"ref":"HL/GW-378","name":"딴산 (Ttansan)","name_kanji":null,"alt_m":420,"points":1,"region_code":"GW","region_name":"Gangwon","activations":0,"last_activation":null}},{"type":"Feature","geometry":{"type":"Point","coordinates":[127.9067,37.3267]},"properties":{"ref":"HL/GW-379","name":"배부른산 (Baebureunsan)","name_kanji":null,"alt_m":418,"points":1,"region_code":"GW","region_name":"Gangwon","activations":7,"last_activation":"2025-08-24T00:00:00Z"}},{"type":"Feature","geometry":{"type":"Point","coordinates":[127.8006,37.3426]},"properties":{"ref":"HL/GW-380","name":"HL/GW-380","name_kanji":null,"alt_m":404,"points":1,"region_code":"GW","region_name":"Gangwon","activations":1,"last_activation":"2020-04-30T00:00:00Z"}},{"type":"Feature","geometry":{"type":"Point","coordinates":[127.8098,37.3565]},"properties":{"ref":"HL/GW-381","name":"간현봉 (Ganhyeonbong)","name_kanji":null,"alt_m":387,"points":1,"region_code":"GW","region_name":"Gangwon","activations":2,"last_activation":"2023-05-14T00:00:00Z"}},{"type":"Feature","geometry":{"type":"Point","coordinates":[128.3942,38.4693]},"properties":{"ref":"HL/GW-382","name":"노인산 (Noinsan)","name_kanji":null,"alt_m":383,"points":1,"region_code":"GW","region_name":"Gangwon","activations":1,"last_activation":"2025-08-23T00:00:00Z"}},{"type":"Feature","geometry":{"type":"Point","coordinates":[129.0284,37.6514]},"properties":{"ref":"HL/GW-383","name":"기마봉 (Gimabong)","name_kanji":null,"alt_m":382,"points":1,"region_code":"GW","region_name":"Gangwon","activations":1,"last_activation":"2025-10-09T00:00:00Z"}},{"type":"Feature","geometry":{"type":"Point","coordinates":[127.1463,38.2992]},"properties":{"ref":"HL/GW-384","name":"HL/GW-384","name_kanji":null,"alt_m":380,"points":1,"region_code":"GW","region_name":"Gangwon","activations":0,"last_activation":null}},{"type":"Feature","geometry":{"type":"Point","coordinates":[127.8782,37.9418]},"properties":{"ref":"HL/GW-385","name":"HL/GW-385","name_kanji":null,"alt_m":380,"points":1,"region_code":"GW","region_name":"Gangwon","activations":0,"last_activation":null}},{"type":"Feature","geometry":{"type":"Point","coordinates":[128.4018,38.4186]},"properties":{"ref":"HL/GW-386","name":"HL/GW-386","name_kanji":null,"alt_m":375,"points":1,"region_code":"GW","region_name":"Gangwon","activations":1,"last_activation":"2025-08-23T00:00:00Z"}},{"type":"Feature","geometry":{"type":"Point","coordinates":[128.8484,37.7141]},"properties":{"ref":"HL/GW-387","name":"칠봉산 (Chilbongsan)","name_kanji":null,"alt_m":361,"points":1,"region_code":"GW","region_name":"Gangwon","activations":3,"last_activation":"2024-12-29T00:00:00Z"}},{"type":"Feature","geometry":{"type":"Point","coordinates":[129.0825,37.3748]},"properties":{"ref":"HL/GW-388","name":"HL/GW-388","name_kanji":null,"alt_m":360,"points":1,"region_code":"GW","region_name":"Gangwon","activations":0,"last_activation":null}},{"type":"Feature","geometry":{"type":"Point","coordinates":[127.6674,37.9881]},"properties":{"ref":"HL/GW-389","name":"HL/GW-389","name_kanji":null,"alt_m":360,"points":1,"region_code":"GW","region_name":"Gangwon","activations":0,"last_activation":null}},{"type":"Feature","geometry":{"type":"Point","coordinates":[127.9139,37.3817]},"properties":{"ref":"HL/GW-390","name":"장구봉 (Janggubong)","name_kanji":null,"alt_m":360,"points":1,"region_code":"GW","region_name":"Gangwon","activations":5,"last_activation":"2025-12-28T00:00:00Z"}},{"type":"Feature","geometry":{"type":"Point","coordinates":[127.7011,37.8392]},"properties":{"ref":"HL/GW-391","name":"드름산 (Deureumsan)","name_kanji":null,"alt_m":357,"points":1,"region_code":"GW","region_name":"Gangwon","activations":1,"last_activation":"2022-02-13T00:00:00Z"}},{"type":"Feature","geometry":{"type":"Point","coordinates":[127.885,37.3666]},"properties":{"ref":"HL/GW-392","name":"영산 (Yeongsan)","name_kanji":null,"alt_m":326,"points":1,"region_code":"GW","region_name":"Gangwon","activations":5,"last_activation":"2025-11-23T00:00:00Z"}},{"type":"Feature","geometry":{"type":"Point","coordinates":[128.3399,38.5862]},"properties":{"ref":"HL/GW-393","name":"고황봉 (Gohwangbong)","name_kanji":null,"alt_m":365,"points":1,"region_code":"GW","region_name":"Gangwon","activations":0,"last_activation":null}},{"type":"Feature","geometry":{"type":"Point","coordinates":[127.6009,37.6814]},"properties":{"ref":"HL/GW-394","name":"숫산 (Sutsan)","name_kanji":null,"alt_m":320,"points":1,"region_code":"GW","region_name":"Gangwon","activations":1,"last_activation":"2023-05-28T00:00:00Z"}},{"type":"Feature","geometry":{"type":"Point","coordinates":[128.5085,38.2878]},"properties":{"ref":"HL/GW-395","name":"운봉산 (Unbongsan)","name_kanji":null,"alt_m":285,"points":1,"region_code":"GW","region_name":"Gangwon","activations":3,"last_activation":"2025-08-24T00:00:00Z"}},{"type":"Feature","geometry":{"type":"Point","coordinates":[127.7341,37.8884]},"properties":{"ref":"HL/GW-396","name":"봉의산 (Bonguisan)","name_kanji":null,"alt_m":280,"points":1,"region_code":"GW","region_name":"Gangwon","activations":1,"last_activation":"2022-09-10T00:00:00Z"}},{"type":"Feature","geometry":{"type":"Point","coordinates":[128.4863,38.3426]},"properties":{"ref":"HL/GW-397","name":"오음산 (Oeumsan)","name_kanji":null,"alt_m":280,"points":1,"region_code":"GW","region_name":"Gangwon","activations":1,"last_activation":"2025-08-23T00:00:00Z"}},{"type":"Feature","geometry":{"type":"Point","coordinates":[128.6097,37.2571]},"properties":{"ref":"HL/GW-398","name":"HL/GW-398","name_kanji":null,"alt_m":724,"points":4,"region_code":"GW","region_name":"Gangwon","activations":1,"last_activation":"2025-10-25T00:00:00Z"}},{"type":"Feature","geometry":{"type":"Point","coordinates":[126.429855,37.615826]},"properties":{"ref":"HL/IN-001","name":"마니산 (Manisan)","name_kanji":null,"alt_m":469,"points":1,"region_code":"IN","region_name":"Incheon","activations":26,"last_activation":"2023-10-07T00:00:00Z"}},{"type":"Feature","geometry":{"type":"Point","coordinates":[126.44027,37.720524]},"properties":{"ref":"HL/IN-002","name":"혈구산 (Hyeolgusan)","name_kanji":null,"alt_m":465,"points":1,"region_code":"IN","region_name":"Incheon","activations":3,"last_activation":"2023-10-06T00:00:00Z"}},{"type":"Feature","geometry":{"type":"Point","coordinates":[126.43809,37.66927]},"properties":{"ref":"HL/IN-003","name":"진강산 (Jingangsan)","name_kanji":null,"alt_m":443,"points":1,"region_code":"IN","region_name":"Incheon","activations":3,"last_activation":"2023-10-06T00:00:00Z"}},{"type":"Feature","geometry":{"type":"Point","coordinates":[126.437515,37.744057]},"properties":{"ref":"HL/IN-004","name":"고려산 (Goryeosan)","name_kanji":null,"alt_m":436,"points":1,"region_code":"IN","region_name":"Incheon","activations":5,"last_activation":"2024-09-10T00:00:00Z"}},{"type":"Feature","geometry":{"type":"Point","coordinates":[126.37621,37.77441]},"properties":{"ref":"HL/IN-005","name":"벼립산 (Byeoripsan)","name_kanji":null,"alt_m":416,"points":1,"region_code":"IN","region_name":"Incheon","activations":1,"last_activation":"2021-08-08T00:00:00Z"}},{"type":"Feature","geometry":{"type":"Point","coordinates":[126.714584,37.55326]},"properties":{"ref":"HL/IN-006","name":"계양산 (Gyeyangsan)","name_kanji":null,"alt_m":395,"points":1,"region_code":"IN","region_name":"Incheon","activations":22,"last_activation":"2024-07-19T00:00:00Z"}},{"type":"Feature","geometry":{"type":"Point","coordinates":[126.079155,37.10013]},"properties":{"ref":"HL/IN-007","name":"선갑산 (Seongapsan)","name_kanji":null,"alt_m":352,"points":1,"region_code":"IN","region_name":"Incheon","activations":1,"last_activation":"2017-07-01T00:00:00Z"}},{"type":"Feature","geometry":{"type":"Point","coordinates":[126.490425,37.610825]},"properties":{"ref":"HL/IN-008","name":"길상산 (Gilsangsan)","name_kanji":null,"alt_m":336,"points":1,"region_code":"IN","region_name":"Incheon","activations":4,"last_activation":"2021-10-11T00:00:00Z"}},{"type":"Feature","geometry":{"type":"Point","coordinates":[126.30949,37.694374]},"properties":{"ref":"HL/IN-009","name":"상봉산 (Sangbongsan)","name_kanji":null,"alt_m":316,"points":1,"region_code":"IN","region_name":"Incheon","activations":2,"last_activation":"2023-10-06T00:00:00Z"}},{"type":"Feature","geometry":{"type":"Point","coordinates":[126.103516,37.248795]},"properties":{"ref":"HL/IN-010","name":"국수봉 (Guksubong)","name_kanji":null,"alt_m":314,"points":1,"region_code":"IN","region_name":"Incheon","activations":0,"last_activation":null}},{"type":"Feature","geometry":{"type":"Point","coordinates":[126.35469,37.67564]},"properties":{"ref":"HL/IN-011","name":"해명산 (Haemyeongsan)","name_kanji":null,"alt_m":309,"points":1,"region_code":"IN","region_name":"Incheon","activations":4,"last_activation":"2023-10-23T00:00:00Z"}},{"type":"Feature","geometry":{"type":"Point","coordinates":[126.77929,37.45254]},"properties":{"ref":"HL/IN-012","name":"소래산 (Soraesan)","name_kanji":null,"alt_m":299,"points":1,"region_code":"IN","region_name":"Incheon","activations":13,"last_activation":"2024-07-07T00:00:00Z"}},{"type":"Feature","geometry":{"type":"Point","coordinates":[126.41696,37.783215]},"properties":{"ref":"HL/IN-013","name":"봉천산 (Bongcheonsan)","name_kanji":null,"alt_m":291,"points":1,"region_code":"IN","region_name":"Incheon","activations":1,"last_activation":"2021-08-07T00:00:00Z"}},{"type":"Feature","geometry":{"type":"Point","coordinates":[126.37597,37.71201]},"properties":{"ref":"HL/IN-014","name":"갈멜산 (Galmelsan)","name_kanji":null,"alt_m":280,"points":1,"region_code":"IN","region_name":"Incheon","activations":1,"last_activation":"2021-08-14T00:00:00Z"}},{"type":"Feature","geometry":{"type":"Point","coordinates":[126.09423,37.175663]},"properties":{"ref":"HL/IN-015","name":"깃대봉 (Gitdaebong)","name_kanji":null,"alt_m":276,"points":1,"region_code":"IN","region_name":"Incheon","activations":0,"last_activation":null}},{"type":"Feature","geometry":{"type":"Point","coordinates":[126.31957,37.744965]},"properties":{"ref":"HL/IN-016","name":"상주산 (Sangjusan)","name_kanji":null,"alt_m":264,"points":1,"region_code":"IN","region_name":"Incheon","activations":2,"last_activation":"2023-10-18T00:00:00Z"}},{"type":"Feature","geometry":{"type":"Point","coordinates":[126.296005,37.77993]},"properties":{"ref":"HL/IN-017","name":"화개산 (Hwagaesan)","name_kanji":null,"alt_m":259,"points":1,"region_code":"IN","region_name":"Incheon","activations":4,"last_activation":"2023-10-20T00:00:00Z"}},{"type":"Feature","geometry":{"type":"Point","coordinates":[126.51746,37.49432]},"properties":{"ref":"HL/IN-018","name":"백운산 (Baegunsan)","name_kanji":null,"alt_m":255,"points":1,"region_code":"IN","region_name":"Incheon","activations":11,"last_activation":"2026-02-25T00:00:00Z"}},{"type":"Feature","geometry":{"type":"Point","coordinates":[126.421844,37.378204]},"properties":{"ref":"HL/IN-019","name":"호룡곡산 (Horyonggoksan)","name_kanji":null,"alt_m":246,"points":1,"region_code":"IN","region_name":"Incheon","activations":4,"last_activation":"2024-09-30T00:00:00Z"}},{"type":"Feature","geometry":{"type":"Point","coordinates":[126.41754,37.39221]},"properties":{"ref":"HL/IN-020","name":"국사봉 (Guksabong)","name_kanji":null,"alt_m":230,"points":1,"region_code":"IN","region_name":"Incheon","activations":5,"last_activation":"2024-09-30T00:00:00Z"}},{"type":"Feature","geometry":{"type":"Point","coordinates":[126.69897,37.540295]},"properties":{"ref":"HL/IN-021","name":"철마산 (Cheolmasan)","name_kanji":null,"alt_m":226,"points":1,"region_code":"IN","region_name":"Incheon","activations":8,"last_activation":"2025-04-23T00:00:00Z"}},{"type":"Feature","geometry":{"type":"Point","coordinates":[126.0799,37.285553]},"properties":{"ref":"HL/IN-022","name":"태산 (Taesan)","name_kanji":null,"alt_m":220,"points":1,"region_code":"IN","region_name":"Incheon","activations":0,"last_activation":null}},{"type":"Feature","geometry":{"type":"Point","coordinates":[126.6504,37.625854]},"properties":{"ref":"HL/IN-023","name":"가현산 (Gahyeonsan)","name_kanji":null,"alt_m":215,"points":1,"region_code":"IN","region_name":"Incheon","activations":6,"last_activation":"2024-08-20T00:00:00Z"}},{"type":"Feature","geometry":{"type":"Point","coordinates":[125.71553,37.610683]},"properties":{"ref":"HL/IN-024","name":"연화산 (Yeonhwasan)","name_kanji":null,"alt_m":214,"points":1,"region_code":"IN","region_name":"Incheon","activations":0,"last_activation":null}},{"type":"Feature","geometry":{"type":"Point","coordinates":[126.6769,37.43149]},"properties":{"ref":"HL/IN-025","name":"문학산 (Munhaksan)","name_kanji":null,"alt_m":213,"points":1,"region_code":"IN","region_name":"Incheon","activations":7,"last_activation":"2024-07-07T00:00:00Z"}},{"type":"Feature","geometry":{"type":"Point","coordinates":[126.41504,37.80539]},"properties":{"ref":"HL/IN-026","name":"벼락봉 (Byeorakbong)","name_kanji":null,"alt_m":210,"points":1,"region_code":"IN","region_name":"Incheon","activations":1,"last_activation":"2021-08-07T00:00:00Z"}},{"type":"Feature","geometry":{"type":"Point","coordinates":[126.148476,37.23334]},"properties":{"ref":"HL/IN-027","name":"HL/IN-027","name_kanji":null,"alt_m":203,"points":1,"region_code":"IN","region_name":"Incheon","activations":0,"last_activation":null}},{"type":"Feature","geometry":{"type":"Point","coordinates":[125.99926,37.020393]},"properties":{"ref":"HL/IN-028","name":"당산 (Dangsan)","name_kanji":null,"alt_m":200,"points":1,"region_code":"IN","region_name":"Incheon","activations":0,"last_activation":null}},{"type":"Feature","geometry":{"type":"Point","coordinates":[126.48039,37.631947]},"properties":{"ref":"HL/IN-029","name":"정족산 (Jeongjoksan)","name_kanji":null,"alt_m":200,"points":1,"region_code":"IN","region_name":"Incheon","activations":2,"last_activation":"2021-08-15T00:00:00Z"}},{"type":"Feature","geometry":{"type":"Point","coordinates":[126.2673,37.170876]},"properties":{"ref":"HL/IN-030","name":"송이산 (Songisan)","name_kanji":null,"alt_m":189,"points":1,"region_code":"IN","region_name":"Incheon","activations":1,"last_activation":"2015-04-18T00:00:00Z"}},{"type":"Feature","geometry":{"type":"Point","coordinates":[126.44578,37.524933]},"properties":{"ref":"HL/IN-031","name":"구봉산 (Gubongsan)","name_kanji":null,"alt_m":180,"points":1,"region_code":"IN","region_name":"Incheon","activations":7,"last_activation":"2018-10-21T00:00:00Z"}},{"type":"Feature","geometry":{"type":"Point","coordinates":[126.31875,37.25566]},"properties":{"ref":"HL/IN-033","name":"국사봉 (Guksabong)","name_kanji":null,"alt_m":166,"points":1,"region_code":"IN","region_name":"Incheon","activations":0,"last_activation":null}},{"type":"Feature","geometry":{"type":"Point","coordinates":[126.230515,37.182213]},"properties":{"ref":"HL/IN-034","name":"큰산 (Keunsan)","name_kanji":null,"alt_m":159,"points":1,"region_code":"IN","region_name":"Incheon","activations":0,"last_activation":null}},{"type":"Feature","geometry":{"type":"Point","coordinates":[126.43889,37.259724]},"properties":{"ref":"HL/IN-035","name":"국사봉 (Guksabong)","name_kanji":null,"alt_m":155,"points":1,"region_code":"IN","region_name":"Incheon","activations":4,"last_activation":"2025-06-16T00:00:00Z"}},{"type":"Feature","geometry":{"type":"Point","coordinates":[124.69868,37.818314]},"properties":{"ref":"HL/IN-036","name":"삼각산 (Samgaksan)","name_kanji":null,"alt_m":343,"points":1,"region_code":"IN","region_name":"Incheon","activations":2,"last_activation":"2024-06-06T00:00:00Z"}},{"type":"Feature","geometry":{"type":"Point","coordinates":[126.34908,37.534405]},"properties":{"ref":"HL/IN-037","name":"국사봉 (Guksabong)","name_kanji":null,"alt_m":151,"points":1,"region_code":"IN","region_name":"Incheon","activations":4,"last_activation":"2019-12-17T00:00:00Z"}},{"type":"Feature","geometry":{"type":"Point","coordinates":[127.5672,35.3188]},"properties":{"ref":"HL/JB-001","name":"반야봉 (Banyabong)","name_kanji":null,"alt_m":1734,"points":10,"region_code":"JB","region_name":"Jeonbuk","activations":36,"last_activation":"2026-01-29T00:00:00Z"}},{"type":"Feature","geometry":{"type":"Point","coordinates":[127.7463,35.86]},"properties":{"ref":"HL/JB-002","name":"덕유산 (Deogyusan)","name_kanji":null,"alt_m":1614,"points":10,"region_code":"JB","region_name":"Jeonbuk","activations":116,"last_activation":"2026-03-21T00:00:00Z"}},{"type":"Feature","geometry":{"type":"Point","coordinates":[127.6127,35.3289]},"properties":{"ref":"HL/JB-003","name":"명선봉 (Myeongseonbong)","name_kanji":null,"alt_m":1586,"points":10,"region_code":"JB","region_name":"Jeonbuk","activations":8,"last_activation":"2024-09-14T00:00:00Z"}},{"type":"Feature","geometry":{"type":"Point","coordinates":[127.6791,35.7674]},"properties":{"ref":"HL/JB-004","name":"남덕유산 (Namdeogyusan)","name_kanji":null,"alt_m":1507,"points":10,"region_code":"JB","region_name":"Jeonbuk","activations":55,"last_activation":"2025-12-25T00:00:00Z"}},{"type":"Feature","geometry":{"type":"Point","coordinates":[127.7198,35.7997]},"properties":{"ref":"HL/JB-005","name":"무룡산 (Muryongsan)","name_kanji":null,"alt_m":1492,"points":10,"region_code":"JB","region_name":"Jeonbuk","activations":51,"last_activation":"2025-01-01T00:00:00Z"}},{"type":"Feature","geometry":{"type":"Point","coordinates":[127.5169,35.3477]},"properties":{"ref":"HL/JB-006","name":"만복대 (Manbokdae)","name_kanji":null,"alt_m":1433,"points":10,"region_code":"JB","region_name":"Jeonbuk","activations":67,"last_activation":"2025-11-14T00:00:00Z"}},{"type":"Feature","geometry":{"type":"Point","coordinates":[127.699,35.7873]},"properties":{"ref":"HL/JB-007","name":"삿갓봉 (Satgatbong)","name_kanji":null,"alt_m":1419,"points":10,"region_code":"JB","region_name":"Jeonbuk","activations":55,"last_activation":"2025-01-01T00:00:00Z"}},{"type":"Feature","geometry":{"type":"Point","coordinates":[127.8835,35.9249]},"properties":{"ref":"HL/JB-008","name":"대덕산 (Daedeoksan)","name_kanji":null,"alt_m":1291,"points":10,"region_code":"JB","region_name":"Jeonbuk","activations":45,"last_activation":"2025-08-22T00:00:00Z"}},{"type":"Feature","geometry":{"type":"Point","coordinates":[127.6109,35.3669]},"properties":{"ref":"HL/JB-009","name":"영원령 (Yeongwollyeong)","name_kanji":null,"alt_m":1290,"points":10,"region_code":"JB","region_name":"Jeonbuk","activations":2,"last_activation":"2023-06-05T00:00:00Z"}},{"type":"Feature","geometry":{"type":"Point","coordinates":[127.8013,35.869]},"properties":{"ref":"HL/JB-010","name":"흥덕산 (Heungdeoksan)","name_kanji":null,"alt_m":1277,"points":10,"region_code":"JB","region_name":"Jeonbuk","activations":9,"last_activation":"2026-04-11T00:00:00Z"}},{"type":"Feature","geometry":{"type":"Point","coordinates":[127.8527,35.8838]},"properties":{"ref":"HL/JB-011","name":"삼봉산 (Sambongsan)","name_kanji":null,"alt_m":1254,"points":10,"region_code":"JB","region_name":"Jeonbuk","activations":36,"last_activation":"2025-11-29T00:00:00Z"}},{"type":"Feature","geometry":{"type":"Point","coordinates":[127.5952,35.6293]},"properties":{"ref":"HL/JB-012","name":"장안산 (Jangansan)","name_kanji":null,"alt_m":1237,"points":10,"region_code":"JB","region_name":"Jeonbuk","activations":75,"last_activation":"2026-02-21T00:00:00Z"}},{"type":"Feature","geometry":{"type":"Point","coordinates":[127.5763,35.422]},"properties":{"ref":"HL/JB-013","name":"바래봉 (Baraebong)","name_kanji":null,"alt_m":1186,"points":8,"region_code":"JB","region_name":"Jeonbuk","activations":25,"last_activation":"2025-01-11T00:00:00Z"}},{"type":"Feature","geometry":{"type":"Point","coordinates":[127.7831,35.941]},"properties":{"ref":"HL/JB-014","name":"거칠봉 (Geochilbong)","name_kanji":null,"alt_m":1178,"points":8,"region_code":"JB","region_name":"Jeonbuk","activations":3,"last_activation":"2024-05-01T00:00:00Z"}},{"type":"Feature","geometry":{"type":"Point","coordinates":[127.4666,35.6206]},"properties":{"ref":"HL/JB-015","name":"팔공산 (Palgongsan)","name_kanji":null,"alt_m":1151,"points":8,"region_code":"JB","region_name":"Jeonbuk","activations":60,"last_activation":"2026-04-19T00:00:00Z"}},{"type":"Feature","geometry":{"type":"Point","coordinates":[127.4511,35.6645]},"properties":{"ref":"HL/JB-016","name":"선각산 (Seongaksan)","name_kanji":null,"alt_m":1142,"points":8,"region_code":"JB","region_name":"Jeonbuk","activations":22,"last_activation":"2025-09-27T00:00:00Z"}},{"type":"Feature","geometry":{"type":"Point","coordinates":[127.3624,35.9151]},"properties":{"ref":"HL/JB-017","name":"삼장봉 (Samjangbong)","name_kanji":null,"alt_m":1133,"points":8,"region_code":"JB","region_name":"Jeonbuk","activations":54,"last_activation":"2025-12-25T00:00:00Z"}},{"type":"Feature","geometry":{"type":"Point","coordinates":[127.7498,35.9792]},"properties":{"ref":"HL/JB-018","name":"청량산 (Cheongnyangsan)","name_kanji":null,"alt_m":1122,"points":8,"region_code":"JB","region_name":"Jeonbuk","activations":3,"last_activation":"2025-11-15T00:00:00Z"}},{"type":"Feature","geometry":{"type":"Point","coordinates":[127.4581,35.6926]},"properties":{"ref":"HL/JB-019","name":"HL/JB-019","name_kanji":null,"alt_m":1113,"points":8,"region_code":"JB","region_name":"Jeonbuk","activations":13,"last_activation":"2025-09-27T00:00:00Z"}},{"type":"Feature","geometry":{"type":"Point","coordinates":[127.3815,35.9226]},"properties":{"ref":"HL/JB-020","name":"곰직이산 (Gomjigisan)","name_kanji":null,"alt_m":1084,"points":8,"region_code":"JB","region_name":"Jeonbuk","activations":36,"last_activation":"2025-12-25T00:00:00Z"}},{"type":"Feature","geometry":{"type":"Point","coordinates":[127.4784,35.6582]},"properties":{"ref":"HL/JB-021","name":"깃대봉 (Gitdaebong)","name_kanji":null,"alt_m":1100,"points":8,"region_code":"JB","region_name":"Jeonbuk","activations":31,"last_activation":"2025-06-06T00:00:00Z"}},{"type":"Feature","geometry":{"type":"Point","coordinates":[127.4787,35.7212]},"properties":{"ref":"HL/JB-022","name":"성수산 (Seongsusan)","name_kanji":null,"alt_m":1059,"points":8,"region_code":"JB","region_name":"Jeonbuk","activations":13,"last_activation":"2025-09-26T00:00:00Z"}},{"type":"Feature","geometry":{"type":"Point","coordinates":[127.69,35.9466]},"properties":{"ref":"HL/JB-023","name":"적상산 (Jeoksangsan)","name_kanji":null,"alt_m":1034,"points":8,"region_code":"JB","region_name":"Jeonbuk","activations":99,"last_activation":"2026-04-19T00:00:00Z"}},{"type":"Feature","geometry":{"type":"Point","coordinates":[127.6493,35.7041]},"properties":{"ref":"HL/JB-024","name":"구시봉 (Gusibong)","name_kanji":null,"alt_m":1015,"points":8,"region_code":"JB","region_name":"Jeonbuk","activations":36,"last_activation":"2026-02-16T00:00:00Z"}},{"type":"Feature","geometry":{"type":"Point","coordinates":[127.5362,35.6097]},"properties":{"ref":"HL/JB-025","name":"사두봉 (Sadubong)","name_kanji":null,"alt_m":1015,"points":8,"region_code":"JB","region_name":"Jeonbuk","activations":21,"last_activation":"2025-10-24T00:00:00Z"}},{"type":"Feature","geometry":{"type":"Point","coordinates":[127.6193,35.7483]},"properties":{"ref":"HL/JB-026","name":"깃대봉 (Gitdaebong)","name_kanji":null,"alt_m":931,"points":6,"region_code":"JB","region_name":"Jeonbuk","activations":2,"last_activation":"2022-10-02T00:00:00Z"}},{"type":"Feature","geometry":{"type":"Point","coordinates":[127.3317,35.9074]},"properties":{"ref":"HL/JB-027","name":"연석산 (Yeonseoksan)","name_kanji":null,"alt_m":925,"points":6,"region_code":"JB","region_name":"Jeonbuk","activations":7,"last_activation":"2021-03-23T00:00:00Z"}},{"type":"Feature","geometry":{"type":"Point","coordinates":[127.45,35.5263]},"properties":{"ref":"HL/JB-028","name":"만행산 (Manhaengsan)","name_kanji":null,"alt_m":910,"points":6,"region_code":"JB","region_name":"Jeonbuk","activations":15,"last_activation":"2025-12-13T00:00:00Z"}},{"type":"Feature","geometry":{"type":"Point","coordinates":[127.4869,35.5928]},"properties":{"ref":"HL/JB-029","name":"신무산 (Sinmusan)","name_kanji":null,"alt_m":897,"points":6,"region_code":"JB","region_name":"Jeonbuk","activations":16,"last_activation":"2025-10-25T00:00:00Z"}},{"type":"Feature","geometry":{"type":"Point","coordinates":[127.3685,35.6901]},"properties":{"ref":"HL/JB-030","name":"내동산 (Naedongsan)","name_kanji":null,"alt_m":887,"points":6,"region_code":"JB","region_name":"Jeonbuk","activations":8,"last_activation":"2024-05-18T00:00:00Z"}},{"type":"Feature","geometry":{"type":"Point","coordinates":[127.6418,35.8923]},"properties":{"ref":"HL/JB-031","name":"봉화산 (Bonghwasan)","name_kanji":null,"alt_m":885,"points":6,"region_code":"JB","region_name":"Jeonbuk","activations":6,"last_activation":"2024-04-07T00:00:00Z"}},{"type":"Feature","geometry":{"type":"Point","coordinates":[127.5019,35.5214]},"properties":{"ref":"HL/JB-032","name":"대성산 (Daeseongsan)","name_kanji":null,"alt_m":882,"points":6,"region_code":"JB","region_name":"Jeonbuk","activations":1,"last_activation":"2019-11-16T00:00:00Z"}},{"type":"Feature","geometry":{"type":"Point","coordinates":[127.5359,35.8526]},"properties":{"ref":"HL/JB-033","name":"고산 (Gosan)","name_kanji":null,"alt_m":876,"points":6,"region_code":"JB","region_name":"Jeonbuk","activations":4,"last_activation":"2021-08-29T00:00:00Z"}},{"type":"Feature","geometry":{"type":"Point","coordinates":[127.8493,35.9308]},"properties":{"ref":"HL/JB-034","name":"망덕산 (Mangdeoksan)","name_kanji":null,"alt_m":873,"points":6,"region_code":"JB","region_name":"Jeonbuk","activations":7,"last_activation":"2025-11-29T00:00:00Z"}},{"type":"Feature","geometry":{"type":"Point","coordinates":[127.4037,35.9672]},"properties":{"ref":"HL/JB-035","name":"명도봉 (Myeongdobong)","name_kanji":null,"alt_m":869,"points":6,"region_code":"JB","region_name":"Jeonbuk","activations":5,"last_activation":"2021-08-22T00:00:00Z"}},{"type":"Feature","geometry":{"type":"Point","coordinates":[127.6026,35.7034]},"properties":{"ref":"HL/JB-036","name":"백화산 (Baekhwasan)","name_kanji":null,"alt_m":851,"points":6,"region_code":"JB","region_name":"Jeonbuk","activations":4,"last_activation":"2025-10-11T00:00:00Z"}},{"type":"Feature","geometry":{"type":"Point","coordinates":[127.5011,35.4744]},"properties":{"ref":"HL/JB-037","name":"고남산 (Gonamsan)","name_kanji":null,"alt_m":846,"points":6,"region_code":"JB","region_name":"Jeonbuk","activations":28,"last_activation":"2025-11-02T00:00:00Z"}},{"type":"Feature","geometry":{"type":"Point","coordinates":[127.4559,35.5746]},"properties":{"ref":"HL/JB-038","name":"개동산 (Gaedongsan)","name_kanji":null,"alt_m":846,"points":6,"region_code":"JB","region_name":"Jeonbuk","activations":4,"last_activation":"2025-12-23T00:00:00Z"}},{"type":"Feature","geometry":{"type":"Point","coordinates":[127.4105,35.9919]},"properties":{"ref":"HL/JB-039","name":"명덕봉 (Myeongdeokbong)","name_kanji":null,"alt_m":846,"points":6,"region_code":"JB","region_name":"Jeonbuk","activations":4,"last_activation":"2023-05-13T00:00:00Z"}},{"type":"Feature","geometry":{"type":"Point","coordinates":[127.6503,35.496]},"properties":{"ref":"HL/JB-040","name":"연비산 (Yeonbisan)","name_kanji":null,"alt_m":843,"points":6,"region_code":"JB","region_name":"Jeonbuk","activations":1,"last_activation":"2019-11-02T00:00:00Z"}},{"type":"Feature","geometry":{"type":"Point","coordinates":[127.6528,35.4856]},"properties":{"ref":"HL/JB-041","name":"오봉산 (Obongsan)","name_kanji":null,"alt_m":840,"points":6,"region_code":"JB","region_name":"Jeonbuk","activations":2,"last_activation":"2022-06-11T00:00:00Z"}},{"type":"Feature","geometry":{"type":"Point","coordinates":[127.1053,35.5053]},"properties":{"ref":"HL/JB-042","name":"회문산 (Hoemunsan)","name_kanji":null,"alt_m":830,"points":6,"region_code":"JB","region_name":"Jeonbuk","activations":23,"last_activation":"2026-03-28T00:00:00Z"}},{"type":"Feature","geometry":{"type":"Point","coordinates":[127.3658,35.99]},"properties":{"ref":"HL/JB-043","name":"성재봉 (Seongjaebong)","name_kanji":null,"alt_m":824,"points":6,"region_code":"JB","region_name":"Jeonbuk","activations":11,"last_activation":"2025-05-31T00:00:00Z"}},{"type":"Feature","geometry":{"type":"Point","coordinates":[127.3933,35.8094]},"properties":{"ref":"HL/JB-044","name":"부귀산 (Bugwisan)","name_kanji":null,"alt_m":806,"points":6,"region_code":"JB","region_name":"Jeonbuk","activations":41,"last_activation":"2026-04-11T00:00:00Z"}},{"type":"Feature","geometry":{"type":"Point","coordinates":[127.5004,35.4151]},"properties":{"ref":"HL/JB-045","name":"수정봉 (Sujeongbong)","name_kanji":null,"alt_m":805,"points":6,"region_code":"JB","region_name":"Jeonbuk","activations":12,"last_activation":"2025-11-02T00:00:00Z"}},{"type":"Feature","geometry":{"type":"Point","coordinates":[127.6007,35.8236]},"properties":{"ref":"HL/JB-046","name":"영구산 (Yonggusan)","name_kanji":null,"alt_m":802,"points":6,"region_code":"JB","region_name":"Jeonbuk","activations":1,"last_activation":"2021-07-04T00:00:00Z"}},{"type":"Feature","geometry":{"type":"Point","coordinates":[127.5869,35.9644]},"properties":{"ref":"HL/JB-047","name":"조항산 (Johangsan)","name_kanji":null,"alt_m":799,"points":4,"region_code":"JB","region_name":"Jeonbuk","activations":51,"last_activation":"2026-03-15T00:00:00Z"}},{"type":"Feature","geometry":{"type":"Point","coordinates":[127.0855,35.7282]},"properties":{"ref":"HL/JB-048","name":"모악산 (Moaksan)","name_kanji":null,"alt_m":793,"points":4,"region_code":"JB","region_name":"Jeonbuk","activations":17,"last_activation":"2022-09-25T00:00:00Z"}},{"type":"Feature","geometry":{"type":"Point","coordinates":[127.5485,35.7007]},"properties":{"ref":"HL/JB-049","name":"봉화산 (Bonghwasan)","name_kanji":null,"alt_m":786,"points":4,"region_code":"JB","region_name":"Jeonbuk","activations":1,"last_activation":"2019-10-19T00:00:00Z"}},{"type":"Feature","geometry":{"type":"Point","coordinates":[127.635,35.8451]},"properties":{"ref":"HL/JB-050","name":"매방재산 (Maebangjaesan)","name_kanji":null,"alt_m":782,"points":4,"region_code":"JB","region_name":"Jeonbuk","activations":5,"last_activation":"2022-02-24T00:00:00Z"}},{"type":"Feature","geometry":{"type":"Point","coordinates":[127.3512,35.9498]},"properties":{"ref":"HL/JB-051","name":"성봉 (Seongbong)","name_kanji":null,"alt_m":787,"points":4,"region_code":"JB","region_name":"Jeonbuk","activations":4,"last_activation":"2021-04-26T00:00:00Z"}},{"type":"Feature","geometry":{"type":"Point","coordinates":[127.3611,35.8683]},"properties":{"ref":"HL/JB-052","name":"HL/JB-052","name_kanji":null,"alt_m":816,"points":6,"region_code":"JB","region_name":"Jeonbuk","activations":1,"last_activation":"2022-06-18T00:00:00Z"}},{"type":"Feature","geometry":{"type":"Point","coordinates":[127.4084,35.331]},"properties":{"ref":"HL/JB-053","name":"견두산 (Gyeondusan)","name_kanji":null,"alt_m":780,"points":4,"region_code":"JB","region_name":"Jeonbuk","activations":2,"last_activation":"2025-09-20T00:00:00Z"}},{"type":"Feature","geometry":{"type":"Point","coordinates":[127.5808,35.5078]},"properties":{"ref":"HL/JB-054","name":"시리봉 (Siribong)","name_kanji":null,"alt_m":777,"points":4,"region_code":"JB","region_name":"Jeonbuk","activations":2,"last_activation":"2024-02-03T00:00:00Z"}},{"type":"Feature","geometry":{"type":"Point","coordinates":[127.1318,35.5034]},"properties":{"ref":"HL/JB-055","name":"천마봉 (Cheonmabong)","name_kanji":null,"alt_m":775,"points":4,"region_code":"JB","region_name":"Jeonbuk","activations":5,"last_activation":"2025-12-29T00:00:00Z"}},{"type":"Feature","geometry":{"type":"Point","coordinates":[127.057,35.4827]},"properties":{"ref":"HL/JB-056","name":"여분산 (Yeobunsan)","name_kanji":null,"alt_m":774,"points":4,"region_code":"JB","region_name":"Jeonbuk","activations":1,"last_activation":"2022-06-06T00:00:00Z"}},{"type":"Feature","geometry":{"type":"Point","coordinates":[127.5534,35.9438]},"properties":{"ref":"HL/JB-057","name":"지장산 (Jijangsan)","name_kanji":null,"alt_m":774,"points":4,"region_code":"JB","region_name":"Jeonbuk","activations":37,"last_activation":"2026-04-03T00:00:00Z"}},{"type":"Feature","geometry":{"type":"Point","coordinates":[127.2743,35.7891]},"properties":{"ref":"HL/JB-058","name":"만덕산 (Mandeoksan)","name_kanji":null,"alt_m":763,"points":4,"region_code":"JB","region_name":"Jeonbuk","activations":7,"last_activation":"2026-03-14T00:00:00Z"}},{"type":"Feature","geometry":{"type":"Point","coordinates":[126.8894,35.4784]},"properties":{"ref":"HL/JB-059","name":"내장산 (Naejangsan)","name_kanji":null,"alt_m":763,"points":4,"region_code":"JB","region_name":"Jeonbuk","activations":17,"last_activation":"2025-11-22T00:00:00Z"}},{"type":"Feature","geometry":{"type":"Point","coordinates":[127.3942,35.8777]},"properties":{"ref":"HL/JB-060","name":"HL/JB-060","name_kanji":null,"alt_m":760,"points":4,"region_code":"JB","region_name":"Jeonbuk","activations":1,"last_activation":"2025-10-11T00:00:00Z"}},{"type":"Feature","geometry":{"type":"Point","coordinates":[127.5802,35.7653]},"properties":{"ref":"HL/JB-061","name":"수락봉 (Surakbong)","name_kanji":null,"alt_m":760,"points":4,"region_code":"JB","region_name":"Jeonbuk","activations":1,"last_activation":"2019-12-14T00:00:00Z"}},{"type":"Feature","geometry":{"type":"Point","coordinates":[127.3736,36.02]},"properties":{"ref":"HL/JB-062","name":"선치봉 (Seonchibong)","name_kanji":null,"alt_m":759,"points":4,"region_code":"JB","region_name":"Jeonbuk","activations":9,"last_activation":"2024-11-17T00:00:00Z"}},{"type":"Feature","geometry":{"type":"Point","coordinates":[127.5823,35.8754]},"properties":{"ref":"HL/JB-063","name":"국사봉 (Guksabong)","name_kanji":null,"alt_m":757,"points":4,"region_code":"JB","region_name":"Jeonbuk","activations":5,"last_activation":"2024-11-09T00:00:00Z"}},{"type":"Feature","geometry":{"type":"Point","coordinates":[127.1682,35.5676]},"properties":{"ref":"HL/JB-064","name":"백련산 (Baengnyeonsan)","name_kanji":null,"alt_m":754,"points":4,"region_code":"JB","region_name":"Jeonbuk","activations":10,"last_activation":"2025-11-01T00:00:00Z"}},{"type":"Feature","geometry":{"type":"Point","coordinates":[126.7544,35.456]},"properties":{"ref":"HL/JB-065","name":"방장산 (Bangjangsan)","name_kanji":null,"alt_m":743,"points":4,"region_code":"JB","region_name":"Jeonbuk","activations":18,"last_activation":"2026-02-12T00:00:00Z"}},{"type":"Feature","geometry":{"type":"Point","coordinates":[126.8665,35.4639]},"properties":{"ref":"HL/JB-066","name":"상왕봉 (Sangwangbong)","name_kanji":null,"alt_m":741,"points":4,"region_code":"JB","region_name":"Jeonbuk","activations":13,"last_activation":"2024-11-23T00:00:00Z"}},{"type":"Feature","geometry":{"type":"Point","coordinates":[127.3893,35.9957]},"properties":{"ref":"HL/JB-067","name":"HL/JB-067","name_kanji":null,"alt_m":741,"points":4,"region_code":"JB","region_name":"Jeonbuk","activations":7,"last_activation":"2022-02-26T00:00:00Z"}},{"type":"Feature","geometry":{"type":"Point","coordinates":[127.6281,35.9721]},"properties":{"ref":"HL/JB-068","name":"마향산 (Mahyangsan)","name_kanji":null,"alt_m":730,"points":4,"region_code":"JB","region_name":"Jeonbuk","activations":1,"last_activation":"2021-03-22T00:00:00Z"}},{"type":"Feature","geometry":{"type":"Point","coordinates":[126.9767,35.4005]},"properties":{"ref":"HL/JB-069","name":"추월산 (Chuwolsan)","name_kanji":null,"alt_m":729,"points":4,"region_code":"JB","region_name":"Jeonbuk","activations":21,"last_activation":"2026-02-28T00:00:00Z"}},{"type":"Feature","geometry":{"type":"Point","coordinates":[127.3518,35.9898]},"properties":{"ref":"HL/JB-070","name":"금만봉 (Geummanbong)","name_kanji":null,"alt_m":718,"points":4,"region_code":"JB","region_name":"Jeonbuk","activations":10,"last_activation":"2025-05-31T00:00:00Z"}},{"type":"Feature","geometry":{"type":"Point","coordinates":[127.297,35.8927]},"properties":{"ref":"HL/JB-071","name":"원등산 (Wondeungsan)","name_kanji":null,"alt_m":713,"points":4,"region_code":"JB","region_name":"Jeonbuk","activations":2,"last_activation":"2023-02-12T00:00:00Z"}},{"type":"Feature","geometry":{"type":"Point","coordinates":[127.5263,35.7531]},"properties":{"ref":"HL/JB-072","name":"HL/JB-072","name_kanji":null,"alt_m":712,"points":4,"region_code":"JB","region_name":"Jeonbuk","activations":2,"last_activation":"2025-04-12T00:00:00Z"}},{"type":"Feature","geometry":{"type":"Point","coordinates":[127.2552,35.3377]},"properties":{"ref":"HL/JB-073","name":"고리봉 (Goribong)","name_kanji":null,"alt_m":709,"points":4,"region_code":"JB","region_name":"Jeonbuk","activations":5,"last_activation":"2025-11-02T00:00:00Z"}},{"type":"Feature","geometry":{"type":"Point","coordinates":[127.3083,36.0858]},"properties":{"ref":"HL/JB-074","name":"천등산 (Cheondeungsan)","name_kanji":null,"alt_m":707,"points":4,"region_code":"JB","region_name":"Jeonbuk","activations":6,"last_activation":"2021-08-22T00:00:00Z"}},{"type":"Feature","geometry":{"type":"Point","coordinates":[127.5101,35.5526]},"properties":{"ref":"HL/JB-075","name":"감투봉 (Gamtubong)","name_kanji":null,"alt_m":700,"points":4,"region_code":"JB","region_name":"Jeonbuk","activations":1,"last_activation":"2024-05-20T00:00:00Z"}},{"type":"Feature","geometry":{"type":"Point","coordinates":[127.5596,35.7681]},"properties":{"ref":"HL/JB-076","name":"HL/JB-076","name_kanji":null,"alt_m":700,"points":4,"region_code":"JB","region_name":"Jeonbuk","activations":2,"last_activation":"2025-04-12T00:00:00Z"}},{"type":"Feature","geometry":{"type":"Point","coordinates":[127.5759,35.4626]},"properties":{"ref":"HL/JB-077","name":"황산 (Hwangsan)","name_kanji":null,"alt_m":697,"points":4,"region_code":"JB","region_name":"Jeonbuk","activations":4,"last_activation":"2024-03-02T00:00:00Z"}},{"type":"Feature","geometry":{"type":"Point","coordinates":[127.5247,35.8694]},"properties":{"ref":"HL/JB-078","name":"HL/JB-078","name_kanji":null,"alt_m":687,"points":4,"region_code":"JB","region_name":"Jeonbuk","activations":4,"last_activation":"2025-09-06T00:00:00Z"}},{"type":"Feature","geometry":{"type":"Point","coordinates":[127.4992,35.8158]},"properties":{"ref":"HL/JB-079","name":"HL/JB-079","name_kanji":null,"alt_m":680,"points":4,"region_code":"JB","region_name":"Jeonbuk","activations":1,"last_activation":"2025-10-11T00:00:00Z"}},{"type":"Feature","geometry":{"type":"Point","coordinates":[127.2393,35.9274]},"properties":{"ref":"HL/JB-080","name":"서래봉 (Seoraebong)","name_kanji":null,"alt_m":703,"points":4,"region_code":"JB","region_name":"Jeonbuk","activations":5,"last_activation":"2021-03-19T00:00:00Z"}},{"type":"Feature","geometry":{"type":"Point","coordinates":[127.2932,35.7902]},"properties":{"ref":"HL/JB-081","name":"HL/JB-081","name_kanji":null,"alt_m":680,"points":4,"region_code":"JB","region_name":"Jeonbuk","activations":2,"last_activation":"2023-05-14T00:00:00Z"}},{"type":"Feature","geometry":{"type":"Point","coordinates":[127.3193,35.8632]},"properties":{"ref":"HL/JB-082","name":"HL/JB-082","name_kanji":null,"alt_m":675,"points":4,"region_code":"JB","region_name":"Jeonbuk","activations":1,"last_activation":"2021-04-23T00:00:00Z"}},{"type":"Feature","geometry":{"type":"Point","coordinates":[127.5008,35.7929]},"properties":{"ref":"HL/JB-083","name":"독재봉 (Dokjaebong)","name_kanji":null,"alt_m":675,"points":4,"region_code":"JB","region_name":"Jeonbuk","activations":1,"last_activation":"2022-10-02T00:00:00Z"}},{"type":"Feature","geometry":{"type":"Point","coordinates":[127.4894,35.9751]},"properties":{"ref":"HL/JB-084","name":"봉화산 (Bonghwasan)","name_kanji":null,"alt_m":670,"points":4,"region_code":"JB","region_name":"Jeonbuk","activations":2,"last_activation":"2025-04-27T00:00:00Z"}},{"type":"Feature","geometry":{"type":"Point","coordinates":[127.4482,35.9931]},"properties":{"ref":"HL/JB-085","name":"성치산 (Seongchisan)","name_kanji":null,"alt_m":670,"points":4,"region_code":"JB","region_name":"Jeonbuk","activations":7,"last_activation":"2023-11-30T00:00:00Z"}},{"type":"Feature","geometry":{"type":"Point","coordinates":[126.9594,35.4652]},"properties":{"ref":"HL/JB-086","name":"백방산 (Baekbangsan)","name_kanji":null,"alt_m":668,"points":4,"region_code":"JB","region_name":"Jeonbuk","activations":1,"last_activation":"2022-11-22T00:00:00Z"}},{"type":"Feature","geometry":{"type":"Point","coordinates":[127.1629,35.726]},"properties":{"ref":"HL/JB-087","name":"경각산 (Gyeonggagsan)","name_kanji":null,"alt_m":660,"points":4,"region_code":"JB","region_name":"Jeonbuk","activations":13,"last_activation":"2025-11-02T00:00:00Z"}},{"type":"Feature","geometry":{"type":"Point","coordinates":[127.6287,35.9409]},"properties":{"ref":"HL/JB-088","name":"구리골산 (Gurigolsan)","name_kanji":null,"alt_m":657,"points":4,"region_code":"JB","region_name":"Jeonbuk","activations":1,"last_activation":"2021-03-26T00:00:00Z"}},{"type":"Feature","geometry":{"type":"Point","coordinates":[126.9923,35.536]},"properties":{"ref":"HL/JB-089","name":"국사봉 (Guksabong)","name_kanji":null,"alt_m":655,"points":4,"region_code":"JB","region_name":"Jeonbuk","activations":1,"last_activation":"2019-10-20T00:00:00Z"}},{"type":"Feature","geometry":{"type":"Point","coordinates":[127.5348,35.8138]},"properties":{"ref":"HL/JB-090","name":"천반산 (Cheonbansan)","name_kanji":null,"alt_m":647,"points":2,"region_code":"JB","region_name":"Jeonbuk","activations":2,"last_activation":"2025-10-11T00:00:00Z"}},{"type":"Feature","geometry":{"type":"Point","coordinates":[126.9526,35.5385]},"properties":{"ref":"HL/JB-091","name":"고당산 (Godangsan)","name_kanji":null,"alt_m":641,"points":2,"region_code":"JB","region_name":"Jeonbuk","activations":1,"last_activation":"2022-08-28T00:00:00Z"}},{"type":"Feature","geometry":{"type":"Point","coordinates":[127.3104,36.0452]},"properties":{"ref":"HL/JB-092","name":"선녀봉 (Seonnyebong)","name_kanji":null,"alt_m":640,"points":2,"region_code":"JB","region_name":"Jeonbuk","activations":1,"last_activation":"2023-03-04T00:00:00Z"}},{"type":"Feature","geometry":{"type":"Point","coordinates":[127.203,35.4768]},"properties":{"ref":"HL/JB-093","name":"용궐산 (Yonggwolsan)","name_kanji":null,"alt_m":640,"points":2,"region_code":"JB","region_name":"Jeonbuk","activations":5,"last_activation":"2024-08-10T00:00:00Z"}},{"type":"Feature","geometry":{"type":"Point","coordinates":[126.9608,35.5144]},"properties":{"ref":"HL/JB-094","name":"HL/JB-094","name_kanji":null,"alt_m":640,"points":2,"region_code":"JB","region_name":"Jeonbuk","activations":1,"last_activation":"2025-04-06T00:00:00Z"}},{"type":"Feature","geometry":{"type":"Point","coordinates":[127.3288,35.8206]},"properties":{"ref":"HL/JB-095","name":"HL/JB-095","name_kanji":null,"alt_m":640,"points":2,"region_code":"JB","region_name":"Jeonbuk","activations":1,"last_activation":"2026-01-01T00:00:00Z"}},{"type":"Feature","geometry":{"type":"Point","coordinates":[127.5691,35.9122]},"properties":{"ref":"HL/JB-096","name":"싸교봉 (Ssagyobong)","name_kanji":null,"alt_m":633,"points":2,"region_code":"JB","region_name":"Jeonbuk","activations":3,"last_activation":"2024-11-09T00:00:00Z"}},{"type":"Feature","geometry":{"type":"Point","coordinates":[127.4469,35.9052]},"properties":{"ref":"HL/JB-097","name":"HL/JB-097","name_kanji":null,"alt_m":629,"points":2,"region_code":"JB","region_name":"Jeonbuk","activations":1,"last_activation":"2026-03-22T00:00:00Z"}},{"type":"Feature","geometry":{"type":"Point","coordinates":[126.831,35.4803]},"properties":{"ref":"HL/JB-098","name":"입암산 (Ibamsan)","name_kanji":null,"alt_m":627,"points":2,"region_code":"JB","region_name":"Jeonbuk","activations":6,"last_activation":"2024-10-25T00:00:00Z"}},{"type":"Feature","geometry":{"type":"Point","coordinates":[126.7261,35.3714]},"properties":{"ref":"HL/JB-099","name":"축령산 (Chungnyeongsan)","name_kanji":null,"alt_m":622,"points":2,"region_code":"JB","region_name":"Jeonbuk","activations":19,"last_activation":"2026-03-14T00:00:00Z"}},{"type":"Feature","geometry":{"type":"Point","coordinates":[127.1332,35.5344]},"properties":{"ref":"HL/JB-100","name":"필봉산 (Pilbongsan)","name_kanji":null,"alt_m":620,"points":2,"region_code":"JB","region_name":"Jeonbuk","activations":1,"last_activation":"2022-05-22T00:00:00Z"}},{"type":"Feature","geometry":{"type":"Point","coordinates":[127.3411,35.6589]},"properties":{"ref":"HL/JB-101","name":"고덕산 (Godeoksan)","name_kanji":null,"alt_m":619,"points":2,"region_code":"JB","region_name":"Jeonbuk","activations":2,"last_activation":"2025-11-01T00:00:00Z"}},{"type":"Feature","geometry":{"type":"Point","coordinates":[127.2806,35.5604]},"properties":{"ref":"HL/JB-102","name":"매봉 (Maebong)","name_kanji":null,"alt_m":609,"points":2,"region_code":"JB","region_name":"Jeonbuk","activations":1,"last_activation":"2022-06-08T00:00:00Z"}},{"type":"Feature","geometry":{"type":"Point","coordinates":[127.2273,35.9006]},"properties":{"ref":"HL/JB-103","name":"서방산 (Seobangsan)","name_kanji":null,"alt_m":611,"points":2,"region_code":"JB","region_name":"Jeonbuk","activations":6,"last_activation":"2021-03-19T00:00:00Z"}},{"type":"Feature","geometry":{"type":"Point","coordinates":[127.1791,35.7722]},"properties":{"ref":"HL/JB-104","name":"고덕산 (Godeoksan)","name_kanji":null,"alt_m":603,"points":2,"region_code":"JB","region_name":"Jeonbuk","activations":7,"last_activation":"2024-10-26T00:00:00Z"}},{"type":"Feature","geometry":{"type":"Point","coordinates":[127.0342,35.3888]},"properties":{"ref":"HL/JB-105","name":"연대봉 (Yeondaebong)","name_kanji":null,"alt_m":603,"points":2,"region_code":"JB","region_name":"Jeonbuk","activations":11,"last_activation":"2025-01-11T00:00:00Z"}},{"type":"Feature","geometry":{"type":"Point","coordinates":[127.285,35.9336]},"properties":{"ref":"HL/JB-106","name":"대부산 (Daebusan)","name_kanji":null,"alt_m":602,"points":2,"region_code":"JB","region_name":"Jeonbuk","activations":2,"last_activation":"2023-02-12T00:00:00Z"}},{"type":"Feature","geometry":{"type":"Point","coordinates":[127.2975,35.4453]},"properties":{"ref":"HL/JB-107","name":"풍악산 (Pungaksan)","name_kanji":null,"alt_m":600,"points":2,"region_code":"JB","region_name":"Jeonbuk","activations":2,"last_activation":"2023-04-13T00:00:00Z"}},{"type":"Feature","geometry":{"type":"Point","coordinates":[127.2522,35.3712]},"properties":{"ref":"HL/JB-108","name":"문덕봉 (Mundeokbong)","name_kanji":null,"alt_m":599,"points":2,"region_code":"JB","region_name":"Jeonbuk","activations":2,"last_activation":"2023-04-02T00:00:00Z"}},{"type":"Feature","geometry":{"type":"Point","coordinates":[127.5244,35.9849]},"properties":{"ref":"HL/JB-109","name":"조봉 (Jobong)","name_kanji":null,"alt_m":599,"points":2,"region_code":"JB","region_name":"Jeonbuk","activations":2,"last_activation":"2022-02-20T00:00:00Z"}},{"type":"Feature","geometry":{"type":"Point","coordinates":[127.142,35.4745]},"properties":{"ref":"HL/JB-110","name":"성미산 (Seongmisan)","name_kanji":null,"alt_m":588,"points":2,"region_code":"JB","region_name":"Jeonbuk","activations":10,"last_activation":"2026-02-14T00:00:00Z"}},{"type":"Feature","geometry":{"type":"Point","coordinates":[127.2165,35.4619]},"properties":{"ref":"HL/JB-111","name":"무량산 (Muryangsan)","name_kanji":null,"alt_m":586,"points":2,"region_code":"JB","region_name":"Jeonbuk","activations":4,"last_activation":"2025-02-23T00:00:00Z"}},{"type":"Feature","geometry":{"type":"Point","coordinates":[127.0489,35.4028]},"properties":{"ref":"HL/JB-112","name":"강천산 (Gangcheonsan)","name_kanji":null,"alt_m":584,"points":2,"region_code":"JB","region_name":"Jeonbuk","activations":8,"last_activation":"2023-05-20T00:00:00Z"}},{"type":"Feature","geometry":{"type":"Point","coordinates":[127.2828,36.0154]},"properties":{"ref":"HL/JB-113","name":"봉수대산 (Bongsudaesan)","name_kanji":null,"alt_m":583,"points":2,"region_code":"JB","region_name":"Jeonbuk","activations":1,"last_activation":"2021-10-03T00:00:00Z"}},{"type":"Feature","geometry":{"type":"Point","coordinates":[127.015,35.4573]},"properties":{"ref":"HL/JB-114","name":"치재산 (Chijaesan)","name_kanji":null,"alt_m":580,"points":2,"region_code":"JB","region_name":"Jeonbuk","activations":1,"last_activation":"2022-11-21T00:00:00Z"}},{"type":"Feature","geometry":{"type":"Point","coordinates":[127.2528,35.8991]},"properties":{"ref":"HL/JB-115","name":"HL/JB-115","name_kanji":null,"alt_m":580,"points":2,"region_code":"JB","region_name":"Jeonbuk","activations":3,"last_activation":"2021-03-19T00:00:00Z"}},{"type":"Feature","geometry":{"type":"Point","coordinates":[127.0337,35.6666]},"properties":{"ref":"HL/JB-116","name":"상두산 (Sangdusan)","name_kanji":null,"alt_m":575,"points":2,"region_code":"JB","region_name":"Jeonbuk","activations":2,"last_activation":"2023-09-30T00:00:00Z"}},{"type":"Feature","geometry":{"type":"Point","coordinates":[127.0672,35.4484]},"properties":{"ref":"HL/JB-117","name":"삼발산 (Sambalsan)","name_kanji":null,"alt_m":572,"points":2,"region_code":"JB","region_name":"Jeonbuk","activations":1,"last_activation":"2025-03-17T00:00:00Z"}},{"type":"Feature","geometry":{"type":"Point","coordinates":[127.2086,35.5118]},"properties":{"ref":"HL/JB-118","name":"원통산 (Wontongsan)","name_kanji":null,"alt_m":571,"points":2,"region_code":"JB","region_name":"Jeonbuk","activations":1,"last_activation":"2022-06-04T00:00:00Z"}},{"type":"Feature","geometry":{"type":"Point","coordinates":[127.291,35.6961]},"properties":{"ref":"HL/JB-119","name":"방미산 (Bangmisan)","name_kanji":null,"alt_m":569,"points":2,"region_code":"JB","region_name":"Jeonbuk","activations":1,"last_activation":"2022-04-09T00:00:00Z"}},{"type":"Feature","geometry":{"type":"Point","coordinates":[127.1384,35.6982]},"properties":{"ref":"HL/JB-120","name":"치마산 (Chimasan)","name_kanji":null,"alt_m":567,"points":2,"region_code":"JB","region_name":"Jeonbuk","activations":1,"last_activation":"2017-12-25T00:00:00Z"}},{"type":"Feature","geometry":{"type":"Point","coordinates":[127.1245,35.4708]},"properties":{"ref":"HL/JB-121","name":"무직산 (Mujiksan)","name_kanji":null,"alt_m":560,"points":2,"region_code":"JB","region_name":"Jeonbuk","activations":11,"last_activation":"2026-01-10T00:00:00Z"}},{"type":"Feature","geometry":{"type":"Point","coordinates":[127.0907,35.42]},"properties":{"ref":"HL/JB-122","name":"무이산 (Muisan)","name_kanji":null,"alt_m":558,"points":2,"region_code":"JB","region_name":"Jeonbuk","activations":4,"last_activation":"2025-03-12T00:00:00Z"}},{"type":"Feature","geometry":{"type":"Point","coordinates":[126.9359,35.5235]},"properties":{"ref":"HL/JB-123","name":"HL/JB-123","name_kanji":null,"alt_m":556,"points":2,"region_code":"JB","region_name":"Jeonbuk","activations":2,"last_activation":"2023-05-27T00:00:00Z"}},{"type":"Feature","geometry":{"type":"Point","coordinates":[127.4567,35.8543]},"properties":{"ref":"HL/JB-124","name":"HL/JB-124","name_kanji":null,"alt_m":554,"points":2,"region_code":"JB","region_name":"Jeonbuk","activations":2,"last_activation":"2024-10-19T00:00:00Z"}},{"type":"Feature","geometry":{"type":"Point","coordinates":[126.5988,35.6782]},"properties":{"ref":"HL/JB-125","name":"의상봉 (Uisangbong)","name_kanji":null,"alt_m":546,"points":2,"region_code":"JB","region_name":"Jeonbuk","activations":0,"last_activation":null}},{"type":"Feature","geometry":{"type":"Point","coordinates":[127.1736,35.4585]},"properties":{"ref":"HL/JB-126","name":"두류봉 (Duryubong)","name_kanji":null,"alt_m":545,"points":2,"region_code":"JB","region_name":"Jeonbuk","activations":1,"last_activation":"2022-08-26T00:00:00Z"}},{"type":"Feature","geometry":{"type":"Point","coordinates":[127.125,35.6116]},"properties":{"ref":"HL/JB-127","name":"나래산 (Nareasan)","name_kanji":null,"alt_m":544,"points":2,"region_code":"JB","region_name":"Jeonbuk","activations":34,"last_activation":"2026-03-20T00:00:00Z"}},{"type":"Feature","geometry":{"type":"Point","coordinates":[127.0644,35.6774]},"properties":{"ref":"HL/JB-128","name":"국사봉 (Guksabong)","name_kanji":null,"alt_m":541,"points":2,"region_code":"JB","region_name":"Jeonbuk","activations":2,"last_activation":"2025-11-01T00:00:00Z"}},{"type":"Feature","geometry":{"type":"Point","coordinates":[127.2095,35.709]},"properties":{"ref":"HL/JB-129","name":"갈미봉 (Galmibong)","name_kanji":null,"alt_m":540,"points":2,"region_code":"JB","region_name":"Jeonbuk","activations":1,"last_activation":"2022-09-02T00:00:00Z"}},{"type":"Feature","geometry":{"type":"Point","coordinates":[127.0931,35.6098]},"properties":{"ref":"HL/JB-130","name":"묵방산 (Mukbangsan)","name_kanji":null,"alt_m":538,"points":2,"region_code":"JB","region_name":"Jeonbuk","activations":2,"last_activation":"2025-11-01T00:00:00Z"}},{"type":"Feature","geometry":{"type":"Point","coordinates":[126.9799,35.4743]},"properties":{"ref":"HL/JB-131","name":"성주봉 (Seongjubong)","name_kanji":null,"alt_m":533,"points":2,"region_code":"JB","region_name":"Jeonbuk","activations":1,"last_activation":"2024-11-23T00:00:00Z"}},{"type":"Feature","geometry":{"type":"Point","coordinates":[127.2245,35.6014]},"properties":{"ref":"HL/JB-132","name":"백이산 (Baegisan)","name_kanji":null,"alt_m":531,"points":2,"region_code":"JB","region_name":"Jeonbuk","activations":2,"last_activation":"2024-12-25T00:00:00Z"}},{"type":"Feature","geometry":{"type":"Point","coordinates":[126.647,35.3287]},"properties":{"ref":"HL/JB-133","name":"고산 (Gosan)","name_kanji":null,"alt_m":528,"points":2,"region_code":"JB","region_name":"Jeonbuk","activations":1,"last_activation":"2023-04-29T00:00:00Z"}},{"type":"Feature","geometry":{"type":"Point","coordinates":[127.2437,35.8208]},"properties":{"ref":"HL/JB-134","name":"묵방산 (Mukbangsan)","name_kanji":null,"alt_m":523,"points":2,"region_code":"JB","region_name":"Jeonbuk","activations":3,"last_activation":"2023-04-21T00:00:00Z"}},{"type":"Feature","geometry":{"type":"Point","coordinates":[127.1028,35.3002]},"properties":{"ref":"HL/JB-135","name":"설산 (Seolsan)","name_kanji":null,"alt_m":523,"points":2,"region_code":"JB","region_name":"Jeonbuk","activations":8,"last_activation":"2026-03-21T00:00:00Z"}},{"type":"Feature","geometry":{"type":"Point","coordinates":[127.292,35.969]},"properties":{"ref":"HL/JB-136","name":"대아산 (Daeasan)","name_kanji":null,"alt_m":520,"points":2,"region_code":"JB","region_name":"Jeonbuk","activations":1,"last_activation":"2018-05-26T00:00:00Z"}},{"type":"Feature","geometry":{"type":"Point","coordinates":[127.3523,35.4303]},"properties":{"ref":"HL/JB-137","name":"교룡산 (Gyoryongsan)","name_kanji":null,"alt_m":518,"points":2,"region_code":"JB","region_name":"Jeonbuk","activations":5,"last_activation":"2025-04-25T00:00:00Z"}},{"type":"Feature","geometry":{"type":"Point","coordinates":[127.1045,35.356]},"properties":{"ref":"HL/JB-138","name":"아미산 (Amisan)","name_kanji":null,"alt_m":515,"points":2,"region_code":"JB","region_name":"Jeonbuk","activations":13,"last_activation":"2026-02-14T00:00:00Z"}},{"type":"Feature","geometry":{"type":"Point","coordinates":[127.1324,35.6453]},"properties":{"ref":"HL/JB-139","name":"오봉산 (Obongsan)","name_kanji":null,"alt_m":513,"points":2,"region_code":"JB","region_name":"Jeonbuk","activations":21,"last_activation":"2026-03-20T00:00:00Z"}},{"type":"Feature","geometry":{"type":"Point","coordinates":[127.1293,36.044]},"properties":{"ref":"HL/JB-140","name":"천호산 (Cheonhosan)","name_kanji":null,"alt_m":501,"points":2,"region_code":"JB","region_name":"Jeonbuk","activations":11,"last_activation":"2025-08-16T00:00:00Z"}},{"type":"Feature","geometry":{"type":"Point","coordinates":[126.6712,35.3511]},"properties":{"ref":"HL/JB-141","name":"구황산 (Guhwangsan)","name_kanji":null,"alt_m":500,"points":2,"region_code":"JB","region_name":"Jeonbuk","activations":1,"last_activation":"2023-04-22T00:00:00Z"}},{"type":"Feature","geometry":{"type":"Point","coordinates":[127.1304,35.6708]},"properties":{"ref":"HL/JB-142","name":"HL/JB-142","name_kanji":null,"alt_m":500,"points":2,"region_code":"JB","region_name":"Jeonbuk","activations":3,"last_activation":"2026-02-05T00:00:00Z"}},{"type":"Feature","geometry":{"type":"Point","coordinates":[126.5404,35.6244]},"properties":{"ref":"HL/JB-143","name":"망포대 (Mangpodae)","name_kanji":null,"alt_m":492,"points":1,"region_code":"JB","region_name":"Jeonbuk","activations":0,"last_activation":null}},{"type":"Feature","geometry":{"type":"Point","coordinates":[127.2668,35.624]},"properties":{"ref":"HL/JB-144","name":"용요산 (Yongyosan)","name_kanji":null,"alt_m":490,"points":1,"region_code":"JB","region_name":"Jeonbuk","activations":2,"last_activation":"2025-11-01T00:00:00Z"}},{"type":"Feature","geometry":{"type":"Point","coordinates":[126.9149,35.5607]},"properties":{"ref":"HL/JB-145","name":"칠보산 (Chilbosan)","name_kanji":null,"alt_m":488,"points":1,"region_code":"JB","region_name":"Jeonbuk","activations":1,"last_activation":"2022-11-26T00:00:00Z"}},{"type":"Feature","geometry":{"type":"Point","coordinates":[127.0226,35.7475]},"properties":{"ref":"HL/JB-146","name":"구성산 (Guseongsan)","name_kanji":null,"alt_m":488,"points":1,"region_code":"JB","region_name":"Jeonbuk","activations":4,"last_activation":"2023-10-21T00:00:00Z"}},{"type":"Feature","geometry":{"type":"Point","coordinates":[127.2571,36.0873]},"properties":{"ref":"HL/JB-147","name":"장재봉 (Jangjaebong)","name_kanji":null,"alt_m":487,"points":1,"region_code":"JB","region_name":"Jeonbuk","activations":1,"last_activation":"2025-03-30T00:00:00Z"}},{"type":"Feature","geometry":{"type":"Point","coordinates":[127.3381,35.5876]},"properties":{"ref":"HL/JB-148","name":"덕재산 (Deokjaesan)","name_kanji":null,"alt_m":484,"points":1,"region_code":"JB","region_name":"Jeonbuk","activations":1,"last_activation":"2022-08-31T00:00:00Z"}},{"type":"Feature","geometry":{"type":"Point","coordinates":[127.1925,35.6356]},"properties":{"ref":"HL/JB-149","name":"HL/JB-149","name_kanji":null,"alt_m":482,"points":1,"region_code":"JB","region_name":"Jeonbuk","activations":1,"last_activation":"2022-05-29T00:00:00Z"}},{"type":"Feature","geometry":{"type":"Point","coordinates":[127.2913,36.0642]},"properties":{"ref":"HL/JB-150","name":"불명산 (Bulmyeongsan)","name_kanji":null,"alt_m":480,"points":1,"region_code":"JB","region_name":"Jeonbuk","activations":1,"last_activation":"2018-07-25T00:00:00Z"}},{"type":"Feature","geometry":{"type":"Point","coordinates":[126.9845,35.4354]},"properties":{"ref":"HL/JB-151","name":"HL/JB-151","name_kanji":null,"alt_m":480,"points":1,"region_code":"JB","region_name":"Jeonbuk","activations":1,"last_activation":"2024-11-23T00:00:00Z"}},{"type":"Feature","geometry":{"type":"Point","coordinates":[127.0321,35.5867]},"properties":{"ref":"HL/JB-152","name":"HL/JB-152","name_kanji":null,"alt_m":480,"points":1,"region_code":"JB","region_name":"Jeonbuk","activations":1,"last_activation":"2025-04-05T00:00:00Z"}},{"type":"Feature","geometry":{"type":"Point","coordinates":[127.2249,35.4819]},"properties":{"ref":"HL/JB-153","name":"HL/JB-153","name_kanji":null,"alt_m":480,"points":1,"region_code":"JB","region_name":"Jeonbuk","activations":1,"last_activation":"2022-11-18T00:00:00Z"}},{"type":"Feature","geometry":{"type":"Point","coordinates":[127.4262,35.463]},"properties":{"ref":"HL/JB-154","name":"청룡산 (Cheongnyongsan)","name_kanji":null,"alt_m":479,"points":1,"region_code":"JB","region_name":"Jeonbuk","activations":1,"last_activation":"2023-04-22T00:00:00Z"}},{"type":"Feature","geometry":{"type":"Point","coordinates":[127.2128,35.8049]},"properties":{"ref":"HL/JB-155","name":"HL/JB-155","name_kanji":null,"alt_m":502,"points":2,"region_code":"JB","region_name":"Jeonbuk","activations":2,"last_activation":"2025-10-06T00:00:00Z"}},{"type":"Feature","geometry":{"type":"Point","coordinates":[127.1949,35.4558]},"properties":{"ref":"HL/JB-156","name":"벌동산 (Beoldongsan)","name_kanji":null,"alt_m":461,"points":1,"region_code":"JB","region_name":"Jeonbuk","activations":1,"last_activation":"2022-05-21T00:00:00Z"}},{"type":"Feature","geometry":{"type":"Point","coordinates":[126.6203,35.6792]},"properties":{"ref":"HL/JB-157","name":"와우봉 (Waubong)","name_kanji":null,"alt_m":460,"points":1,"region_code":"JB","region_name":"Jeonbuk","activations":3,"last_activation":"2022-04-02T00:00:00Z"}},{"type":"Feature","geometry":{"type":"Point","coordinates":[127.2629,36.0725]},"properties":{"ref":"HL/JB-158","name":"HL/JB-158","name_kanji":null,"alt_m":460,"points":1,"region_code":"JB","region_name":"Jeonbuk","activations":1,"last_activation":"2023-08-26T00:00:00Z"}},{"type":"Feature","geometry":{"type":"Point","coordinates":[127.0504,35.7557]},"properties":{"ref":"HL/JB-159","name":"상목산 (Sangmoksan)","name_kanji":null,"alt_m":461,"points":1,"region_code":"JB","region_name":"Jeonbuk","activations":2,"last_activation":"2023-10-21T00:00:00Z"}},{"type":"Feature","geometry":{"type":"Point","coordinates":[127.4418,35.4101]},"properties":{"ref":"HL/JB-160","name":"장백산 (Jangbaeksan)","name_kanji":null,"alt_m":456,"points":1,"region_code":"JB","region_name":"Jeonbuk","activations":1,"last_activation":"2025-05-10T00:00:00Z"}},{"type":"Feature","geometry":{"type":"Point","coordinates":[126.6146,35.5241]},"properties":{"ref":"HL/JB-161","name":"소요산 (Soyosan)","name_kanji":null,"alt_m":445,"points":1,"region_code":"JB","region_name":"Jeonbuk","activations":2,"last_activation":"2025-01-25T00:00:00Z"}},{"type":"Feature","geometry":{"type":"Point","coordinates":[126.5758,35.5195]},"properties":{"ref":"HL/JB-162","name":"경수산 (Gyeongsusan)","name_kanji":null,"alt_m":444,"points":1,"region_code":"JB","region_name":"Jeonbuk","activations":4,"last_activation":"2021-06-13T00:00:00Z"}},{"type":"Feature","geometry":{"type":"Point","coordinates":[126.7983,35.6066]},"properties":{"ref":"HL/JB-163","name":"두승산 (Duseungsan)","name_kanji":null,"alt_m":444,"points":1,"region_code":"JB","region_name":"Jeonbuk","activations":1,"last_activation":"2022-01-15T00:00:00Z"}},{"type":"Feature","geometry":{"type":"Point","coordinates":[127.0449,35.5666]},"properties":{"ref":"HL/JB-164","name":"HL/JB-164","name_kanji":null,"alt_m":440,"points":1,"region_code":"JB","region_name":"Jeonbuk","activations":1,"last_activation":"2025-04-06T00:00:00Z"}},{"type":"Feature","geometry":{"type":"Point","coordinates":[127.2111,35.825]},"properties":{"ref":"HL/JB-165","name":"두리봉 (Duribong)","name_kanji":null,"alt_m":436,"points":1,"region_code":"JB","region_name":"Jeonbuk","activations":4,"last_activation":"2025-04-15T00:00:00Z"}},{"type":"Feature","geometry":{"type":"Point","coordinates":[126.622,35.6357]},"properties":{"ref":"HL/JB-166","name":"옥녀봉 (Ongnyeobong)","name_kanji":null,"alt_m":433,"points":1,"region_code":"JB","region_name":"Jeonbuk","activations":2,"last_activation":"2022-05-28T00:00:00Z"}},{"type":"Feature","geometry":{"type":"Point","coordinates":[127.1298,35.3895]},"properties":{"ref":"HL/JB-167","name":"금산 (Geumsan)","name_kanji":null,"alt_m":430,"points":1,"region_code":"JB","region_name":"Jeonbuk","activations":3,"last_activation":"2025-08-28T00:00:00Z"}},{"type":"Feature","geometry":{"type":"Point","coordinates":[127.0395,36.025]},"properties":{"ref":"HL/JB-168","name":"미륵산 (Mireuksan)","name_kanji":null,"alt_m":430,"points":1,"region_code":"JB","region_name":"Jeonbuk","activations":30,"last_activation":"2024-10-05T00:00:00Z"}},{"type":"Feature","geometry":{"type":"Point","coordinates":[127.4044,35.4508]},"properties":{"ref":"HL/JB-169","name":"고산봉 (Gosanbong)","name_kanji":null,"alt_m":427,"points":1,"region_code":"JB","region_name":"Jeonbuk","activations":1,"last_activation":"2023-04-27T00:00:00Z"}},{"type":"Feature","geometry":{"type":"Point","coordinates":[127.1709,35.505]},"properties":{"ref":"HL/JB-170","name":"약담산 (Yakdamsan)","name_kanji":null,"alt_m":425,"points":1,"region_code":"JB","region_name":"Jeonbuk","activations":4,"last_activation":"2025-01-05T00:00:00Z"}},{"type":"Feature","geometry":{"type":"Point","coordinates":[126.5898,35.6266]},"properties":{"ref":"HL/JB-171","name":"관음봉 (Gwaneumbong)","name_kanji":null,"alt_m":425,"points":1,"region_code":"JB","region_name":"Jeonbuk","activations":7,"last_activation":"2025-01-25T00:00:00Z"}},{"type":"Feature","geometry":{"type":"Point","coordinates":[127.1262,35.3526]},"properties":{"ref":"HL/JB-172","name":"HL/JB-172","name_kanji":null,"alt_m":421,"points":1,"region_code":"JB","region_name":"Jeonbuk","activations":1,"last_activation":"2023-04-14T00:00:00Z"}},{"type":"Feature","geometry":{"type":"Point","coordinates":[127.641,35.9951]},"properties":{"ref":"HL/JB-173","name":"HL/JB-173","name_kanji":null,"alt_m":420,"points":1,"region_code":"JB","region_name":"Jeonbuk","activations":1,"last_activation":"2025-04-25T00:00:00Z"}},{"type":"Feature","geometry":{"type":"Point","coordinates":[127.1582,36.0835]},"properties":{"ref":"HL/JB-174","name":"옥녀봉 (Ongnyeobong)","name_kanji":null,"alt_m":412,"points":1,"region_code":"JB","region_name":"Jeonbuk","activations":1,"last_activation":"2025-01-01T00:00:00Z"}},{"type":"Feature","geometry":{"type":"Point","coordinates":[127.3847,35.5388]},"properties":{"ref":"HL/JB-175","name":"성산 (Seongsan)","name_kanji":null,"alt_m":410,"points":1,"region_code":"JB","region_name":"Jeonbuk","activations":1,"last_activation":"2022-11-08T00:00:00Z"}},{"type":"Feature","geometry":{"type":"Point","coordinates":[126.508,35.6079]},"properties":{"ref":"HL/JB-176","name":"갑남산 (Gapnamsan)","name_kanji":null,"alt_m":409,"points":1,"region_code":"JB","region_name":"Jeonbuk","activations":0,"last_activation":null}},{"type":"Feature","geometry":{"type":"Point","coordinates":[126.6561,35.486]},"properties":{"ref":"HL/JB-177","name":"화실봉 (Hwasilbong)","name_kanji":null,"alt_m":403,"points":1,"region_code":"JB","region_name":"Jeonbuk","activations":0,"last_activation":null}},{"type":"Feature","geometry":{"type":"Point","coordinates":[127.1614,35.4014]},"properties":{"ref":"HL/JB-178","name":"건지산 (Geonjisan)","name_kanji":null,"alt_m":401,"points":1,"region_code":"JB","region_name":"Jeonbuk","activations":1,"last_activation":"2022-05-29T00:00:00Z"}},{"type":"Feature","geometry":{"type":"Point","coordinates":[127.2429,36.0599]},"properties":{"ref":"HL/JB-179","name":"HL/JB-179","name_kanji":null,"alt_m":400,"points":1,"region_code":"JB","region_name":"Jeonbuk","activations":2,"last_activation":"2025-11-01T00:00:00Z"}},{"type":"Feature","geometry":{"type":"Point","coordinates":[127.1695,36.0105]},"properties":{"ref":"HL/JB-180","name":"성뫼산 (Seongmoesan)","name_kanji":null,"alt_m":394,"points":1,"region_code":"JB","region_name":"Jeonbuk","activations":1,"last_activation":"2024-11-16T00:00:00Z"}},{"type":"Feature","geometry":{"type":"Point","coordinates":[127.0865,35.5761]},"properties":{"ref":"HL/JB-181","name":"성옥산 (Seongoksan)","name_kanji":null,"alt_m":388,"points":1,"region_code":"JB","region_name":"Jeonbuk","activations":1,"last_activation":"2022-05-28T00:00:00Z"}},{"type":"Feature","geometry":{"type":"Point","coordinates":[127.1259,35.4117]},"properties":{"ref":"HL/JB-182","name":"HL/JB-182","name_kanji":null,"alt_m":380,"points":1,"region_code":"JB","region_name":"Jeonbuk","activations":1,"last_activation":"2023-06-21T00:00:00Z"}},{"type":"Feature","geometry":{"type":"Point","coordinates":[127.2015,36.0433]},"properties":{"ref":"HL/JB-183","name":"고성산 (Goseongsan)","name_kanji":null,"alt_m":373,"points":1,"region_code":"JB","region_name":"Jeonbuk","activations":1,"last_activation":"2024-01-13T00:00:00Z"}},{"type":"Feature","geometry":{"type":"Point","coordinates":[127.1527,35.9724]},"properties":{"ref":"HL/JB-184","name":"봉실산 (Bongsilsan)","name_kanji":null,"alt_m":373,"points":1,"region_code":"JB","region_name":"Jeonbuk","activations":6,"last_activation":"2024-04-02T00:00:00Z"}},{"type":"Feature","geometry":{"type":"Point","coordinates":[127.2884,36.1004]},"properties":{"ref":"HL/JB-185","name":"시루봉 (Sirubong)","name_kanji":null,"alt_m":367,"points":1,"region_code":"JB","region_name":"Jeonbuk","activations":1,"last_activation":"2025-05-24T00:00:00Z"}},{"type":"Feature","geometry":{"type":"Point","coordinates":[127.2384,35.4199]},"properties":{"ref":"HL/JB-186","name":"책여산 (Chaekyeosan)","name_kanji":null,"alt_m":360,"points":1,"region_code":"JB","region_name":"Jeonbuk","activations":7,"last_activation":"2026-02-21T00:00:00Z"}},{"type":"Feature","geometry":{"type":"Point","coordinates":[127.0009,35.412]},"properties":{"ref":"HL/JB-187","name":"과녁바위산 (Gwanyeokbawisan)","name_kanji":null,"alt_m":360,"points":1,"region_code":"JB","region_name":"Jeonbuk","activations":4,"last_activation":"2025-08-31T00:00:00Z"}},{"type":"Feature","geometry":{"type":"Point","coordinates":[126.6467,35.638]},"properties":{"ref":"HL/JB-188","name":"HL/JB-188","name_kanji":null,"alt_m":353,"points":1,"region_code":"JB","region_name":"Jeonbuk","activations":1,"last_activation":"2014-11-29T00:00:00Z"}},{"type":"Feature","geometry":{"type":"Point","coordinates":[126.6367,35.5168]},"properties":{"ref":"HL/JB-189","name":"사자봉 (Sajabong)","name_kanji":null,"alt_m":340,"points":1,"region_code":"JB","region_name":"Jeonbuk","activations":0,"last_activation":null}},{"type":"Feature","geometry":{"type":"Point","coordinates":[126.6009,35.6581]},"properties":{"ref":"HL/JB-190","name":"HL/JB-190","name_kanji":null,"alt_m":338,"points":1,"region_code":"JB","region_name":"Jeonbuk","activations":0,"last_activation":null}},{"type":"Feature","geometry":{"type":"Point","coordinates":[126.5476,35.664]},"properties":{"ref":"HL/JB-191","name":"흑남봉 (Heuknambong)","name_kanji":null,"alt_m":320,"points":1,"region_code":"JB","region_name":"Jeonbuk","activations":0,"last_activation":null}},{"type":"Feature","geometry":{"type":"Point","coordinates":[127.0665,36.0223]},"properties":{"ref":"HL/JB-192","name":"용리산 (Yongnisan)","name_kanji":null,"alt_m":342,"points":1,"region_code":"JB","region_name":"Jeonbuk","activations":3,"last_activation":"2017-10-20T00:00:00Z"}},{"type":"Feature","geometry":{"type":"Point","coordinates":[126.586,35.4919]},"properties":{"ref":"HL/JB-193","name":"구황봉 (Guhwangbong)","name_kanji":null,"alt_m":299,"points":1,"region_code":"JB","region_name":"Jeonbuk","activations":0,"last_activation":null}},{"type":"Feature","geometry":{"type":"Point","coordinates":[126.526,35.4345]},"properties":{"ref":"HL/JB-194","name":"송림산 (Songnimsan)","name_kanji":null,"alt_m":295,"points":1,"region_code":"JB","region_name":"Jeonbuk","activations":1,"last_activation":"2024-11-24T00:00:00Z"}},{"type":"Feature","geometry":{"type":"Point","coordinates":[126.856,35.5484]},"properties":{"ref":"HL/JB-195","name":"HL/JB-195","name_kanji":null,"alt_m":293,"points":1,"region_code":"JB","region_name":"Jeonbuk","activations":1,"last_activation":"2022-05-30T00:00:00Z"}},{"type":"Feature","geometry":{"type":"Point","coordinates":[126.6393,35.7343]},"properties":{"ref":"HL/JB-196","name":"석불산 (Seokbulsan)","name_kanji":null,"alt_m":288,"points":1,"region_code":"JB","region_name":"Jeonbuk","activations":4,"last_activation":"2024-10-13T00:00:00Z"}},{"type":"Feature","geometry":{"type":"Point","coordinates":[126.5308,35.4898]},"properties":{"ref":"HL/JB-197","name":"활뫼 (Hwalmoe)","name_kanji":null,"alt_m":276,"points":1,"region_code":"JB","region_name":"Jeonbuk","activations":1,"last_activation":"2024-11-24T00:00:00Z"}},{"type":"Feature","geometry":{"type":"Point","coordinates":[126.3036,35.6059]},"properties":{"ref":"HL/JB-198","name":"망월봉 (Mangwolbong)","name_kanji":null,"alt_m":255,"points":1,"region_code":"JB","region_name":"Jeonbuk","activations":1,"last_activation":"2019-05-04T00:00:00Z"}},{"type":"Feature","geometry":{"type":"Point","coordinates":[126.6326,35.7896]},"properties":{"ref":"HL/JB-199","name":"개화산 (Gaehwasan)","name_kanji":null,"alt_m":246,"points":1,"region_code":"JB","region_name":"Jeonbuk","activations":5,"last_activation":"2024-03-23T00:00:00Z"}},{"type":"Feature","geometry":{"type":"Point","coordinates":[126.2786,35.5861]},"properties":{"ref":"HL/JB-200","name":"망금봉 (Manggeumbong)","name_kanji":null,"alt_m":242,"points":1,"region_code":"JB","region_name":"Jeonbuk","activations":0,"last_activation":null}},{"type":"Feature","geometry":{"type":"Point","coordinates":[126.9006,36.0658]},"properties":{"ref":"HL/JB-201","name":"함라산 (Hamnasan)","name_kanji":null,"alt_m":241,"points":1,"region_code":"JB","region_name":"Jeonbuk","activations":11,"last_activation":"2025-08-31T00:00:00Z"}},{"type":"Feature","geometry":{"type":"Point","coordinates":[126.7994,35.5411]},"properties":{"ref":"HL/JB-202","name":"국사봉 (Guksabong)","name_kanji":null,"alt_m":240,"points":1,"region_code":"JB","region_name":"Jeonbuk","activations":1,"last_activation":"2022-06-13T00:00:00Z"}},{"type":"Feature","geometry":{"type":"Point","coordinates":[126.6913,35.6502]},"properties":{"ref":"HL/JB-203","name":"주산 (Jusan)","name_kanji":null,"alt_m":231,"points":1,"region_code":"JB","region_name":"Jeonbuk","activations":0,"last_activation":null}},{"type":"Feature","geometry":{"type":"Point","coordinates":[126.8442,36.0206]},"properties":{"ref":"HL/JB-204","name":"망해산 (Manghaesan)","name_kanji":null,"alt_m":230,"points":1,"region_code":"JB","region_name":"Jeonbuk","activations":17,"last_activation":"2026-01-09T00:00:00Z"}},{"type":"Feature","geometry":{"type":"Point","coordinates":[126.511,35.481]},"properties":{"ref":"HL/JB-205","name":"조지산 (Jojisan)","name_kanji":null,"alt_m":225,"points":1,"region_code":"JB","region_name":"Jeonbuk","activations":1,"last_activation":"2024-11-24T00:00:00Z"}},{"type":"Feature","geometry":{"type":"Point","coordinates":[126.7845,36.0136]},"properties":{"ref":"HL/JB-206","name":"오성산 (Oseongsan)","name_kanji":null,"alt_m":224,"points":1,"region_code":"JB","region_name":"Jeonbuk","activations":30,"last_activation":"2026-03-22T00:00:00Z"}},{"type":"Feature","geometry":{"type":"Point","coordinates":[126.116,35.6427]},"properties":{"ref":"HL/JB-207","name":"하왕등 (Hawangdeung)","name_kanji":null,"alt_m":200,"points":1,"region_code":"JB","region_name":"Jeonbuk","activations":0,"last_activation":null}},{"type":"Feature","geometry":{"type":"Point","coordinates":[126.4713,35.8154]},"properties":{"ref":"HL/JB-208","name":"새만금봉 (Saemangeumbong)","name_kanji":null,"alt_m":199,"points":1,"region_code":"JB","region_name":"Jeonbuk","activations":7,"last_activation":"2024-11-03T00:00:00Z"}},{"type":"Feature","geometry":{"type":"Point","coordinates":[126.4493,35.7433]},"properties":{"ref":"HL/JB-209","name":"노비봉 (Nobibong)","name_kanji":null,"alt_m":191,"points":1,"region_code":"JB","region_name":"Jeonbuk","activations":0,"last_activation":null}},{"type":"Feature","geometry":{"type":"Point","coordinates":[126.435,36.0814]},"properties":{"ref":"HL/JB-210","name":"대봉산 (Daebongsan)","name_kanji":null,"alt_m":188,"points":1,"region_code":"JB","region_name":"Jeonbuk","activations":0,"last_activation":null}},{"type":"Feature","geometry":{"type":"Point","coordinates":[125.9736,36.121]},"properties":{"ref":"HL/JB-211","name":"공치산 (Gongchisan)","name_kanji":null,"alt_m":173,"points":1,"region_code":"JB","region_name":"Jeonbuk","activations":3,"last_activation":"2022-10-29T00:00:00Z"}},{"type":"Feature","geometry":{"type":"Point","coordinates":[126.4547,35.8254]},"properties":{"ref":"HL/JB-212","name":"대각산 (Daegaksan)","name_kanji":null,"alt_m":188,"points":1,"region_code":"JB","region_name":"Jeonbuk","activations":9,"last_activation":"2025-05-17T00:00:00Z"}},{"type":"Feature","geometry":{"type":"Point","coordinates":[126.4667,35.6139]},"properties":{"ref":"HL/JB-213","name":"봉화봉 (Bonghwabong)","name_kanji":null,"alt_m":172,"points":1,"region_code":"JB","region_name":"Jeonbuk","activations":1,"last_activation":"2021-11-28T00:00:00Z"}},{"type":"Feature","geometry":{"type":"Point","coordinates":[126.49,35.8451]},"properties":{"ref":"HL/JB-214","name":"당산 (Dangsan)","name_kanji":null,"alt_m":160,"points":1,"region_code":"JB","region_name":"Jeonbuk","activations":4,"last_activation":"2020-10-01T00:00:00Z"}},{"type":"Feature","geometry":{"type":"Point","coordinates":[126.4075,35.8299]},"properties":{"ref":"HL/JB-215","name":"남악산 (Namaksan)","name_kanji":null,"alt_m":156,"points":1,"region_code":"JB","region_name":"Jeonbuk","activations":7,"last_activation":"2025-10-08T00:00:00Z"}},{"type":"Feature","geometry":{"type":"Point","coordinates":[126.5296,33.3614]},"properties":{"ref":"HL/JJ-001","name":"한라산 (Hallasan)","name_kanji":null,"alt_m":1950,"points":10,"region_code":"JJ","region_name":"Jeju","activations":15,"last_activation":"2025-11-13T00:00:00Z"}},{"type":"Feature","geometry":{"type":"Point","coordinates":[126.489,33.3967]},"properties":{"ref":"HL/JJ-002","name":"어승생악 (Eoseungsaengak)","name_kanji":null,"alt_m":1172,"points":8,"region_code":"JJ","region_name":"Jeju","activations":35,"last_activation":"2026-04-10T00:00:00Z"}},{"type":"Feature","geometry":{"type":"Point","coordinates":[126.3132,33.2412]},"properties":{"ref":"HL/JJ-003","name":"산방산 (Sanbangsan)","name_kanji":null,"alt_m":395,"points":1,"region_code":"JJ","region_name":"Jeju","activations":3,"last_activation":"2024-04-11T00:00:00Z"}},{"type":"Feature","geometry":{"type":"Point","coordinates":[126.8219,33.4774]},"properties":{"ref":"HL/JJ-004","name":"월랑봉 (Wollangbong)","name_kanji":null,"alt_m":382,"points":1,"region_code":"JJ","region_name":"Jeju","activations":13,"last_activation":"2026-02-20T00:00:00Z"}},{"type":"Feature","geometry":{"type":"Point","coordinates":[126.3699,33.2535]},"properties":{"ref":"HL/JJ-005","name":"군산 (Gunsan)","name_kanji":null,"alt_m":320,"points":1,"region_code":"JJ","region_name":"Jeju","activations":10,"last_activation":"2026-02-20T00:00:00Z"}},{"type":"Feature","geometry":{"type":"Point","coordinates":[127.5323,35.2944]},"properties":{"ref":"HL/JN-001","name":"노고단 (Nogodan)","name_kanji":null,"alt_m":1502,"points":10,"region_code":"JN","region_name":"Jeonnam","activations":82,"last_activation":"2026-03-21T00:00:00Z"}},{"type":"Feature","geometry":{"type":"Point","coordinates":[127.622,35.1063]},"properties":{"ref":"HL/JN-002","name":"백운산 (Baegunsan)","name_kanji":null,"alt_m":1217,"points":10,"region_code":"JN","region_name":"Jeonnam","activations":31,"last_activation":"2026-01-18T00:00:00Z"}},{"type":"Feature","geometry":{"type":"Point","coordinates":[127.5579,35.2411]},"properties":{"ref":"HL/JN-003","name":"왕시리봉 (Wangsiribong)","name_kanji":null,"alt_m":1212,"points":10,"region_code":"JN","region_name":"Jeonnam","activations":1,"last_activation":"2019-05-10T00:00:00Z"}},{"type":"Feature","geometry":{"type":"Point","coordinates":[127.5934,35.1214]},"properties":{"ref":"HL/JN-004","name":"따리봉 (Ttaribong)","name_kanji":null,"alt_m":1127,"points":8,"region_code":"JN","region_name":"Jeonnam","activations":20,"last_activation":"2026-01-18T00:00:00Z"}},{"type":"Feature","geometry":{"type":"Point","coordinates":[127.5766,35.1133]},"properties":{"ref":"HL/JN-005","name":"도솔봉 (Dosolbong)","name_kanji":null,"alt_m":1123,"points":8,"region_code":"JN","region_name":"Jeonnam","activations":22,"last_activation":"2026-01-18T00:00:00Z"}},{"type":"Feature","geometry":{"type":"Point","coordinates":[127.6138,35.2415]},"properties":{"ref":"HL/JN-006","name":"황장산 (Hwangjangsan)","name_kanji":null,"alt_m":942,"points":6,"region_code":"JN","region_name":"Jeonnam","activations":3,"last_activation":"2025-05-18T00:00:00Z"}},{"type":"Feature","geometry":{"type":"Point","coordinates":[127.1831,35.0351]},"properties":{"ref":"HL/JN-007","name":"모후산 (Mohusan)","name_kanji":null,"alt_m":920,"points":6,"region_code":"JN","region_name":"Jeonnam","activations":24,"last_activation":"2026-03-21T00:00:00Z"}},{"type":"Feature","geometry":{"type":"Point","coordinates":[127.3136,35.0015]},"properties":{"ref":"HL/JN-008","name":"조계산 (Jogyesan)","name_kanji":null,"alt_m":884,"points":6,"region_code":"JN","region_name":"Jeonnam","activations":20,"last_activation":"2025-02-02T00:00:00Z"}},{"type":"Feature","geometry":{"type":"Point","coordinates":[126.8864,35.3254]},"properties":{"ref":"HL/JN-009","name":"병풍산 (Byeongpungsan)","name_kanji":null,"alt_m":822,"points":6,"region_code":"JN","region_name":"Jeonnam","activations":28,"last_activation":"2026-02-21T00:00:00Z"}},{"type":"Feature","geometry":{"type":"Point","coordinates":[127.1615,35.1719]},"properties":{"ref":"HL/JN-010","name":"백아산 (Baegasan)","name_kanji":null,"alt_m":810,"points":6,"region_code":"JN","region_name":"Jeonnam","activations":16,"last_activation":"2025-03-11T00:00:00Z"}},{"type":"Feature","geometry":{"type":"Point","coordinates":[126.7043,34.7669]},"properties":{"ref":"HL/JN-011","name":"월출산 (Wolchulsan)","name_kanji":null,"alt_m":810,"points":6,"region_code":"JN","region_name":"Jeonnam","activations":32,"last_activation":"2026-03-15T00:00:00Z"}},{"type":"Feature","geometry":{"type":"Point","coordinates":[126.9756,34.7104]},"properties":{"ref":"HL/JN-012","name":"제암산 (Jeamsan)","name_kanji":null,"alt_m":779,"points":4,"region_code":"JN","region_name":"Jeonnam","activations":4,"last_activation":"2026-02-22T00:00:00Z"}},{"type":"Feature","geometry":{"type":"Point","coordinates":[127.2619,35.2059]},"properties":{"ref":"HL/JN-013","name":"통명산 (Tongmyeongsan)","name_kanji":null,"alt_m":765,"points":4,"region_code":"JN","region_name":"Jeonnam","activations":5,"last_activation":"2025-04-20T00:00:00Z"}},{"type":"Feature","geometry":{"type":"Point","coordinates":[127.4001,35.1386]},"properties":{"ref":"HL/JN-014","name":"봉두산 (Bongdusan)","name_kanji":null,"alt_m":754,"points":4,"region_code":"JN","region_name":"Jeonnam","activations":3,"last_activation":"2026-02-14T00:00:00Z"}},{"type":"Feature","geometry":{"type":"Point","coordinates":[127.2402,35.2613]},"properties":{"ref":"HL/JN-015","name":"대장봉 (Daejangbong)","name_kanji":null,"alt_m":745,"points":4,"region_code":"JN","region_name":"Jeonnam","activations":3,"last_activation":"2025-08-15T00:00:00Z"}},{"type":"Feature","geometry":{"type":"Point","coordinates":[127.338,35.0821]},"properties":{"ref":"HL/JN-016","name":"닭봉 (Dakbong)","name_kanji":null,"alt_m":744,"points":4,"region_code":"JN","region_name":"Jeonnam","activations":1,"last_activation":"2024-11-24T00:00:00Z"}},{"type":"Feature","geometry":{"type":"Point","coordinates":[127.2502,35.2846]},"properties":{"ref":"HL/JN-017","name":"동악산 (Dongaksan)","name_kanji":null,"alt_m":735,"points":4,"region_code":"JN","region_name":"Jeonnam","activations":9,"last_activation":"2025-08-15T00:00:00Z"}},{"type":"Feature","geometry":{"type":"Point","coordinates":[126.9152,34.5335]},"properties":{"ref":"HL/JN-018","name":"천관산 (Cheongwansan)","name_kanji":null,"alt_m":723,"points":4,"region_code":"JN","region_name":"Jeonnam","activations":21,"last_activation":"2026-03-15T00:00:00Z"}},{"type":"Feature","geometry":{"type":"Point","coordinates":[127.325,35.2329]},"properties":{"ref":"HL/JN-019","name":"곤방산 (Gonbangsan)","name_kanji":null,"alt_m":715,"points":4,"region_code":"JN","region_name":"Jeonnam","activations":2,"last_activation":"2025-03-02T00:00:00Z"}},{"type":"Feature","geometry":{"type":"Point","coordinates":[127.2319,34.8559]},"properties":{"ref":"HL/JN-020","name":"존제산 (Jonjesan)","name_kanji":null,"alt_m":712,"points":4,"region_code":"JN","region_name":"Jeonnam","activations":3,"last_activation":"2025-01-19T00:00:00Z"}},{"type":"Feature","geometry":{"type":"Point","coordinates":[127.5213,35.1585]},"properties":{"ref":"HL/JN-021","name":"계죽산 (Gyejuksan)","name_kanji":null,"alt_m":703,"points":4,"region_code":"JN","region_name":"Jeonnam","activations":1,"last_activation":"2023-08-11T00:00:00Z"}},{"type":"Feature","geometry":{"type":"Point","coordinates":[126.8627,35.3004]},"properties":{"ref":"HL/JN-022","name":"불태봉 (Bultaebong)","name_kanji":null,"alt_m":700,"points":4,"region_code":"JN","region_name":"Jeonnam","activations":7,"last_activation":"2026-02-22T00:00:00Z"}},{"type":"Feature","geometry":{"type":"Point","coordinates":[126.6378,34.4718]},"properties":{"ref":"HL/JN-024","name":"두륜산 (Duryunsan)","name_kanji":null,"alt_m":700,"points":4,"region_code":"JN","region_name":"Jeonnam","activations":8,"last_activation":"2026-03-07T00:00:00Z"}},{"type":"Feature","geometry":{"type":"Point","coordinates":[127.4066,35.2246]},"properties":{"ref":"HL/JN-025","name":"친왕봉 (Chinwangbong)","name_kanji":null,"alt_m":695,"points":4,"region_code":"JN","region_name":"Jeonnam","activations":1,"last_activation":"2018-07-21T00:00:00Z"}},{"type":"Feature","geometry":{"type":"Point","coordinates":[127.4858,35.1483]},"properties":{"ref":"HL/JN-026","name":"둥지리봉 (Dungjiribong)","name_kanji":null,"alt_m":690,"points":4,"region_code":"JN","region_name":"Jeonnam","activations":3,"last_activation":"2026-02-13T00:00:00Z"}},{"type":"Feature","geometry":{"type":"Point","coordinates":[127.501,35.0824]},"properties":{"ref":"HL/JN-027","name":"갓거리봉 (Gatgeoribong)","name_kanji":null,"alt_m":688,"points":4,"region_code":"JN","region_name":"Jeonnam","activations":4,"last_activation":"2026-03-22T00:00:00Z"}},{"type":"Feature","geometry":{"type":"Point","coordinates":[127.3814,35.0605]},"properties":{"ref":"HL/JN-028","name":"문유산 (Munyusan)","name_kanji":null,"alt_m":688,"points":4,"region_code":"JN","region_name":"Jeonnam","activations":3,"last_activation":"2026-03-29T00:00:00Z"}},{"type":"Feature","geometry":{"type":"Point","coordinates":[127.0643,35.0901]},"properties":{"ref":"HL/JN-029","name":"오산 (Osan)","name_kanji":null,"alt_m":687,"points":4,"region_code":"JN","region_name":"Jeonnam","activations":5,"last_activation":"2025-04-30T00:00:00Z"}},{"type":"Feature","geometry":{"type":"Point","coordinates":[126.8595,35.3227]},"properties":{"ref":"HL/JN-030","name":"병봉산 (Byeongbongsan)","name_kanji":null,"alt_m":685,"points":4,"region_code":"JN","region_name":"Jeonnam","activations":12,"last_activation":"2026-02-22T00:00:00Z"}},{"type":"Feature","geometry":{"type":"Point","coordinates":[127.2175,35.1769]},"properties":{"ref":"HL/JN-031","name":"국사봉 (Guksabong)","name_kanji":null,"alt_m":684,"points":4,"region_code":"JN","region_name":"Jeonnam","activations":2,"last_activation":"2025-04-20T00:00:00Z"}},{"type":"Feature","geometry":{"type":"Point","coordinates":[126.6201,34.4518]},"properties":{"ref":"HL/JN-032","name":"대둔산 (Daedunsan)","name_kanji":null,"alt_m":673,"points":4,"region_code":"JN","region_name":"Jeonnam","activations":3,"last_activation":"2026-03-08T00:00:00Z"}},{"type":"Feature","geometry":{"type":"Point","coordinates":[127.3506,34.925]},"properties":{"ref":"HL/JN-033","name":"금전산 (Geumjeonsan)","name_kanji":null,"alt_m":668,"points":4,"region_code":"JN","region_name":"Jeonnam","activations":5,"last_activation":"2026-02-07T00:00:00Z"}},{"type":"Feature","geometry":{"type":"Point","coordinates":[126.9928,35.0935]},"properties":{"ref":"HL/JN-034","name":"만연산 (Manyeonsan)","name_kanji":null,"alt_m":666,"points":4,"region_code":"JN","region_name":"Jeonnam","activations":43,"last_activation":"2025-09-27T00:00:00Z"}},{"type":"Feature","geometry":{"type":"Point","coordinates":[127.022,34.6767]},"properties":{"ref":"HL/JN-035","name":"일림산 (Illimsan)","name_kanji":null,"alt_m":664,"points":4,"region_code":"JN","region_name":"Jeonnam","activations":3,"last_activation":"2026-02-22T00:00:00Z"}},{"type":"Feature","geometry":{"type":"Point","coordinates":[126.6332,34.676]},"properties":{"ref":"HL/JN-036","name":"흑석산 (Heukseoksan)","name_kanji":null,"alt_m":653,"points":4,"region_code":"JN","region_name":"Jeonnam","activations":2,"last_activation":"2026-03-08T00:00:00Z"}},{"type":"Feature","geometry":{"type":"Point","coordinates":[127.2235,34.9406]},"properties":{"ref":"HL/JN-037","name":"망일봉 (Mangilbong)","name_kanji":null,"alt_m":652,"points":4,"region_code":"JN","region_name":"Jeonnam","activations":2,"last_activation":"2025-12-14T00:00:00Z"}},{"type":"Feature","geometry":{"type":"Point","coordinates":[127.5046,35.1245]},"properties":{"ref":"HL/JN-038","name":"천황봉 (Cheonhwangbong)","name_kanji":null,"alt_m":652,"points":4,"region_code":"JN","region_name":"Jeonnam","activations":1,"last_activation":"2023-08-04T00:00:00Z"}},{"type":"Feature","geometry":{"type":"Point","coordinates":[126.8133,35.4688]},"properties":{"ref":"HL/JN-039","name":"시루봉 (Sirubong)","name_kanji":null,"alt_m":649,"points":2,"region_code":"JN","region_name":"Jeonnam","activations":1,"last_activation":"2023-05-12T00:00:00Z"}},{"type":"Feature","geometry":{"type":"Point","coordinates":[127.2178,35.1301]},"properties":{"ref":"HL/JN-040","name":"한동산 (Handongsan)","name_kanji":null,"alt_m":648,"points":2,"region_code":"JN","region_name":"Jeonnam","activations":1,"last_activation":"2025-02-15T00:00:00Z"}},{"type":"Feature","geometry":{"type":"Point","coordinates":[127.1745,35.132]},"properties":{"ref":"HL/JN-041","name":"HL/JN-041","name_kanji":null,"alt_m":648,"points":2,"region_code":"JN","region_name":"Jeonnam","activations":1,"last_activation":"2025-02-22T00:00:00Z"}},{"type":"Feature","geometry":{"type":"Point","coordinates":[126.6926,34.3488]},"properties":{"ref":"HL/JN-042","name":"상황봉 (Sanghwangbong)","name_kanji":null,"alt_m":645,"points":2,"region_code":"JN","region_name":"Jeonnam","activations":4,"last_activation":"2026-02-22T00:00:00Z"}},{"type":"Feature","geometry":{"type":"Point","coordinates":[125.1082,34.0757]},"properties":{"ref":"HL/JN-043","name":"독실산 (Doksilsan)","name_kanji":null,"alt_m":639,"points":2,"region_code":"JN","region_name":"Jeonnam","activations":1,"last_activation":"2026-01-17T00:00:00Z"}},{"type":"Feature","geometry":{"type":"Point","coordinates":[126.6336,34.4819]},"properties":{"ref":"HL/JN-044","name":"노성산 (Noseongsan)","name_kanji":null,"alt_m":636,"points":2,"region_code":"JN","region_name":"Jeonnam","activations":4,"last_activation":"2026-03-07T00:00:00Z"}},{"type":"Feature","geometry":{"type":"Point","coordinates":[127.2885,35.0264]},"properties":{"ref":"HL/JN-045","name":"등계산 (Deunggyesan)","name_kanji":null,"alt_m":634,"points":2,"region_code":"JN","region_name":"Jeonnam","activations":1,"last_activation":"2025-01-26T00:00:00Z"}},{"type":"Feature","geometry":{"type":"Point","coordinates":[127.0741,34.9277]},"properties":{"ref":"HL/JN-046","name":"두봉산 (Dubongsan)","name_kanji":null,"alt_m":631,"points":2,"region_code":"JN","region_name":"Jeonnam","activations":1,"last_activation":"2024-11-16T00:00:00Z"}},{"type":"Feature","geometry":{"type":"Point","coordinates":[127.0392,35.0825]},"properties":{"ref":"HL/JN-047","name":"HL/JN-047","name_kanji":null,"alt_m":623,"points":2,"region_code":"JN","region_name":"Jeonnam","activations":10,"last_activation":"2025-03-08T00:00:00Z"}},{"type":"Feature","geometry":{"type":"Point","coordinates":[127.4093,35.0491]},"properties":{"ref":"HL/JN-048","name":"바랑산 (Barangsan)","name_kanji":null,"alt_m":619,"points":2,"region_code":"JN","region_name":"Jeonnam","activations":2,"last_activation":"2025-01-04T00:00:00Z"}},{"type":"Feature","geometry":{"type":"Point","coordinates":[126.9198,34.8625]},"properties":{"ref":"HL/JN-049","name":"화학산 (Hwahaksan)","name_kanji":null,"alt_m":615,"points":2,"region_code":"JN","region_name":"Jeonnam","activations":4,"last_activation":"2024-05-06T00:00:00Z"}},{"type":"Feature","geometry":{"type":"Point","coordinates":[126.807,34.8294]},"properties":{"ref":"HL/JN-050","name":"국사봉 (Guksabong)","name_kanji":null,"alt_m":615,"points":2,"region_code":"JN","region_name":"Jeonnam","activations":1,"last_activation":"2025-01-25T00:00:00Z"}},{"type":"Feature","geometry":{"type":"Point","coordinates":[127.1328,34.9476]},"properties":{"ref":"HL/JN-051","name":"천봉산 (Cheonbongsan)","name_kanji":null,"alt_m":612,"points":2,"region_code":"JN","region_name":"Jeonnam","activations":1,"last_activation":"2025-01-19T00:00:00Z"}},{"type":"Feature","geometry":{"type":"Point","coordinates":[126.8735,34.5939]},"properties":{"ref":"HL/JN-052","name":"부용산 (Buyongsan)","name_kanji":null,"alt_m":611,"points":2,"region_code":"JN","region_name":"Jeonnam","activations":1,"last_activation":"2025-01-12T00:00:00Z"}},{"type":"Feature","geometry":{"type":"Point","coordinates":[127.437,34.6175]},"properties":{"ref":"HL/JN-053","name":"팔영산 (Paryeongsan)","name_kanji":null,"alt_m":607,"points":2,"region_code":"JN","region_name":"Jeonnam","activations":12,"last_activation":"2026-02-20T00:00:00Z"}},{"type":"Feature","geometry":{"type":"Point","coordinates":[127.3144,35.0394]},"properties":{"ref":"HL/JN-054","name":"오성산 (Oseongsan)","name_kanji":null,"alt_m":606,"points":2,"region_code":"JN","region_name":"Jeonnam","activations":2,"last_activation":"2025-04-20T00:00:00Z"}},{"type":"Feature","geometry":{"type":"Point","coordinates":[127.0092,35.081]},"properties":{"ref":"HL/JN-055","name":"대동산 (Daedongsan)","name_kanji":null,"alt_m":602,"points":2,"region_code":"JN","region_name":"Jeonnam","activations":51,"last_activation":"2026-04-04T00:00:00Z"}},{"type":"Feature","geometry":{"type":"Point","coordinates":[127.0478,34.9982]},"properties":{"ref":"HL/JN-056","name":"천운산 (Cheonunsan)","name_kanji":null,"alt_m":602,"points":2,"region_code":"JN","region_name":"Jeonnam","activations":2,"last_activation":"2024-05-24T00:00:00Z"}},{"type":"Feature","geometry":{"type":"Point","coordinates":[126.6847,34.3652]},"properties":{"ref":"HL/JN-057","name":"백운산 (Baegunsan)","name_kanji":null,"alt_m":601,"points":2,"region_code":"JN","region_name":"Jeonnam","activations":4,"last_activation":"2026-02-22T00:00:00Z"}},{"type":"Feature","geometry":{"type":"Point","coordinates":[127.4284,34.9993]},"properties":{"ref":"HL/JN-058","name":"HL/JN-058","name_kanji":null,"alt_m":600,"points":2,"region_code":"JN","region_name":"Jeonnam","activations":1,"last_activation":"2025-01-26T00:00:00Z"}},{"type":"Feature","geometry":{"type":"Point","coordinates":[127.1833,35.0993]},"properties":{"ref":"HL/JN-059","name":"밤실산 (Bamsilsan)","name_kanji":null,"alt_m":598,"points":2,"region_code":"JN","region_name":"Jeonnam","activations":2,"last_activation":"2025-02-22T00:00:00Z"}},{"type":"Feature","geometry":{"type":"Point","coordinates":[126.6095,35.2709]},"properties":{"ref":"HL/JN-060","name":"태청산 (Taecheongsan)","name_kanji":null,"alt_m":593,"points":2,"region_code":"JN","region_name":"Jeonnam","activations":9,"last_activation":"2025-03-13T00:00:00Z"}},{"type":"Feature","geometry":{"type":"Point","coordinates":[127.1799,34.4639]},"properties":{"ref":"HL/JN-061","name":"적대봉 (Jeokdaebong)","name_kanji":null,"alt_m":592,"points":2,"region_code":"JN","region_name":"Jeonnam","activations":4,"last_activation":"2025-05-31T00:00:00Z"}},{"type":"Feature","geometry":{"type":"Point","coordinates":[127.0701,35.2119]},"properties":{"ref":"HL/JN-062","name":"수양산 (Suyangsan)","name_kanji":null,"alt_m":591,"points":2,"region_code":"JN","region_name":"Jeonnam","activations":9,"last_activation":"2026-01-21T00:00:00Z"}},{"type":"Feature","geometry":{"type":"Point","coordinates":[127.3718,34.9063]},"properties":{"ref":"HL/JN-063","name":"오봉산 (Obongsan)","name_kanji":null,"alt_m":589,"points":2,"region_code":"JN","region_name":"Jeonnam","activations":2,"last_activation":"2026-02-07T00:00:00Z"}},{"type":"Feature","geometry":{"type":"Point","coordinates":[127.1478,35.2137]},"properties":{"ref":"HL/JN-064","name":"작산 (Jaksan)","name_kanji":null,"alt_m":588,"points":2,"region_code":"JN","region_name":"Jeonnam","activations":1,"last_activation":"2023-03-17T00:00:00Z"}},{"type":"Feature","geometry":{"type":"Point","coordinates":[127.2779,35.0958]},"properties":{"ref":"HL/JN-065","name":"아미산 (Amisan)","name_kanji":null,"alt_m":583,"points":2,"region_code":"JN","region_name":"Jeonnam","activations":5,"last_activation":"2025-01-17T00:00:00Z"}},{"type":"Feature","geometry":{"type":"Point","coordinates":[127.3024,34.9]},"properties":{"ref":"HL/JN-066","name":"백이산 (Baegisan)","name_kanji":null,"alt_m":582,"points":2,"region_code":"JN","region_name":"Jeonnam","activations":2,"last_activation":"2026-02-08T00:00:00Z"}},{"type":"Feature","geometry":{"type":"Point","coordinates":[127.0862,34.8834]},"properties":{"ref":"HL/JN-067","name":"계당산 (Gyedangsan)","name_kanji":null,"alt_m":580,"points":2,"region_code":"JN","region_name":"Jeonnam","activations":2,"last_activation":"2025-05-01T00:00:00Z"}},{"type":"Feature","geometry":{"type":"Point","coordinates":[127.1936,34.8345]},"properties":{"ref":"HL/JN-068","name":"초암산 (Choamsan)","name_kanji":null,"alt_m":576,"points":2,"region_code":"JN","region_name":"Jeonnam","activations":6,"last_activation":"2025-12-14T00:00:00Z"}},{"type":"Feature","geometry":{"type":"Point","coordinates":[127.0611,35.2345]},"properties":{"ref":"HL/JN-069","name":"만덕산 (Mandeoksan)","name_kanji":null,"alt_m":575,"points":2,"region_code":"JN","region_name":"Jeonnam","activations":5,"last_activation":"2026-01-21T00:00:00Z"}},{"type":"Feature","geometry":{"type":"Point","coordinates":[127.1331,35.1163]},"properties":{"ref":"HL/JN-070","name":"옹성산 (Ongseongsan)","name_kanji":null,"alt_m":574,"points":2,"region_code":"JN","region_name":"Jeonnam","activations":4,"last_activation":"2025-02-27T00:00:00Z"}},{"type":"Feature","geometry":{"type":"Point","coordinates":[127.3812,35.1678]},"properties":{"ref":"HL/JN-071","name":"응봉 (Eungbong)","name_kanji":null,"alt_m":571,"points":2,"region_code":"JN","region_name":"Jeonnam","activations":1,"last_activation":"2025-01-18T00:00:00Z"}},{"type":"Feature","geometry":{"type":"Point","coordinates":[127.3752,34.9352]},"properties":{"ref":"HL/JN-072","name":"우산 (Usan)","name_kanji":null,"alt_m":564,"points":2,"region_code":"JN","region_name":"Jeonnam","activations":2,"last_activation":"2026-02-07T00:00:00Z"}},{"type":"Feature","geometry":{"type":"Point","coordinates":[126.8517,34.7211]},"properties":{"ref":"HL/JN-073","name":"수인산 (Suinsan)","name_kanji":null,"alt_m":562,"points":2,"region_code":"JN","region_name":"Jeonnam","activations":1,"last_activation":"2025-01-25T00:00:00Z"}},{"type":"Feature","geometry":{"type":"Point","coordinates":[127.5586,35.0275]},"properties":{"ref":"HL/JN-074","name":"비봉산 (Bibongsan)","name_kanji":null,"alt_m":562,"points":2,"region_code":"JN","region_name":"Jeonnam","activations":2,"last_activation":"2026-02-15T00:00:00Z"}},{"type":"Feature","geometry":{"type":"Point","coordinates":[127.3707,34.872]},"properties":{"ref":"HL/JN-075","name":"제석산 (Jeseoksan)","name_kanji":null,"alt_m":560,"points":2,"region_code":"JN","region_name":"Jeonnam","activations":3,"last_activation":"2026-02-08T00:00:00Z"}},{"type":"Feature","geometry":{"type":"Point","coordinates":[127.0483,35.2117]},"properties":{"ref":"HL/JN-076","name":"국수봉 (Guksubong)","name_kanji":null,"alt_m":558,"points":2,"region_code":"JN","region_name":"Jeonnam","activations":4,"last_activation":"2026-01-20T00:00:00Z"}},{"type":"Feature","geometry":{"type":"Point","coordinates":[127.2792,34.5421]},"properties":{"ref":"HL/JN-077","name":"천등산 (Cheondeungsan)","name_kanji":null,"alt_m":554,"points":2,"region_code":"JN","region_name":"Jeonnam","activations":6,"last_activation":"2026-02-21T00:00:00Z"}},{"type":"Feature","geometry":{"type":"Point","coordinates":[127.0055,34.9578]},"properties":{"ref":"HL/JN-078","name":"용암산 (Yongamsan)","name_kanji":null,"alt_m":547,"points":2,"region_code":"JN","region_name":"Jeonnam","activations":5,"last_activation":"2024-07-03T00:00:00Z"}},{"type":"Feature","geometry":{"type":"Point","coordinates":[126.6946,35.3097]},"properties":{"ref":"HL/JN-079","name":"수련산 (Suryeonsan)","name_kanji":null,"alt_m":541,"points":2,"region_code":"JN","region_name":"Jeonnam","activations":1,"last_activation":"2023-04-21T00:00:00Z"}},{"type":"Feature","geometry":{"type":"Point","coordinates":[127.3951,34.9876]},"properties":{"ref":"HL/JN-080","name":"옥녀봉 (Ongnyeobong)","name_kanji":null,"alt_m":540,"points":2,"region_code":"JN","region_name":"Jeonnam","activations":2,"last_activation":"2026-03-01T00:00:00Z"}},{"type":"Feature","geometry":{"type":"Point","coordinates":[127.2118,34.8124]},"properties":{"ref":"HL/JN-081","name":"조월산 (Jowolsan)","name_kanji":null,"alt_m":540,"points":2,"region_code":"JN","region_name":"Jeonnam","activations":34,"last_activation":"2026-02-21T00:00:00Z"}},{"type":"Feature","geometry":{"type":"Point","coordinates":[127.6976,35.0695]},"properties":{"ref":"HL/JN-082","name":"쫓비산 (Jjotbisan)","name_kanji":null,"alt_m":537,"points":2,"region_code":"JN","region_name":"Jeonnam","activations":3,"last_activation":"2026-02-16T00:00:00Z"}},{"type":"Feature","geometry":{"type":"Point","coordinates":[127.3878,34.5376]},"properties":{"ref":"HL/JN-083","name":"마복산 (Maboksan)","name_kanji":null,"alt_m":535,"points":2,"region_code":"JN","region_name":"Jeonnam","activations":5,"last_activation":"2026-02-21T00:00:00Z"}},{"type":"Feature","geometry":{"type":"Point","coordinates":[126.6088,34.6795]},"properties":{"ref":"HL/JN-084","name":"두억봉 (Dueokbong)","name_kanji":null,"alt_m":529,"points":2,"region_code":"JN","region_name":"Jeonnam","activations":1,"last_activation":"2024-12-05T00:00:00Z"}},{"type":"Feature","geometry":{"type":"Point","coordinates":[126.9027,35.4265]},"properties":{"ref":"HL/JN-085","name":"대각산 (Daegaksan)","name_kanji":null,"alt_m":528,"points":2,"region_code":"JN","region_name":"Jeonnam","activations":1,"last_activation":"2022-09-07T00:00:00Z"}},{"type":"Feature","geometry":{"type":"Point","coordinates":[127.4365,35.0204]},"properties":{"ref":"HL/JN-086","name":"국사봉 (Guksabong)","name_kanji":null,"alt_m":526,"points":2,"region_code":"JN","region_name":"Jeonnam","activations":1,"last_activation":"2025-01-04T00:00:00Z"}},{"type":"Feature","geometry":{"type":"Point","coordinates":[126.7968,34.781]},"properties":{"ref":"HL/JN-087","name":"HL/JN-087","name_kanji":null,"alt_m":525,"points":2,"region_code":"JN","region_name":"Jeonnam","activations":1,"last_activation":"2023-07-28T00:00:00Z"}},{"type":"Feature","geometry":{"type":"Point","coordinates":[126.8585,34.5287]},"properties":{"ref":"HL/JN-088","name":"천태산 (Cheontaesan)","name_kanji":null,"alt_m":524,"points":2,"region_code":"JN","region_name":"Jeonnam","activations":2,"last_activation":"2025-12-25T00:00:00Z"}},{"type":"Feature","geometry":{"type":"Point","coordinates":[126.5647,35.191]},"properties":{"ref":"HL/JN-089","name":"불갑산 (Bulgapsan)","name_kanji":null,"alt_m":518,"points":2,"region_code":"JN","region_name":"Jeonnam","activations":26,"last_activation":"2025-03-15T00:00:00Z"}},{"type":"Feature","geometry":{"type":"Point","coordinates":[126.9375,34.6598]},"properties":{"ref":"HL/JN-090","name":"억불산 (Eokbulsan)","name_kanji":null,"alt_m":518,"points":2,"region_code":"JN","region_name":"Jeonnam","activations":3,"last_activation":"2025-02-08T00:00:00Z"}},{"type":"Feature","geometry":{"type":"Point","coordinates":[127.7161,34.8295]},"properties":{"ref":"HL/JN-091","name":"영취산 (Yeongchwisan)","name_kanji":null,"alt_m":510,"points":2,"region_code":"JN","region_name":"Jeonnam","activations":8,"last_activation":"2025-01-30T00:00:00Z"}},{"type":"Feature","geometry":{"type":"Point","coordinates":[127.0878,35.2419]},"properties":{"ref":"HL/JN-092","name":"연산 (Yeonsan)","name_kanji":null,"alt_m":508,"points":2,"region_code":"JN","region_name":"Jeonnam","activations":4,"last_activation":"2026-01-21T00:00:00Z"}},{"type":"Feature","geometry":{"type":"Point","coordinates":[126.6866,35.3456]},"properties":{"ref":"HL/JN-093","name":"장군봉 (Janggunbong)","name_kanji":null,"alt_m":508,"points":2,"region_code":"JN","region_name":"Jeonnam","activations":1,"last_activation":"2023-04-22T00:00:00Z"}},{"type":"Feature","geometry":{"type":"Point","coordinates":[126.9452,34.8241]},"properties":{"ref":"HL/JN-094","name":"붕미산 (Bungmisan)","name_kanji":null,"alt_m":506,"points":2,"region_code":"JN","region_name":"Jeonnam","activations":1,"last_activation":"2025-01-25T00:00:00Z"}},{"type":"Feature","geometry":{"type":"Point","coordinates":[126.7008,34.6309]},"properties":{"ref":"HL/JN-095","name":"서기산 (Seogisan)","name_kanji":null,"alt_m":500,"points":2,"region_code":"JN","region_name":"Jeonnam","activations":1,"last_activation":"2025-01-25T00:00:00Z"}},{"type":"Feature","geometry":{"type":"Point","coordinates":[127.0428,35.2744]},"properties":{"ref":"HL/JN-096","name":"금산 (Geumsan)","name_kanji":null,"alt_m":500,"points":1,"region_code":"JN","region_name":"Jeonnam","activations":9,"last_activation":"2026-02-22T00:00:00Z"}},{"type":"Feature","geometry":{"type":"Point","coordinates":[126.762,34.8101]},"properties":{"ref":"HL/JN-097","name":"활성산 (Hwalseongsan)","name_kanji":null,"alt_m":498,"points":1,"region_code":"JN","region_name":"Jeonnam","activations":1,"last_activation":"2022-05-26T00:00:00Z"}},{"type":"Feature","geometry":{"type":"Point","coordinates":[127.698,34.9644]},"properties":{"ref":"HL/JN-098","name":"가야산 (Gayasan)","name_kanji":null,"alt_m":497,"points":1,"region_code":"JN","region_name":"Jeonnam","activations":2,"last_activation":"2025-02-07T00:00:00Z"}},{"type":"Feature","geometry":{"type":"Point","coordinates":[126.9085,34.9044]},"properties":{"ref":"HL/JN-099","name":"개천산 (Gaecheonsan)","name_kanji":null,"alt_m":497,"points":1,"region_code":"JN","region_name":"Jeonnam","activations":2,"last_activation":"2023-10-21T00:00:00Z"}},{"type":"Feature","geometry":{"type":"Point","coordinates":[127.6943,35.0326]},"properties":{"ref":"HL/JN-100","name":"깃대봉 (Gitdaebong)","name_kanji":null,"alt_m":496,"points":1,"region_code":"JN","region_name":"Jeonnam","activations":1,"last_activation":"2024-11-30T00:00:00Z"}},{"type":"Feature","geometry":{"type":"Point","coordinates":[126.8769,34.8725]},"properties":{"ref":"HL/JN-101","name":"소반바위산 (Sobanbawisan)","name_kanji":null,"alt_m":493,"points":1,"region_code":"JN","region_name":"Jeonnam","activations":1,"last_activation":"2024-06-29T00:00:00Z"}},{"type":"Feature","geometry":{"type":"Point","coordinates":[126.6496,34.7453]},"properties":{"ref":"HL/JN-102","name":"주지봉 (Jujibong)","name_kanji":null,"alt_m":491,"points":1,"region_code":"JN","region_name":"Jeonnam","activations":0,"last_activation":null}},{"type":"Feature","geometry":{"type":"Point","coordinates":[127.0194,34.7811]},"properties":{"ref":"HL/JN-103","name":"황추산 (Hwangchusan)","name_kanji":null,"alt_m":488,"points":1,"region_code":"JN","region_name":"Jeonnam","activations":1,"last_activation":"2025-07-27T00:00:00Z"}},{"type":"Feature","geometry":{"type":"Point","coordinates":[127.3351,34.6247]},"properties":{"ref":"HL/JN-104","name":"운암산 (Unamsan)","name_kanji":null,"alt_m":487,"points":1,"region_code":"JN","region_name":"Jeonnam","activations":1,"last_activation":"2025-05-11T00:00:00Z"}},{"type":"Feature","geometry":{"type":"Point","coordinates":[127.3161,34.8034]},"properties":{"ref":"HL/JN-105","name":"두방산 (Dubangsan)","name_kanji":null,"alt_m":487,"points":1,"region_code":"JN","region_name":"Jeonnam","activations":1,"last_activation":"2023-03-30T00:00:00Z"}},{"type":"Feature","geometry":{"type":"Point","coordinates":[126.3217,34.476]},"properties":{"ref":"HL/JN-106","name":"첨찰산 (Cheomchalsan)","name_kanji":null,"alt_m":485,"points":1,"region_code":"JN","region_name":"Jeonnam","activations":9,"last_activation":"2024-04-05T00:00:00Z"}},{"type":"Feature","geometry":{"type":"Point","coordinates":[126.7875,34.8743]},"properties":{"ref":"HL/JN-107","name":"궁성산 (Gungseongsan)","name_kanji":null,"alt_m":484,"points":1,"region_code":"JN","region_name":"Jeonnam","activations":1,"last_activation":"2024-06-28T00:00:00Z"}},{"type":"Feature","geometry":{"type":"Point","coordinates":[126.9785,34.3252]},"properties":{"ref":"HL/JN-108","name":"백운산 (Baegunsan)","name_kanji":null,"alt_m":483,"points":1,"region_code":"JN","region_name":"Jeonnam","activations":1,"last_activation":"2025-12-07T00:00:00Z"}},{"type":"Feature","geometry":{"type":"Point","coordinates":[126.6001,34.592]},"properties":{"ref":"HL/JN-109","name":"금강산 (Geumgangsan)","name_kanji":null,"alt_m":483,"points":1,"region_code":"JN","region_name":"Jeonnam","activations":1,"last_activation":"2025-09-30T00:00:00Z"}},{"type":"Feature","geometry":{"type":"Point","coordinates":[126.8653,35.3929]},"properties":{"ref":"HL/JN-110","name":"HL/JN-110","name_kanji":null,"alt_m":483,"points":1,"region_code":"JN","region_name":"Jeonnam","activations":1,"last_activation":"2023-05-15T00:00:00Z"}},{"type":"Feature","geometry":{"type":"Point","coordinates":[127.1352,35.2309]},"properties":{"ref":"HL/JN-111","name":"오지봉 (Ojibong)","name_kanji":null,"alt_m":482,"points":1,"region_code":"JN","region_name":"Jeonnam","activations":1,"last_activation":"2023-03-18T00:00:00Z"}},{"type":"Feature","geometry":{"type":"Point","coordinates":[127.7009,34.7947]},"properties":{"ref":"HL/JN-113","name":"호랑산 (Horangsan)","name_kanji":null,"alt_m":482,"points":1,"region_code":"JN","region_name":"Jeonnam","activations":1,"last_activation":"2023-06-19T00:00:00Z"}},{"type":"Feature","geometry":{"type":"Point","coordinates":[126.807,34.901]},"properties":{"ref":"HL/JN-114","name":"봉석산 (Bongseoksan)","name_kanji":null,"alt_m":480,"points":1,"region_code":"JN","region_name":"Jeonnam","activations":1,"last_activation":"2024-07-13T00:00:00Z"}},{"type":"Feature","geometry":{"type":"Point","coordinates":[127.0311,34.8235]},"properties":{"ref":"HL/JN-115","name":"병옥산 (Byeongoksan)","name_kanji":null,"alt_m":479,"points":1,"region_code":"JN","region_name":"Jeonnam","activations":1,"last_activation":"2025-07-27T00:00:00Z"}},{"type":"Feature","geometry":{"type":"Point","coordinates":[127.4461,35.0667]},"properties":{"ref":"HL/JN-116","name":"용암산 (Yongamsan)","name_kanji":null,"alt_m":476,"points":1,"region_code":"JN","region_name":"Jeonnam","activations":1,"last_activation":"2025-05-17T00:00:00Z"}},{"type":"Feature","geometry":{"type":"Point","coordinates":[127.1096,34.7441]},"properties":{"ref":"HL/JN-117","name":"봉화산 (Bonghwasan)","name_kanji":null,"alt_m":475,"points":1,"region_code":"JN","region_name":"Jeonnam","activations":9,"last_activation":"2025-11-29T00:00:00Z"}},{"type":"Feature","geometry":{"type":"Point","coordinates":[127.291,34.5762]},"properties":{"ref":"HL/JN-118","name":"조계산 (Jogyesan)","name_kanji":null,"alt_m":473,"points":1,"region_code":"JN","region_name":"Jeonnam","activations":1,"last_activation":"2025-05-06T00:00:00Z"}},{"type":"Feature","geometry":{"type":"Point","coordinates":[127.643,34.937]},"properties":{"ref":"HL/JN-119","name":"구봉화산 (Gubonghwasan)","name_kanji":null,"alt_m":473,"points":1,"region_code":"JN","region_name":"Jeonnam","activations":15,"last_activation":"2025-06-06T00:00:00Z"}},{"type":"Feature","geometry":{"type":"Point","coordinates":[126.5853,34.3827]},"properties":{"ref":"HL/JN-120","name":"달마산 (Dalmasan)","name_kanji":null,"alt_m":470,"points":1,"region_code":"JN","region_name":"Jeonnam","activations":4,"last_activation":"2020-09-29T00:00:00Z"}},{"type":"Feature","geometry":{"type":"Point","coordinates":[126.6069,34.484]},"properties":{"ref":"HL/JN-121","name":"향로봉 (Hyangnobong)","name_kanji":null,"alt_m":467,"points":1,"region_code":"JN","region_name":"Jeonnam","activations":1,"last_activation":"2025-09-29T00:00:00Z"}},{"type":"Feature","geometry":{"type":"Point","coordinates":[126.6312,34.5842]},"properties":{"ref":"HL/JN-122","name":"만대산 (Mandaesan)","name_kanji":null,"alt_m":466,"points":1,"region_code":"JN","region_name":"Jeonnam","activations":1,"last_activation":"2025-09-29T00:00:00Z"}},{"type":"Feature","geometry":{"type":"Point","coordinates":[127.0443,34.8388]},"properties":{"ref":"HL/JN-123","name":"시리산 (Sirisan)","name_kanji":null,"alt_m":465,"points":1,"region_code":"JN","region_name":"Jeonnam","activations":1,"last_activation":"2025-05-01T00:00:00Z"}},{"type":"Feature","geometry":{"type":"Point","coordinates":[127.4244,34.905]},"properties":{"ref":"HL/JN-124","name":"운동산 (Undongsan)","name_kanji":null,"alt_m":465,"points":1,"region_code":"JN","region_name":"Jeonnam","activations":1,"last_activation":"2024-11-02T00:00:00Z"}},{"type":"Feature","geometry":{"type":"Point","coordinates":[127.0703,34.7169]},"properties":{"ref":"HL/JN-125","name":"활성산 (Hwalseongsan)","name_kanji":null,"alt_m":465,"points":1,"region_code":"JN","region_name":"Jeonnam","activations":1,"last_activation":"2023-07-30T00:00:00Z"}},{"type":"Feature","geometry":{"type":"Point","coordinates":[127.7215,34.787]},"properties":{"ref":"HL/JN-126","name":"천성산 (Cheonseongsan)","name_kanji":null,"alt_m":464,"points":1,"region_code":"JN","region_name":"Jeonnam","activations":1,"last_activation":"2023-06-19T00:00:00Z"}},{"type":"Feature","geometry":{"type":"Point","coordinates":[127.0425,35.3029]},"properties":{"ref":"HL/JN-127","name":"고비산 (Gobisan)","name_kanji":null,"alt_m":463,"points":1,"region_code":"JN","region_name":"Jeonnam","activations":1,"last_activation":"2023-02-11T00:00:00Z"}},{"type":"Feature","geometry":{"type":"Point","coordinates":[126.6834,34.5194]},"properties":{"ref":"HL/JN-128","name":"HL/JN-128","name_kanji":null,"alt_m":460,"points":1,"region_code":"JN","region_name":"Jeonnam","activations":2,"last_activation":"2018-09-16T00:00:00Z"}},{"type":"Feature","geometry":{"type":"Point","coordinates":[127.7674,34.6233]},"properties":{"ref":"HL/JN-129","name":"봉황산 (Bonghwangsan)","name_kanji":null,"alt_m":460,"points":1,"region_code":"JN","region_name":"Jeonnam","activations":3,"last_activation":"2020-02-04T00:00:00Z"}},{"type":"Feature","geometry":{"type":"Point","coordinates":[126.2308,34.3926]},"properties":{"ref":"HL/JN-130","name":"연귀산 (Yeongwisan)","name_kanji":null,"alt_m":459,"points":1,"region_code":"JN","region_name":"Jeonnam","activations":1,"last_activation":"2024-09-30T00:00:00Z"}},{"type":"Feature","geometry":{"type":"Point","coordinates":[126.6395,35.3086]},"properties":{"ref":"HL/JN-131","name":"월랑산 (Wollangsan)","name_kanji":null,"alt_m":458,"points":1,"region_code":"JN","region_name":"Jeonnam","activations":1,"last_activation":"2023-04-30T00:00:00Z"}},{"type":"Feature","geometry":{"type":"Point","coordinates":[126.8686,34.8032]},"properties":{"ref":"HL/JN-132","name":"HL/JN-132","name_kanji":null,"alt_m":457,"points":1,"region_code":"JN","region_name":"Jeonnam","activations":0,"last_activation":null}},{"type":"Feature","geometry":{"type":"Point","coordinates":[126.6811,34.7225]},"properties":{"ref":"HL/JN-133","name":"월각산 (Wolgaksan)","name_kanji":null,"alt_m":456,"points":1,"region_code":"JN","region_name":"Jeonnam","activations":1,"last_activation":"2025-08-02T00:00:00Z"}},{"type":"Feature","geometry":{"type":"Point","coordinates":[127.1313,35.1371]},"properties":{"ref":"HL/JN-134","name":"HL/JN-134","name_kanji":null,"alt_m":455,"points":1,"region_code":"JN","region_name":"Jeonnam","activations":1,"last_activation":"2025-04-28T00:00:00Z"}},{"type":"Feature","geometry":{"type":"Point","coordinates":[126.9366,34.7614]},"properties":{"ref":"HL/JN-135","name":"용두산 (Yongdusan)","name_kanji":null,"alt_m":451,"points":1,"region_code":"JN","region_name":"Jeonnam","activations":0,"last_activation":null}},{"type":"Feature","geometry":{"type":"Point","coordinates":[126.6977,35.0531]},"properties":{"ref":"HL/JN-136","name":"금성산 (Geumseongsan)","name_kanji":null,"alt_m":450,"points":1,"region_code":"JN","region_name":"Jeonnam","activations":0,"last_activation":null}},{"type":"Feature","geometry":{"type":"Point","coordinates":[127.0657,35.3103]},"properties":{"ref":"HL/JN-137","name":"서암산 (Seoamsan)","name_kanji":null,"alt_m":450,"points":1,"region_code":"JN","region_name":"Jeonnam","activations":1,"last_activation":"2023-02-25T00:00:00Z"}},{"type":"Feature","geometry":{"type":"Point","coordinates":[127.327,34.55]},"properties":{"ref":"HL/JN-138","name":"비봉산 (Bibongsan)","name_kanji":null,"alt_m":448,"points":1,"region_code":"JN","region_name":"Jeonnam","activations":1,"last_activation":"2025-05-11T00:00:00Z"}},{"type":"Feature","geometry":{"type":"Point","coordinates":[127.744,35.0251]},"properties":{"ref":"HL/JN-139","name":"국사봉 (Guksabong)","name_kanji":null,"alt_m":445,"points":1,"region_code":"JN","region_name":"Jeonnam","activations":1,"last_activation":"2024-11-30T00:00:00Z"}},{"type":"Feature","geometry":{"type":"Point","coordinates":[126.6023,34.6127]},"properties":{"ref":"HL/JN-140","name":"만대산 (Mandaesan)","name_kanji":null,"alt_m":443,"points":1,"region_code":"JN","region_name":"Jeonnam","activations":1,"last_activation":"2025-09-30T00:00:00Z"}},{"type":"Feature","geometry":{"type":"Point","coordinates":[127.4826,34.5943]},"properties":{"ref":"HL/JN-141","name":"우미산 (Umisan)","name_kanji":null,"alt_m":440,"points":1,"region_code":"JN","region_name":"Jeonnam","activations":1,"last_activation":"2024-10-13T00:00:00Z"}},{"type":"Feature","geometry":{"type":"Point","coordinates":[126.8326,34.591]},"properties":{"ref":"HL/JN-142","name":"도암산 (Doamsan)","name_kanji":null,"alt_m":440,"points":1,"region_code":"JN","region_name":"Jeonnam","activations":1,"last_activation":"2025-05-05T00:00:00Z"}},{"type":"Feature","geometry":{"type":"Point","coordinates":[127.4738,35.0959]},"properties":{"ref":"HL/JN-143","name":"HL/JN-143","name_kanji":null,"alt_m":440,"points":1,"region_code":"JN","region_name":"Jeonnam","activations":0,"last_activation":null}},{"type":"Feature","geometry":{"type":"Point","coordinates":[126.9327,35.3588]},"properties":{"ref":"HL/JN-144","name":"도마산 (Domasan)","name_kanji":null,"alt_m":440,"points":1,"region_code":"JN","region_name":"Jeonnam","activations":2,"last_activation":"2024-07-13T00:00:00Z"}},{"type":"Feature","geometry":{"type":"Point","coordinates":[127.1221,34.792]},"properties":{"ref":"HL/JN-145","name":"대룡산 (Daeryongsan)","name_kanji":null,"alt_m":440,"points":1,"region_code":"JN","region_name":"Jeonnam","activations":1,"last_activation":"2024-11-16T00:00:00Z"}},{"type":"Feature","geometry":{"type":"Point","coordinates":[126.7675,34.6639]},"properties":{"ref":"HL/JN-146","name":"우두봉 (Udubong)","name_kanji":null,"alt_m":439,"points":1,"region_code":"JN","region_name":"Jeonnam","activations":1,"last_activation":"2023-06-24T00:00:00Z"}},{"type":"Feature","geometry":{"type":"Point","coordinates":[126.8519,34.8984]},"properties":{"ref":"HL/JN-147","name":"국사봉 (Guksabong)","name_kanji":null,"alt_m":435,"points":1,"region_code":"JN","region_name":"Jeonnam","activations":0,"last_activation":null}},{"type":"Feature","geometry":{"type":"Point","coordinates":[127.7264,35.0513]},"properties":{"ref":"HL/JN-148","name":"불암산 (Buramsan)","name_kanji":null,"alt_m":431,"points":1,"region_code":"JN","region_name":"Jeonnam","activations":2,"last_activation":"2025-06-28T00:00:00Z"}},{"type":"Feature","geometry":{"type":"Point","coordinates":[126.5406,34.1359]},"properties":{"ref":"HL/JN-149","name":"격자봉 (Gyeokjabong)","name_kanji":null,"alt_m":431,"points":1,"region_code":"JN","region_name":"Jeonnam","activations":1,"last_activation":"2025-10-06T00:00:00Z"}},{"type":"Feature","geometry":{"type":"Point","coordinates":[127.0936,35.0428]},"properties":{"ref":"HL/JN-150","name":"천왕산 (Cheonwangsan)","name_kanji":null,"alt_m":427,"points":1,"region_code":"JN","region_name":"Jeonnam","activations":1,"last_activation":"2024-10-21T00:00:00Z"}},{"type":"Feature","geometry":{"type":"Point","coordinates":[127.2768,34.7929]},"properties":{"ref":"HL/JN-151","name":"봉두산 (Bongdusan)","name_kanji":null,"alt_m":426,"points":1,"region_code":"JN","region_name":"Jeonnam","activations":1,"last_activation":"2025-10-11T00:00:00Z"}},{"type":"Feature","geometry":{"type":"Point","coordinates":[127.1285,34.8228]},"properties":{"ref":"HL/JN-152","name":"석호산 (Seokhosan)","name_kanji":null,"alt_m":425,"points":1,"region_code":"JN","region_name":"Jeonnam","activations":1,"last_activation":"2024-11-16T00:00:00Z"}},{"type":"Feature","geometry":{"type":"Point","coordinates":[127.1822,35.2642]},"properties":{"ref":"HL/JN-153","name":"장파봉 (Jangpabong)","name_kanji":null,"alt_m":425,"points":1,"region_code":"JN","region_name":"Jeonnam","activations":1,"last_activation":"2022-10-25T00:00:00Z"}},{"type":"Feature","geometry":{"type":"Point","coordinates":[126.8619,34.493]},"properties":{"ref":"HL/JN-154","name":"부곡산 (Bugoksan)","name_kanji":null,"alt_m":425,"points":1,"region_code":"JN","region_name":"Jeonnam","activations":1,"last_activation":"2025-10-20T00:00:00Z"}},{"type":"Feature","geometry":{"type":"Point","coordinates":[126.7268,34.8543]},"properties":{"ref":"HL/JN-155","name":"백룡산 (Baengnyongsan)","name_kanji":null,"alt_m":421,"points":1,"region_code":"JN","region_name":"Jeonnam","activations":1,"last_activation":"2024-04-19T00:00:00Z"}},{"type":"Feature","geometry":{"type":"Point","coordinates":[126.9265,35.0661]},"properties":{"ref":"HL/JN-156","name":"HL/JN-156","name_kanji":null,"alt_m":420,"points":1,"region_code":"JN","region_name":"Jeonnam","activations":2,"last_activation":"2024-06-01T00:00:00Z"}},{"type":"Feature","geometry":{"type":"Point","coordinates":[127.1396,34.4492]},"properties":{"ref":"HL/JN-157","name":"용두봉 (Yongdubong)","name_kanji":null,"alt_m":417,"points":1,"region_code":"JN","region_name":"Jeonnam","activations":1,"last_activation":"2025-05-06T00:00:00Z"}},{"type":"Feature","geometry":{"type":"Point","coordinates":[127.2984,34.4829]},"properties":{"ref":"HL/JN-158","name":"유주산 (Yujusan)","name_kanji":null,"alt_m":417,"points":1,"region_code":"JN","region_name":"Jeonnam","activations":1,"last_activation":"2024-10-26T00:00:00Z"}},{"type":"Feature","geometry":{"type":"Point","coordinates":[126.9128,34.6428]},"properties":{"ref":"HL/JN-159","name":"HL/JN-159","name_kanji":null,"alt_m":414,"points":1,"region_code":"JN","region_name":"Jeonnam","activations":1,"last_activation":"2025-10-20T00:00:00Z"}},{"type":"Feature","geometry":{"type":"Point","coordinates":[127.2836,34.8258]},"properties":{"ref":"HL/JN-160","name":"장군봉 (Janggunbong)","name_kanji":null,"alt_m":413,"points":1,"region_code":"JN","region_name":"Jeonnam","activations":1,"last_activation":"2025-10-11T00:00:00Z"}},{"type":"Feature","geometry":{"type":"Point","coordinates":[127.7473,34.8124]},"properties":{"ref":"HL/JN-161","name":"HL/JN-161","name_kanji":null,"alt_m":413,"points":1,"region_code":"JN","region_name":"Jeonnam","activations":1,"last_activation":"2024-09-07T00:00:00Z"}},{"type":"Feature","geometry":{"type":"Point","coordinates":[127.0225,34.9203]},"properties":{"ref":"HL/JN-162","name":"발룡산 (Ballyongsan)","name_kanji":null,"alt_m":412,"points":1,"region_code":"JN","region_name":"Jeonnam","activations":1,"last_activation":"2024-11-16T00:00:00Z"}},{"type":"Feature","geometry":{"type":"Point","coordinates":[126.7327,34.706]},"properties":{"ref":"HL/JN-163","name":"수암산 (Suamsan)","name_kanji":null,"alt_m":412,"points":1,"region_code":"JN","region_name":"Jeonnam","activations":0,"last_activation":null}},{"type":"Feature","geometry":{"type":"Point","coordinates":[126.7451,34.5927]},"properties":{"ref":"HL/JN-164","name":"만덕산 (Mandeoksan)","name_kanji":null,"alt_m":412,"points":1,"region_code":"JN","region_name":"Jeonnam","activations":1,"last_activation":"2025-07-13T00:00:00Z"}},{"type":"Feature","geometry":{"type":"Point","coordinates":[126.995,35.0191]},"properties":{"ref":"HL/JN-165","name":"덕음산 (Deogeumsan)","name_kanji":null,"alt_m":410,"points":1,"region_code":"JN","region_name":"Jeonnam","activations":1,"last_activation":"2024-11-15T00:00:00Z"}},{"type":"Feature","geometry":{"type":"Point","coordinates":[127.1276,34.8709]},"properties":{"ref":"HL/JN-166","name":"천마산 (Cheonmasan)","name_kanji":null,"alt_m":409,"points":1,"region_code":"JN","region_name":"Jeonnam","activations":0,"last_activation":null}},{"type":"Feature","geometry":{"type":"Point","coordinates":[125.4043,34.6651]},"properties":{"ref":"HL/JN-167","name":"문암산 (Munamsan)","name_kanji":null,"alt_m":405,"points":1,"region_code":"JN","region_name":"Jeonnam","activations":0,"last_activation":null}},{"type":"Feature","geometry":{"type":"Point","coordinates":[126.435,35.173]},"properties":{"ref":"HL/JN-168","name":"구유산 (Guyusan)","name_kanji":null,"alt_m":405,"points":1,"region_code":"JN","region_name":"Jeonnam","activations":1,"last_activation":"2023-09-23T00:00:00Z"}},{"type":"Feature","geometry":{"type":"Point","coordinates":[126.7976,34.6666]},"properties":{"ref":"HL/JN-169","name":"비파산 (Bipasan)","name_kanji":null,"alt_m":403,"points":1,"region_code":"JN","region_name":"Jeonnam","activations":1,"last_activation":"2025-07-13T00:00:00Z"}},{"type":"Feature","geometry":{"type":"Point","coordinates":[126.8284,34.671]},"properties":{"ref":"HL/JN-170","name":"화방산 (Hwabangsan)","name_kanji":null,"alt_m":402,"points":1,"region_code":"JN","region_name":"Jeonnam","activations":1,"last_activation":"2025-07-12T00:00:00Z"}},{"type":"Feature","geometry":{"type":"Point","coordinates":[127.2574,35.0454]},"properties":{"ref":"HL/JN-171","name":"옥녀산 (Ongnyeosan)","name_kanji":null,"alt_m":400,"points":1,"region_code":"JN","region_name":"Jeonnam","activations":1,"last_activation":"2025-09-27T00:00:00Z"}},{"type":"Feature","geometry":{"type":"Point","coordinates":[126.6301,34.5559]},"properties":{"ref":"HL/JN-172","name":"덕음산 (Deogeumsan)","name_kanji":null,"alt_m":400,"points":1,"region_code":"JN","region_name":"Jeonnam","activations":1,"last_activation":"2025-09-29T00:00:00Z"}},{"type":"Feature","geometry":{"type":"Point","coordinates":[127.506,34.4361]},"properties":{"ref":"HL/JN-173","name":"봉래산 (Bongnaesan)","name_kanji":null,"alt_m":400,"points":1,"region_code":"JN","region_name":"Jeonnam","activations":1,"last_activation":"2023-08-27T00:00:00Z"}},{"type":"Feature","geometry":{"type":"Point","coordinates":[127.7502,34.6526]},"properties":{"ref":"HL/JN-174","name":"봉수산 (Bongsusan)","name_kanji":null,"alt_m":400,"points":1,"region_code":"JN","region_name":"Jeonnam","activations":1,"last_activation":"2023-09-09T00:00:00Z"}},{"type":"Feature","geometry":{"type":"Point","coordinates":[127.0891,35.0279]},"properties":{"ref":"HL/JN-175","name":"구봉산 (Gubongsan)","name_kanji":null,"alt_m":400,"points":1,"region_code":"JN","region_name":"Jeonnam","activations":1,"last_activation":"2024-10-21T00:00:00Z"}},{"type":"Feature","geometry":{"type":"Point","coordinates":[126.9027,34.3728]},"properties":{"ref":"HL/JN-176","name":"삼문산 (Sammunsan)","name_kanji":null,"alt_m":399,"points":1,"region_code":"JN","region_name":"Jeonnam","activations":1,"last_activation":"2025-05-03T00:00:00Z"}},{"type":"Feature","geometry":{"type":"Point","coordinates":[126.6628,34.3535]},"properties":{"ref":"HL/JN-177","name":"HL/JN-177","name_kanji":null,"alt_m":399,"points":1,"region_code":"JN","region_name":"Jeonnam","activations":1,"last_activation":"2024-11-29T00:00:00Z"}},{"type":"Feature","geometry":{"type":"Point","coordinates":[127.5775,34.8195]},"properties":{"ref":"HL/JN-178","name":"황새봉 (Hwangsaebong)","name_kanji":null,"alt_m":396,"points":1,"region_code":"JN","region_name":"Jeonnam","activations":1,"last_activation":"2024-10-27T00:00:00Z"}},{"type":"Feature","geometry":{"type":"Point","coordinates":[126.672,35.2842]},"properties":{"ref":"HL/JN-179","name":"팔암산 (Paramsan)","name_kanji":null,"alt_m":395,"points":1,"region_code":"JN","region_name":"Jeonnam","activations":1,"last_activation":"2023-05-06T00:00:00Z"}},{"type":"Feature","geometry":{"type":"Point","coordinates":[126.5512,34.7568]},"properties":{"ref":"HL/JN-180","name":"상은적산 (Sangeunjeoksan)","name_kanji":null,"alt_m":395,"points":1,"region_code":"JN","region_name":"Jeonnam","activations":1,"last_activation":"2025-09-13T00:00:00Z"}},{"type":"Feature","geometry":{"type":"Point","coordinates":[127.1626,34.716]},"properties":{"ref":"HL/JN-181","name":"조타봉 (Jotabong)","name_kanji":null,"alt_m":392,"points":1,"region_code":"JN","region_name":"Jeonnam","activations":1,"last_activation":"2025-10-09T00:00:00Z"}},{"type":"Feature","geometry":{"type":"Point","coordinates":[126.8392,34.495]},"properties":{"ref":"HL/JN-182","name":"관찰봉 (Gwanchalbong)","name_kanji":null,"alt_m":389,"points":1,"region_code":"JN","region_name":"Jeonnam","activations":1,"last_activation":"2025-05-05T00:00:00Z"}},{"type":"Feature","geometry":{"type":"Point","coordinates":[127.7086,34.7395]},"properties":{"ref":"HL/JN-183","name":"구봉산 (Gubongsan)","name_kanji":null,"alt_m":386,"points":1,"region_code":"JN","region_name":"Jeonnam","activations":2,"last_activation":"2024-01-16T00:00:00Z"}},{"type":"Feature","geometry":{"type":"Point","coordinates":[127.7418,34.7654]},"properties":{"ref":"HL/JN-184","name":"마래산 (Maraesan)","name_kanji":null,"alt_m":385,"points":1,"region_code":"JN","region_name":"Jeonnam","activations":7,"last_activation":"2025-06-28T00:00:00Z"}},{"type":"Feature","geometry":{"type":"Point","coordinates":[126.9098,34.1629]},"properties":{"ref":"HL/JN-185","name":"매봉산 (Maebongsan)","name_kanji":null,"alt_m":385,"points":1,"region_code":"JN","region_name":"Jeonnam","activations":1,"last_activation":"2023-01-11T00:00:00Z"}},{"type":"Feature","geometry":{"type":"Point","coordinates":[126.8253,35.3877]},"properties":{"ref":"HL/JN-186","name":"성미산 (Seongmisan)","name_kanji":null,"alt_m":383,"points":1,"region_code":"JN","region_name":"Jeonnam","activations":1,"last_activation":"2023-05-13T00:00:00Z"}},{"type":"Feature","geometry":{"type":"Point","coordinates":[127.7222,34.5349]},"properties":{"ref":"HL/JN-187","name":"대부산 (Daebusan)","name_kanji":null,"alt_m":381,"points":1,"region_code":"JN","region_name":"Jeonnam","activations":1,"last_activation":"2024-11-09T00:00:00Z"}},{"type":"Feature","geometry":{"type":"Point","coordinates":[127.5396,34.8733]},"properties":{"ref":"HL/JN-188","name":"앵무산 (Aengmusan)","name_kanji":null,"alt_m":380,"points":1,"region_code":"JN","region_name":"Jeonnam","activations":1,"last_activation":"2024-10-06T00:00:00Z"}},{"type":"Feature","geometry":{"type":"Point","coordinates":[126.5195,34.1577]},"properties":{"ref":"HL/JN-189","name":"HL/JN-189","name_kanji":null,"alt_m":380,"points":1,"region_code":"JN","region_name":"Jeonnam","activations":0,"last_activation":null}},{"type":"Feature","geometry":{"type":"Point","coordinates":[126.8902,34.1911]},"properties":{"ref":"HL/JN-190","name":"대봉산 (Daebongsan)","name_kanji":null,"alt_m":379,"points":1,"region_code":"JN","region_name":"Jeonnam","activations":2,"last_activation":"2023-01-11T00:00:00Z"}},{"type":"Feature","geometry":{"type":"Point","coordinates":[126.5769,35.1331]},"properties":{"ref":"HL/JN-191","name":"천주봉 (Cheonjubong)","name_kanji":null,"alt_m":378,"points":1,"region_code":"JN","region_name":"Jeonnam","activations":1,"last_activation":"2023-07-02T00:00:00Z"}},{"type":"Feature","geometry":{"type":"Point","coordinates":[127.612,34.6529]},"properties":{"ref":"HL/JN-193","name":"봉화산 (Bonghwasan)","name_kanji":null,"alt_m":371,"points":1,"region_code":"JN","region_name":"Jeonnam","activations":2,"last_activation":"2023-05-21T00:00:00Z"}},{"type":"Feature","geometry":{"type":"Point","coordinates":[126.665,35.0259]},"properties":{"ref":"HL/JN-194","name":"신결산 (Singyeolsan)","name_kanji":null,"alt_m":370,"points":1,"region_code":"JN","region_name":"Jeonnam","activations":1,"last_activation":"2023-05-26T00:00:00Z"}},{"type":"Feature","geometry":{"type":"Point","coordinates":[125.2027,34.697]},"properties":{"ref":"HL/JN-195","name":"깃대봉 (Gitdaebong)","name_kanji":null,"alt_m":368,"points":1,"region_code":"JN","region_name":"Jeonnam","activations":2,"last_activation":"2022-10-08T00:00:00Z"}},{"type":"Feature","geometry":{"type":"Point","coordinates":[126.0645,34.8861]},"properties":{"ref":"HL/JN-196","name":"두봉산 (Dubongsan)","name_kanji":null,"alt_m":364,"points":1,"region_code":"JN","region_name":"Jeonnam","activations":1,"last_activation":"2025-10-07T00:00:00Z"}},{"type":"Feature","geometry":{"type":"Point","coordinates":[126.646,34.521]},"properties":{"ref":"HL/JN-197","name":"HL/JN-197","name_kanji":null,"alt_m":360,"points":1,"region_code":"JN","region_name":"Jeonnam","activations":1,"last_activation":"2025-09-29T00:00:00Z"}},{"type":"Feature","geometry":{"type":"Point","coordinates":[126.9204,35.0427]},"properties":{"ref":"HL/JN-198","name":"종괘산 (Jonggwaesan)","name_kanji":null,"alt_m":360,"points":1,"region_code":"JN","region_name":"Jeonnam","activations":2,"last_activation":"2024-06-26T00:00:00Z"}},{"type":"Feature","geometry":{"type":"Point","coordinates":[127.5991,34.8124]},"properties":{"ref":"HL/JN-199","name":"안산 (Ansan)","name_kanji":null,"alt_m":360,"points":1,"region_code":"JN","region_name":"Jeonnam","activations":1,"last_activation":"2024-10-27T00:00:00Z"}},{"type":"Feature","geometry":{"type":"Point","coordinates":[127.5804,34.8458]},"properties":{"ref":"HL/JN-200","name":"수암산 (Suamsan)","name_kanji":null,"alt_m":360,"points":1,"region_code":"JN","region_name":"Jeonnam","activations":1,"last_activation":"2024-11-09T00:00:00Z"}},{"type":"Feature","geometry":{"type":"Point","coordinates":[126.6576,34.1543]},"properties":{"ref":"HL/JN-201","name":"가학산 (Gahaksan)","name_kanji":null,"alt_m":359,"points":1,"region_code":"JN","region_name":"Jeonnam","activations":1,"last_activation":"2025-10-06T00:00:00Z"}},{"type":"Feature","geometry":{"type":"Point","coordinates":[126.842,34.4784]},"properties":{"ref":"HL/JN-202","name":"봉태산 (Bongtaesan)","name_kanji":null,"alt_m":359,"points":1,"region_code":"JN","region_name":"Jeonnam","activations":1,"last_activation":"2025-05-05T00:00:00Z"}},{"type":"Feature","geometry":{"type":"Point","coordinates":[125.846,34.6101]},"properties":{"ref":"HL/JN-203","name":"상산봉 (Sangsanbong)","name_kanji":null,"alt_m":359,"points":1,"region_code":"JN","region_name":"Jeonnam","activations":0,"last_activation":null}},{"type":"Feature","geometry":{"type":"Point","coordinates":[126.4704,35.2159]},"properties":{"ref":"HL/JN-204","name":"삼각산 (Samgaksan)","name_kanji":null,"alt_m":357,"points":1,"region_code":"JN","region_name":"Jeonnam","activations":1,"last_activation":"2023-09-24T00:00:00Z"}},{"type":"Feature","geometry":{"type":"Point","coordinates":[127.2522,34.6001]},"properties":{"ref":"HL/JN-205","name":"우모산 (Umosan)","name_kanji":null,"alt_m":357,"points":1,"region_code":"JN","region_name":"Jeonnam","activations":1,"last_activation":"2025-03-23T00:00:00Z"}},{"type":"Feature","geometry":{"type":"Point","coordinates":[126.9065,34.9678]},"properties":{"ref":"HL/JN-206","name":"해망산 (Haemangsan)","name_kanji":null,"alt_m":356,"points":1,"region_code":"JN","region_name":"Jeonnam","activations":1,"last_activation":"2025-04-29T00:00:00Z"}},{"type":"Feature","geometry":{"type":"Point","coordinates":[126.0927,34.8414]},"properties":{"ref":"HL/JN-207","name":"승봉산 (Seungbongsan)","name_kanji":null,"alt_m":356,"points":1,"region_code":"JN","region_name":"Jeonnam","activations":1,"last_activation":"2025-05-24T00:00:00Z"}},{"type":"Feature","geometry":{"type":"Point","coordinates":[127.506,34.9721]},"properties":{"ref":"HL/JN-208","name":"봉화산 (Bonghwasan)","name_kanji":null,"alt_m":355,"points":1,"region_code":"JN","region_name":"Jeonnam","activations":2,"last_activation":"2024-10-01T00:00:00Z"}},{"type":"Feature","geometry":{"type":"Point","coordinates":[127.4186,35.0944]},"properties":{"ref":"HL/JN-209","name":"까치봉 (Kkachibong)","name_kanji":null,"alt_m":355,"points":1,"region_code":"JN","region_name":"Jeonnam","activations":0,"last_activation":null}},{"type":"Feature","geometry":{"type":"Point","coordinates":[127.7725,34.675]},"properties":{"ref":"HL/JN-210","name":"대미산 (Daemisan)","name_kanji":null,"alt_m":355,"points":1,"region_code":"JN","region_name":"Jeonnam","activations":1,"last_activation":"2023-09-10T00:00:00Z"}},{"type":"Feature","geometry":{"type":"Point","coordinates":[126.9234,33.9775]},"properties":{"ref":"HL/JN-211","name":"여호산 (Yeohosan)","name_kanji":null,"alt_m":352,"points":1,"region_code":"JN","region_name":"Jeonnam","activations":0,"last_activation":null}},{"type":"Feature","geometry":{"type":"Point","coordinates":[126.8085,34.5273]},"properties":{"ref":"HL/JN-212","name":"HL/JN-212","name_kanji":null,"alt_m":351,"points":1,"region_code":"JN","region_name":"Jeonnam","activations":1,"last_activation":"2025-10-19T00:00:00Z"}},{"type":"Feature","geometry":{"type":"Point","coordinates":[127.3884,34.7643]},"properties":{"ref":"HL/JN-213","name":"망주산 (Mangjusan)","name_kanji":null,"alt_m":348,"points":1,"region_code":"JN","region_name":"Jeonnam","activations":1,"last_activation":"2025-08-03T00:00:00Z"}},{"type":"Feature","geometry":{"type":"Point","coordinates":[127.6411,34.745]},"properties":{"ref":"HL/JN-214","name":"안심산 (Ansimsan)","name_kanji":null,"alt_m":347,"points":1,"region_code":"JN","region_name":"Jeonnam","activations":4,"last_activation":"2025-05-10T00:00:00Z"}},{"type":"Feature","geometry":{"type":"Point","coordinates":[127.4739,34.9376]},"properties":{"ref":"HL/JN-215","name":"남산 (Namsan)","name_kanji":null,"alt_m":346,"points":1,"region_code":"JN","region_name":"Jeonnam","activations":1,"last_activation":"2024-07-27T00:00:00Z"}},{"type":"Feature","geometry":{"type":"Point","coordinates":[127.4842,34.6226]},"properties":{"ref":"HL/JN-216","name":"우각산 (Ugaksan)","name_kanji":null,"alt_m":345,"points":1,"region_code":"JN","region_name":"Jeonnam","activations":1,"last_activation":"2024-10-13T00:00:00Z"}},{"type":"Feature","geometry":{"type":"Point","coordinates":[126.6369,35.0451]},"properties":{"ref":"HL/JN-217","name":"백룡산 (Baengnyongsan)","name_kanji":null,"alt_m":345,"points":1,"region_code":"JN","region_name":"Jeonnam","activations":2,"last_activation":"2024-03-07T00:00:00Z"}},{"type":"Feature","geometry":{"type":"Point","coordinates":[127.7824,34.4925]},"properties":{"ref":"HL/JN-218","name":"망산 (Mangsan)","name_kanji":null,"alt_m":344,"points":1,"region_code":"JN","region_name":"Jeonnam","activations":1,"last_activation":"2024-11-09T00:00:00Z"}},{"type":"Feature","geometry":{"type":"Point","coordinates":[125.4017,34.6384]},"properties":{"ref":"HL/JN-219","name":"HL/JN-219","name_kanji":null,"alt_m":343,"points":1,"region_code":"JN","region_name":"Jeonnam","activations":1,"last_activation":"2022-10-07T00:00:00Z"}},{"type":"Feature","geometry":{"type":"Point","coordinates":[126.9787,34.6035]},"properties":{"ref":"HL/JN-220","name":"노승산 (Noseungsan)","name_kanji":null,"alt_m":342,"points":1,"region_code":"JN","region_name":"Jeonnam","activations":1,"last_activation":"2025-10-20T00:00:00Z"}},{"type":"Feature","geometry":{"type":"Point","coordinates":[126.9736,35.3685]},"properties":{"ref":"HL/JN-221","name":"오장산 (Ojangsan)","name_kanji":null,"alt_m":341,"points":1,"region_code":"JN","region_name":"Jeonnam","activations":1,"last_activation":"2022-06-06T00:00:00Z"}},{"type":"Feature","geometry":{"type":"Point","coordinates":[126.5752,35.1642]},"properties":{"ref":"HL/JN-222","name":"월암산 (Woramsan)","name_kanji":null,"alt_m":341,"points":1,"region_code":"JN","region_name":"Jeonnam","activations":1,"last_activation":"2024-04-13T00:00:00Z"}},{"type":"Feature","geometry":{"type":"Point","coordinates":[126.5131,35.2]},"properties":{"ref":"HL/JN-223","name":"건무산 (Geonmusan)","name_kanji":null,"alt_m":340,"points":1,"region_code":"JN","region_name":"Jeonnam","activations":1,"last_activation":"2023-10-03T00:00:00Z"}},{"type":"Feature","geometry":{"type":"Point","coordinates":[127.2451,34.2284]},"properties":{"ref":"HL/JN-224","name":"상산봉 (Sangsanbong)","name_kanji":null,"alt_m":339,"points":1,"region_code":"JN","region_name":"Jeonnam","activations":1,"last_activation":"2025-12-06T00:00:00Z"}},{"type":"Feature","geometry":{"type":"Point","coordinates":[126.6753,34.1825]},"properties":{"ref":"HL/JN-225","name":"대봉산 (Daebongsan)","name_kanji":null,"alt_m":338,"points":1,"region_code":"JN","region_name":"Jeonnam","activations":1,"last_activation":"2025-10-06T00:00:00Z"}},{"type":"Feature","geometry":{"type":"Point","coordinates":[127.7606,34.8473]},"properties":{"ref":"HL/JN-226","name":"제석산 (Jeseoksan)","name_kanji":null,"alt_m":336,"points":1,"region_code":"JN","region_name":"Jeonnam","activations":1,"last_activation":"2023-05-20T00:00:00Z"}},{"type":"Feature","geometry":{"type":"Point","coordinates":[126.9426,34.3719]},"properties":{"ref":"HL/JN-227","name":"공고지산 (Gonggojisan)","name_kanji":null,"alt_m":336,"points":1,"region_code":"JN","region_name":"Jeonnam","activations":1,"last_activation":"2025-07-06T00:00:00Z"}},{"type":"Feature","geometry":{"type":"Point","coordinates":[126.341,34.7054]},"properties":{"ref":"HL/JN-228","name":"지령산 (Jiryeongsan)","name_kanji":null,"alt_m":335,"points":1,"region_code":"JN","region_name":"Jeonnam","activations":1,"last_activation":"2024-11-28T00:00:00Z"}},{"type":"Feature","geometry":{"type":"Point","coordinates":[127.6951,34.7611]},"properties":{"ref":"HL/JN-229","name":"고락산 (Goraksan)","name_kanji":null,"alt_m":335,"points":1,"region_code":"JN","region_name":"Jeonnam","activations":2,"last_activation":"2025-02-08T00:00:00Z"}},{"type":"Feature","geometry":{"type":"Point","coordinates":[126.5602,34.4078]},"properties":{"ref":"HL/JN-230","name":"가공산 (Gagongsan)","name_kanji":null,"alt_m":335,"points":1,"region_code":"JN","region_name":"Jeonnam","activations":1,"last_activation":"2024-11-29T00:00:00Z"}},{"type":"Feature","geometry":{"type":"Point","coordinates":[127.6568,34.5601]},"properties":{"ref":"HL/JN-231","name":"봉화산 (Bonghwasan)","name_kanji":null,"alt_m":335,"points":1,"region_code":"JN","region_name":"Jeonnam","activations":1,"last_activation":"2024-11-16T00:00:00Z"}},{"type":"Feature","geometry":{"type":"Point","coordinates":[126.1485,34.4477]},"properties":{"ref":"HL/JN-232","name":"지력산 (Jiryeoksan)","name_kanji":null,"alt_m":328,"points":1,"region_code":"JN","region_name":"Jeonnam","activations":2,"last_activation":"2024-06-22T00:00:00Z"}},{"type":"Feature","geometry":{"type":"Point","coordinates":[127.3921,34.2905]},"properties":{"ref":"HL/JN-233","name":"상산 (Sangsan)","name_kanji":null,"alt_m":328,"points":1,"region_code":"JN","region_name":"Jeonnam","activations":0,"last_activation":null}},{"type":"Feature","geometry":{"type":"Point","coordinates":[127.0088,35.3731]},"properties":{"ref":"HL/JN-234","name":"정각산 (Jeonggaksan)","name_kanji":null,"alt_m":328,"points":1,"region_code":"JN","region_name":"Jeonnam","activations":1,"last_activation":"2022-11-22T00:00:00Z"}},{"type":"Feature","geometry":{"type":"Point","coordinates":[126.1858,34.422]},"properties":{"ref":"HL/JN-235","name":"HL/JN-235","name_kanji":null,"alt_m":326,"points":1,"region_code":"JN","region_name":"Jeonnam","activations":1,"last_activation":"2024-10-01T00:00:00Z"}},{"type":"Feature","geometry":{"type":"Point","coordinates":[127.7181,34.7494]},"properties":{"ref":"HL/JN-236","name":"장군산 (Janggunsan)","name_kanji":null,"alt_m":325,"points":1,"region_code":"JN","region_name":"Jeonnam","activations":1,"last_activation":"2023-06-14T00:00:00Z"}},{"type":"Feature","geometry":{"type":"Point","coordinates":[126.7901,34.3316]},"properties":{"ref":"HL/JN-237","name":"상산 (Sangsan)","name_kanji":null,"alt_m":324,"points":1,"region_code":"JN","region_name":"Jeonnam","activations":2,"last_activation":"2023-01-10T00:00:00Z"}},{"type":"Feature","geometry":{"type":"Point","coordinates":[127.5918,34.6987]},"properties":{"ref":"HL/JN-238","name":"안양산 (Anyangsan)","name_kanji":null,"alt_m":324,"points":1,"region_code":"JN","region_name":"Jeonnam","activations":1,"last_activation":"2024-04-06T00:00:00Z"}},{"type":"Feature","geometry":{"type":"Point","coordinates":[126.7817,35.2702]},"properties":{"ref":"HL/JN-239","name":"큰월선봉 (Keunwolseonbong)","name_kanji":null,"alt_m":320,"points":1,"region_code":"JN","region_name":"Jeonnam","activations":1,"last_activation":"2023-05-07T00:00:00Z"}},{"type":"Feature","geometry":{"type":"Point","coordinates":[126.0851,35.0651]},"properties":{"ref":"HL/JN-240","name":"대둔산 (Daedunsan)","name_kanji":null,"alt_m":320,"points":1,"region_code":"JN","region_name":"Jeonnam","activations":1,"last_activation":"2024-04-13T00:00:00Z"}},{"type":"Feature","geometry":{"type":"Point","coordinates":[126.4586,34.8642]},"properties":{"ref":"HL/JN-241","name":"승달산 (Seungdalsan)","name_kanji":null,"alt_m":318,"points":1,"region_code":"JN","region_name":"Jeonnam","activations":2,"last_activation":"2025-05-10T00:00:00Z"}},{"type":"Feature","geometry":{"type":"Point","coordinates":[126.4608,34.9113]},"properties":{"ref":"HL/JN-242","name":"승달산 (Seungdalsan)","name_kanji":null,"alt_m":318,"points":1,"region_code":"JN","region_name":"Jeonnam","activations":1,"last_activation":"2023-09-27T00:00:00Z"}},{"type":"Feature","geometry":{"type":"Point","coordinates":[126.5643,34.572]},"properties":{"ref":"HL/JN-243","name":"남각산 (Namgaksan)","name_kanji":null,"alt_m":317,"points":1,"region_code":"JN","region_name":"Jeonnam","activations":1,"last_activation":"2025-09-30T00:00:00Z"}},{"type":"Feature","geometry":{"type":"Point","coordinates":[127.5553,34.975]},"properties":{"ref":"HL/JN-244","name":"웅방산 (Ungbangsan)","name_kanji":null,"alt_m":312,"points":1,"region_code":"JN","region_name":"Jeonnam","activations":2,"last_activation":"2025-06-22T00:00:00Z"}},{"type":"Feature","geometry":{"type":"Point","coordinates":[127.6077,34.7275]},"properties":{"ref":"HL/JN-245","name":"비봉산 (Bibongsan)","name_kanji":null,"alt_m":311,"points":1,"region_code":"JN","region_name":"Jeonnam","activations":1,"last_activation":"2023-04-01T00:00:00Z"}},{"type":"Feature","geometry":{"type":"Point","coordinates":[127.5366,34.9844]},"properties":{"ref":"HL/JN-246","name":"봉화산 (Bonghwasan)","name_kanji":null,"alt_m":310,"points":1,"region_code":"JN","region_name":"Jeonnam","activations":1,"last_activation":"2024-07-20T00:00:00Z"}},{"type":"Feature","geometry":{"type":"Point","coordinates":[127.2626,34.6184]},"properties":{"ref":"HL/JN-247","name":"수덕산 (Sudeoksan)","name_kanji":null,"alt_m":309,"points":1,"region_code":"JN","region_name":"Jeonnam","activations":1,"last_activation":"2025-03-23T00:00:00Z"}},{"type":"Feature","geometry":{"type":"Point","coordinates":[126.5599,34.6142]},"properties":{"ref":"HL/JN-248","name":"연마산 (Yeonmasan)","name_kanji":null,"alt_m":308,"points":1,"region_code":"JN","region_name":"Jeonnam","activations":1,"last_activation":"2025-09-30T00:00:00Z"}},{"type":"Feature","geometry":{"type":"Point","coordinates":[126.5741,34.5115]},"properties":{"ref":"HL/JN-249","name":"태양산 (Taeyangsan)","name_kanji":null,"alt_m":308,"points":1,"region_code":"JN","region_name":"Jeonnam","activations":1,"last_activation":"2025-09-29T00:00:00Z"}},{"type":"Feature","geometry":{"type":"Point","coordinates":[126.8032,35.355]},"properties":{"ref":"HL/JN-250","name":"구봉산 (Gubongsan)","name_kanji":null,"alt_m":308,"points":1,"region_code":"JN","region_name":"Jeonnam","activations":1,"last_activation":"2023-05-15T00:00:00Z"}},{"type":"Feature","geometry":{"type":"Point","coordinates":[126.4519,35.2008]},"properties":{"ref":"HL/JN-251","name":"금산 (Geumsan)","name_kanji":null,"alt_m":305,"points":1,"region_code":"JN","region_name":"Jeonnam","activations":1,"last_activation":"2023-09-24T00:00:00Z"}},{"type":"Feature","geometry":{"type":"Point","coordinates":[126.5421,34.7959]},"properties":{"ref":"HL/JN-252","name":"하은적산 (Haeunjeoksan)","name_kanji":null,"alt_m":304,"points":1,"region_code":"JN","region_name":"Jeonnam","activations":1,"last_activation":"2023-09-17T00:00:00Z"}},{"type":"Feature","geometry":{"type":"Point","coordinates":[126.2685,34.4973]},"properties":{"ref":"HL/JN-253","name":"철마산 (Cheolmasan)","name_kanji":null,"alt_m":304,"points":1,"region_code":"JN","region_name":"Jeonnam","activations":2,"last_activation":"2024-05-02T00:00:00Z"}},{"type":"Feature","geometry":{"type":"Point","coordinates":[126.8876,34.1637]},"properties":{"ref":"HL/JN-254","name":"보적산 (Bojeoksan)","name_kanji":null,"alt_m":300,"points":1,"region_code":"JN","region_name":"Jeonnam","activations":1,"last_activation":"2023-01-11T00:00:00Z"}},{"type":"Feature","geometry":{"type":"Point","coordinates":[125.9619,34.6359]},"properties":{"ref":"HL/JN-255","name":"HL/JN-255","name_kanji":null,"alt_m":300,"points":1,"region_code":"JN","region_name":"Jeonnam","activations":0,"last_activation":null}},{"type":"Feature","geometry":{"type":"Point","coordinates":[125.9411,34.6776]},"properties":{"ref":"HL/JN-256","name":"HL/JN-256","name_kanji":null,"alt_m":300,"points":1,"region_code":"JN","region_name":"Jeonnam","activations":0,"last_activation":null}},{"type":"Feature","geometry":{"type":"Point","coordinates":[126.8881,35.0356]},"properties":{"ref":"HL/JN-257","name":"중봉산 (Jungbongsan)","name_kanji":null,"alt_m":300,"points":1,"region_code":"JN","region_name":"Jeonnam","activations":1,"last_activation":"2024-05-25T00:00:00Z"}},{"type":"Feature","geometry":{"type":"Point","coordinates":[126.6485,35.1053]},"properties":{"ref":"HL/JN-258","name":"구절봉 (Gujeolbong)","name_kanji":null,"alt_m":297,"points":1,"region_code":"JN","region_name":"Jeonnam","activations":1,"last_activation":"2023-09-16T00:00:00Z"}},{"type":"Feature","geometry":{"type":"Point","coordinates":[127.5617,34.6861]},"properties":{"ref":"HL/JN-259","name":"서이산 (Seoisan)","name_kanji":null,"alt_m":297,"points":1,"region_code":"JN","region_name":"Jeonnam","activations":1,"last_activation":"2024-04-05T00:00:00Z"}},{"type":"Feature","geometry":{"type":"Point","coordinates":[126.3661,35.2309]},"properties":{"ref":"HL/JN-260","name":"봉덕산 (Bongdeoksan)","name_kanji":null,"alt_m":296,"points":1,"region_code":"JN","region_name":"Jeonnam","activations":4,"last_activation":"2022-09-17T00:00:00Z"}},{"type":"Feature","geometry":{"type":"Point","coordinates":[127.4592,34.8709]},"properties":{"ref":"HL/JN-261","name":"첨산 (Cheomsan)","name_kanji":null,"alt_m":295,"points":1,"region_code":"JN","region_name":"Jeonnam","activations":1,"last_activation":"2024-11-02T00:00:00Z"}},{"type":"Feature","geometry":{"type":"Point","coordinates":[126.832,35.0061]},"properties":{"ref":"HL/JN-262","name":"식산 (Siksan)","name_kanji":null,"alt_m":292,"points":1,"region_code":"JN","region_name":"Jeonnam","activations":4,"last_activation":"2026-03-15T00:00:00Z"}},{"type":"Feature","geometry":{"type":"Point","coordinates":[127.2886,34.6233]},"properties":{"ref":"HL/JN-263","name":"주월산 (Juwolsan)","name_kanji":null,"alt_m":291,"points":1,"region_code":"JN","region_name":"Jeonnam","activations":3,"last_activation":"2023-05-13T00:00:00Z"}},{"type":"Feature","geometry":{"type":"Point","coordinates":[126.2028,34.422]},"properties":{"ref":"HL/JN-264","name":"지령산 (Jiryeongsan)","name_kanji":null,"alt_m":289,"points":1,"region_code":"JN","region_name":"Jeonnam","activations":1,"last_activation":"2024-10-01T00:00:00Z"}},{"type":"Feature","geometry":{"type":"Point","coordinates":[127.1736,34.7526]},"properties":{"ref":"HL/JN-265","name":"오봉산 (Obongsan)","name_kanji":null,"alt_m":284,"points":1,"region_code":"JN","region_name":"Jeonnam","activations":1,"last_activation":"2025-10-09T00:00:00Z"}},{"type":"Feature","geometry":{"type":"Point","coordinates":[127.6343,34.6137]},"properties":{"ref":"HL/JN-266","name":"백호산 (Baekhosan)","name_kanji":null,"alt_m":283,"points":1,"region_code":"JN","region_name":"Jeonnam","activations":1,"last_activation":"2023-05-20T00:00:00Z"}},{"type":"Feature","geometry":{"type":"Point","coordinates":[126.6239,35.0873]},"properties":{"ref":"HL/JN-267","name":"국사봉 (Guksabong)","name_kanji":null,"alt_m":282,"points":1,"region_code":"JN","region_name":"Jeonnam","activations":1,"last_activation":"2023-09-15T00:00:00Z"}},{"type":"Feature","geometry":{"type":"Point","coordinates":[126.5233,34.4778]},"properties":{"ref":"HL/JN-268","name":"선은산 (Seoneunsan)","name_kanji":null,"alt_m":282,"points":1,"region_code":"JN","region_name":"Jeonnam","activations":1,"last_activation":"2025-09-29T00:00:00Z"}},{"type":"Feature","geometry":{"type":"Point","coordinates":[126.867,34.6711]},"properties":{"ref":"HL/JN-269","name":"HL/JN-269","name_kanji":null,"alt_m":280,"points":1,"region_code":"JN","region_name":"Jeonnam","activations":1,"last_activation":"2023-06-23T00:00:00Z"}},{"type":"Feature","geometry":{"type":"Point","coordinates":[127.3368,34.5345]},"properties":{"ref":"HL/JN-270","name":"HL/JN-270","name_kanji":null,"alt_m":280,"points":1,"region_code":"JN","region_name":"Jeonnam","activations":1,"last_activation":"2025-05-11T00:00:00Z"}},{"type":"Feature","geometry":{"type":"Point","coordinates":[126.5411,34.1729]},"properties":{"ref":"HL/JN-271","name":"HL/JN-271","name_kanji":null,"alt_m":280,"points":1,"region_code":"JN","region_name":"Jeonnam","activations":0,"last_activation":null}},{"type":"Feature","geometry":{"type":"Point","coordinates":[125.4668,34.6434]},"properties":{"ref":"HL/JN-272","name":"HL/JN-272","name_kanji":null,"alt_m":280,"points":1,"region_code":"JN","region_name":"Jeonnam","activations":0,"last_activation":null}},{"type":"Feature","geometry":{"type":"Point","coordinates":[127.5597,34.6118]},"properties":{"ref":"HL/JN-273","name":"낭도산 (Nangdosan)","name_kanji":null,"alt_m":279,"points":1,"region_code":"JN","region_name":"Jeonnam","activations":2,"last_activation":"2020-05-02T00:00:00Z"}},{"type":"Feature","geometry":{"type":"Point","coordinates":[126.1926,34.4402]},"properties":{"ref":"HL/JN-274","name":"삼당봉 (Samdangbong)","name_kanji":null,"alt_m":272,"points":1,"region_code":"JN","region_name":"Jeonnam","activations":1,"last_activation":"2024-10-01T00:00:00Z"}},{"type":"Feature","geometry":{"type":"Point","coordinates":[127.4535,34.5204]},"properties":{"ref":"HL/JN-275","name":"상산 (Sangsan)","name_kanji":null,"alt_m":272,"points":1,"region_code":"JN","region_name":"Jeonnam","activations":1,"last_activation":"2025-08-09T00:00:00Z"}},{"type":"Feature","geometry":{"type":"Point","coordinates":[126.0427,34.2892]},"properties":{"ref":"HL/JN-276","name":"동대봉 (Dongdaebong)","name_kanji":null,"alt_m":271,"points":1,"region_code":"JN","region_name":"Jeonnam","activations":1,"last_activation":"2025-11-23T00:00:00Z"}},{"type":"Feature","geometry":{"type":"Point","coordinates":[127.7581,34.6778]},"properties":{"ref":"HL/JN-277","name":"천마산 (Cheonmasan)","name_kanji":null,"alt_m":271,"points":1,"region_code":"JN","region_name":"Jeonnam","activations":1,"last_activation":"2023-09-10T00:00:00Z"}},{"type":"Feature","geometry":{"type":"Point","coordinates":[126.2895,34.6636]},"properties":{"ref":"HL/JN-278","name":"호출산 (Hochulsan)","name_kanji":null,"alt_m":271,"points":1,"region_code":"JN","region_name":"Jeonnam","activations":1,"last_activation":"2024-11-28T00:00:00Z"}},{"type":"Feature","geometry":{"type":"Point","coordinates":[127.2378,34.5496]},"properties":{"ref":"HL/JN-279","name":"HL/JN-279","name_kanji":null,"alt_m":270,"points":1,"region_code":"JN","region_name":"Jeonnam","activations":1,"last_activation":"2025-12-19T00:00:00Z"}},{"type":"Feature","geometry":{"type":"Point","coordinates":[126.1809,34.386]},"properties":{"ref":"HL/JN-280","name":"회연산 (Hoeyeonsan)","name_kanji":null,"alt_m":270,"points":1,"region_code":"JN","region_name":"Jeonnam","activations":1,"last_activation":"2024-10-01T00:00:00Z"}},{"type":"Feature","geometry":{"type":"Point","coordinates":[126.336,34.5068]},"properties":{"ref":"HL/JN-281","name":"상봉 (Sangbong)","name_kanji":null,"alt_m":267,"points":1,"region_code":"JN","region_name":"Jeonnam","activations":1,"last_activation":"2024-10-02T00:00:00Z"}},{"type":"Feature","geometry":{"type":"Point","coordinates":[126.5743,35.0858]},"properties":{"ref":"HL/JN-282","name":"철성산 (Cheolseongsan)","name_kanji":null,"alt_m":264,"points":1,"region_code":"JN","region_name":"Jeonnam","activations":1,"last_activation":"2023-07-01T00:00:00Z"}},{"type":"Feature","geometry":{"type":"Point","coordinates":[126.4377,35.4001]},"properties":{"ref":"HL/JN-283","name":"금정산 (Geumjeongsan)","name_kanji":null,"alt_m":264,"points":1,"region_code":"JN","region_name":"Jeonnam","activations":1,"last_activation":"2024-11-24T00:00:00Z"}},{"type":"Feature","geometry":{"type":"Point","coordinates":[127.3294,34.4925]},"properties":{"ref":"HL/JN-284","name":"수덕산 (Sudeoksan)","name_kanji":null,"alt_m":263,"points":1,"region_code":"JN","region_name":"Jeonnam","activations":1,"last_activation":"2024-10-26T00:00:00Z"}},{"type":"Feature","geometry":{"type":"Point","coordinates":[126.1135,34.4404]},"properties":{"ref":"HL/JN-285","name":"큰애기봉 (Keunaegibong)","name_kanji":null,"alt_m":260,"points":1,"region_code":"JN","region_name":"Jeonnam","activations":1,"last_activation":"2019-06-03T00:00:00Z"}},{"type":"Feature","geometry":{"type":"Point","coordinates":[125.367,34.6761]},"properties":{"ref":"HL/JN-286","name":"HL/JN-286","name_kanji":null,"alt_m":260,"points":1,"region_code":"JN","region_name":"Jeonnam","activations":0,"last_activation":null}},{"type":"Feature","geometry":{"type":"Point","coordinates":[126.4651,35.0378]},"properties":{"ref":"HL/JN-288","name":"감방산 (Gambangsan)","name_kanji":null,"alt_m":259,"points":1,"region_code":"JN","region_name":"Jeonnam","activations":1,"last_activation":"2023-09-26T00:00:00Z"}},{"type":"Feature","geometry":{"type":"Point","coordinates":[127.4425,34.5942]},"properties":{"ref":"HL/JN-289","name":"HL/JN-289","name_kanji":null,"alt_m":258,"points":1,"region_code":"JN","region_name":"Jeonnam","activations":0,"last_activation":null}},{"type":"Feature","geometry":{"type":"Point","coordinates":[126.2435,34.4347]},"properties":{"ref":"HL/JN-290","name":"삼막봉 (Sammakbong)","name_kanji":null,"alt_m":258,"points":1,"region_code":"JN","region_name":"Jeonnam","activations":1,"last_activation":"2024-10-02T00:00:00Z"}},{"type":"Feature","geometry":{"type":"Point","coordinates":[126.2209,34.509]},"properties":{"ref":"HL/JN-291","name":"연대산 (Yeondaesan)","name_kanji":null,"alt_m":255,"points":1,"region_code":"JN","region_name":"Jeonnam","activations":1,"last_activation":"2024-10-02T00:00:00Z"}},{"type":"Feature","geometry":{"type":"Point","coordinates":[125.9041,34.7494]},"properties":{"ref":"HL/JN-292","name":"선왕산 (Seonwangsan)","name_kanji":null,"alt_m":255,"points":1,"region_code":"JN","region_name":"Jeonnam","activations":1,"last_activation":"2018-04-08T00:00:00Z"}},{"type":"Feature","geometry":{"type":"Point","coordinates":[127.3785,34.7027]},"properties":{"ref":"HL/JN-293","name":"월악산 (Woraksan)","name_kanji":null,"alt_m":254,"points":1,"region_code":"JN","region_name":"Jeonnam","activations":1,"last_activation":"2025-08-02T00:00:00Z"}},{"type":"Feature","geometry":{"type":"Point","coordinates":[126.2809,34.52]},"properties":{"ref":"HL/JN-294","name":"고두산 (Godusan)","name_kanji":null,"alt_m":252,"points":1,"region_code":"JN","region_name":"Jeonnam","activations":1,"last_activation":"2024-10-02T00:00:00Z"}},{"type":"Feature","geometry":{"type":"Point","coordinates":[125.8153,34.5986]},"properties":{"ref":"HL/JN-295","name":"도리산 (Dorisan)","name_kanji":null,"alt_m":252,"points":1,"region_code":"JN","region_name":"Jeonnam","activations":0,"last_activation":null}},{"type":"Feature","geometry":{"type":"Point","coordinates":[127.0954,34.6028]},"properties":{"ref":"HL/JN-296","name":"성재봉 (Seongjaebong)","name_kanji":null,"alt_m":248,"points":1,"region_code":"JN","region_name":"Jeonnam","activations":1,"last_activation":"2023-06-23T00:00:00Z"}},{"type":"Feature","geometry":{"type":"Point","coordinates":[127.32,34.0426]},"properties":{"ref":"HL/JN-297","name":"망향산 (Manghyangsan)","name_kanji":null,"alt_m":247,"points":1,"region_code":"JN","region_name":"Jeonnam","activations":1,"last_activation":"2025-12-28T00:00:00Z"}},{"type":"Feature","geometry":{"type":"Point","coordinates":[127.7028,34.8842]},"properties":{"ref":"HL/JN-298","name":"봉화산 (Bonghwasan)","name_kanji":null,"alt_m":246,"points":1,"region_code":"JN","region_name":"Jeonnam","activations":8,"last_activation":"2026-03-07T00:00:00Z"}},{"type":"Feature","geometry":{"type":"Point","coordinates":[126.0178,35.0939]},"properties":{"ref":"HL/JN-299","name":"봉산 (Bongsan)","name_kanji":null,"alt_m":244,"points":1,"region_code":"JN","region_name":"Jeonnam","activations":0,"last_activation":null}},{"type":"Feature","geometry":{"type":"Point","coordinates":[127.5325,34.2664]},"properties":{"ref":"HL/JN-300","name":"HL/JN-300","name_kanji":null,"alt_m":243,"points":1,"region_code":"JN","region_name":"Jeonnam","activations":0,"last_activation":null}},{"type":"Feature","geometry":{"type":"Point","coordinates":[127.3545,34.2794]},"properties":{"ref":"HL/JN-301","name":"기대봉 (Gidaebong)","name_kanji":null,"alt_m":242,"points":1,"region_code":"JN","region_name":"Jeonnam","activations":1,"last_activation":"2025-12-06T00:00:00Z"}},{"type":"Feature","geometry":{"type":"Point","coordinates":[126.5536,34.5327]},"properties":{"ref":"HL/JN-302","name":"HL/JN-302","name_kanji":null,"alt_m":242,"points":1,"region_code":"JN","region_name":"Jeonnam","activations":1,"last_activation":"2025-09-28T00:00:00Z"}},{"type":"Feature","geometry":{"type":"Point","coordinates":[126.7609,34.1993]},"properties":{"ref":"HL/JN-303","name":"대봉산 (Daebongsan)","name_kanji":null,"alt_m":241,"points":1,"region_code":"JN","region_name":"Jeonnam","activations":1,"last_activation":"2025-11-29T00:00:00Z"}},{"type":"Feature","geometry":{"type":"Point","coordinates":[127.473,34.538]},"properties":{"ref":"HL/JN-304","name":"구룡산 (Guryongsan)","name_kanji":null,"alt_m":241,"points":1,"region_code":"JN","region_name":"Jeonnam","activations":1,"last_activation":"2025-08-09T00:00:00Z"}},{"type":"Feature","geometry":{"type":"Point","coordinates":[126.7867,34.4151]},"properties":{"ref":"HL/JN-306","name":"덕암산 (Deogamsan)","name_kanji":null,"alt_m":240,"points":1,"region_code":"JN","region_name":"Jeonnam","activations":2,"last_activation":"2025-05-05T00:00:00Z"}},{"type":"Feature","geometry":{"type":"Point","coordinates":[126.1809,34.3718]},"properties":{"ref":"HL/JN-307","name":"질매봉 (Jilmaebong)","name_kanji":null,"alt_m":240,"points":1,"region_code":"JN","region_name":"Jeonnam","activations":1,"last_activation":"2024-10-01T00:00:00Z"}},{"type":"Feature","geometry":{"type":"Point","coordinates":[126.2916,34.7495]},"properties":{"ref":"HL/JN-308","name":"HL/JN-308","name_kanji":null,"alt_m":240,"points":1,"region_code":"JN","region_name":"Jeonnam","activations":1,"last_activation":"2024-11-28T00:00:00Z"}},{"type":"Feature","geometry":{"type":"Point","coordinates":[126.9255,34.4774]},"properties":{"ref":"HL/JN-309","name":"HL/JN-309","name_kanji":null,"alt_m":240,"points":1,"region_code":"JN","region_name":"Jeonnam","activations":1,"last_activation":"2025-10-20T00:00:00Z"}},{"type":"Feature","geometry":{"type":"Point","coordinates":[127.6209,34.7876]},"properties":{"ref":"HL/JN-310","name":"비봉산 (Bibongsan)","name_kanji":null,"alt_m":240,"points":1,"region_code":"JN","region_name":"Jeonnam","activations":1,"last_activation":"2023-08-26T00:00:00Z"}},{"type":"Feature","geometry":{"type":"Point","coordinates":[126.9674,34.548]},"properties":{"ref":"HL/JN-311","name":"소산봉 (Sosanbong)","name_kanji":null,"alt_m":239,"points":1,"region_code":"JN","region_name":"Jeonnam","activations":1,"last_activation":"2025-10-20T00:00:00Z"}},{"type":"Feature","geometry":{"type":"Point","coordinates":[126.0692,34.3012]},"properties":{"ref":"HL/JN-312","name":"심금산 (Simgeumsan)","name_kanji":null,"alt_m":238,"points":1,"region_code":"JN","region_name":"Jeonnam","activations":1,"last_activation":"2025-11-22T00:00:00Z"}},{"type":"Feature","geometry":{"type":"Point","coordinates":[126.23,34.9217]},"properties":{"ref":"HL/JN-313","name":"매화산 (Maehwasan)","name_kanji":null,"alt_m":238,"points":1,"region_code":"JN","region_name":"Jeonnam","activations":0,"last_activation":null}},{"type":"Feature","geometry":{"type":"Point","coordinates":[126.517,35.2187]},"properties":{"ref":"HL/JN-314","name":"방마산 (Bangmasan)","name_kanji":null,"alt_m":236,"points":1,"region_code":"JN","region_name":"Jeonnam","activations":1,"last_activation":"2023-10-02T00:00:00Z"}},{"type":"Feature","geometry":{"type":"Point","coordinates":[127.4862,34.8494]},"properties":{"ref":"HL/JN-315","name":"봉화산 (Bonghwasan)","name_kanji":null,"alt_m":235,"points":1,"region_code":"JN","region_name":"Jeonnam","activations":1,"last_activation":"2019-06-08T00:00:00Z"}},{"type":"Feature","geometry":{"type":"Point","coordinates":[127.0522,34.3477]},"properties":{"ref":"HL/JN-316","name":"망산 (Mangsan)","name_kanji":null,"alt_m":235,"points":1,"region_code":"JN","region_name":"Jeonnam","activations":1,"last_activation":"2025-12-07T00:00:00Z"}},{"type":"Feature","geometry":{"type":"Point","coordinates":[126.2553,34.8518]},"properties":{"ref":"HL/JN-317","name":"송공산 (Songgongsan)","name_kanji":null,"alt_m":234,"points":1,"region_code":"JN","region_name":"Jeonnam","activations":1,"last_activation":"2023-01-09T00:00:00Z"}},{"type":"Feature","geometry":{"type":"Point","coordinates":[127.2868,34.0442]},"properties":{"ref":"HL/JN-318","name":"음달산 (Eumdalsan)","name_kanji":null,"alt_m":234,"points":1,"region_code":"JN","region_name":"Jeonnam","activations":0,"last_activation":null}},{"type":"Feature","geometry":{"type":"Point","coordinates":[125.1858,34.6778]},"properties":{"ref":"HL/JN-319","name":"양산봉 (Yangsanbong)","name_kanji":null,"alt_m":232,"points":1,"region_code":"JN","region_name":"Jeonnam","activations":1,"last_activation":"2019-05-04T00:00:00Z"}},{"type":"Feature","geometry":{"type":"Point","coordinates":[126.1559,34.3742]},"properties":{"ref":"HL/JN-320","name":"한복산 (Hanboksan)","name_kanji":null,"alt_m":232,"points":1,"region_code":"JN","region_name":"Jeonnam","activations":1,"last_activation":"2024-10-01T00:00:00Z"}},{"type":"Feature","geometry":{"type":"Point","coordinates":[127.8018,34.4236]},"properties":{"ref":"HL/JN-322","name":"증봉 (Jeungbong)","name_kanji":null,"alt_m":231,"points":1,"region_code":"JN","region_name":"Jeonnam","activations":1,"last_activation":"2021-05-22T00:00:00Z"}},{"type":"Feature","geometry":{"type":"Point","coordinates":[126.3727,34.79]},"properties":{"ref":"HL/JN-323","name":"유달산 (Yudalsan)","name_kanji":null,"alt_m":228,"points":1,"region_code":"JN","region_name":"Jeonnam","activations":9,"last_activation":"2024-06-22T00:00:00Z"}},{"type":"Feature","geometry":{"type":"Point","coordinates":[126.4628,34.8233]},"properties":{"ref":"HL/JN-324","name":"오룡산 (Oryongsan)","name_kanji":null,"alt_m":228,"points":1,"region_code":"JN","region_name":"Jeonnam","activations":1,"last_activation":"2023-09-27T00:00:00Z"}},{"type":"Feature","geometry":{"type":"Point","coordinates":[127.1337,34.5596]},"properties":{"ref":"HL/JN-325","name":"장계산 (Janggyesan)","name_kanji":null,"alt_m":227,"points":1,"region_code":"JN","region_name":"Jeonnam","activations":2,"last_activation":"2023-05-19T00:00:00Z"}},{"type":"Feature","geometry":{"type":"Point","coordinates":[127.7382,34.9751]},"properties":{"ref":"HL/JN-326","name":"천왕산 (Cheonwangsan)","name_kanji":null,"alt_m":226,"points":1,"region_code":"JN","region_name":"Jeonnam","activations":2,"last_activation":"2025-03-30T00:00:00Z"}},{"type":"Feature","geometry":{"type":"Point","coordinates":[126.8395,34.3409]},"properties":{"ref":"HL/JN-327","name":"노학봉 (Nohakbong)","name_kanji":null,"alt_m":225,"points":1,"region_code":"JN","region_name":"Jeonnam","activations":1,"last_activation":"2023-01-10T00:00:00Z"}},{"type":"Feature","geometry":{"type":"Point","coordinates":[126.0668,35.0847]},"properties":{"ref":"HL/JN-328","name":"불갑산 (Bulgapsan)","name_kanji":null,"alt_m":224,"points":1,"region_code":"JN","region_name":"Jeonnam","activations":1,"last_activation":"2024-04-12T00:00:00Z"}},{"type":"Feature","geometry":{"type":"Point","coordinates":[127.0876,34.386]},"properties":{"ref":"HL/JN-329","name":"상산 (Sangsan)","name_kanji":null,"alt_m":224,"points":1,"region_code":"JN","region_name":"Jeonnam","activations":1,"last_activation":"2025-12-07T00:00:00Z"}},{"type":"Feature","geometry":{"type":"Point","coordinates":[127.7468,34.9501]},"properties":{"ref":"HL/JN-330","name":"HL/JN-330","name_kanji":null,"alt_m":224,"points":1,"region_code":"JN","region_name":"Jeonnam","activations":3,"last_activation":"2025-06-21T00:00:00Z"}},{"type":"Feature","geometry":{"type":"Point","coordinates":[127.6269,34.7718]},"properties":{"ref":"HL/JN-332","name":"무선산 (Museonsan)","name_kanji":null,"alt_m":220,"points":1,"region_code":"JN","region_name":"Jeonnam","activations":1,"last_activation":"2024-04-06T00:00:00Z"}},{"type":"Feature","geometry":{"type":"Point","coordinates":[127.5986,34.7546]},"properties":{"ref":"HL/JN-333","name":"국사봉 (Guksabong)","name_kanji":null,"alt_m":220,"points":1,"region_code":"JN","region_name":"Jeonnam","activations":1,"last_activation":"2023-08-25T00:00:00Z"}},{"type":"Feature","geometry":{"type":"Point","coordinates":[127.0391,34.4467]},"properties":{"ref":"HL/JN-334","name":"HL/JN-334","name_kanji":null,"alt_m":220,"points":1,"region_code":"JN","region_name":"Jeonnam","activations":1,"last_activation":"2025-08-15T00:00:00Z"}},{"type":"Feature","geometry":{"type":"Point","coordinates":[125.9793,34.6827]},"properties":{"ref":"HL/JN-335","name":"금성산 (Geumseongsan)","name_kanji":null,"alt_m":219,"points":1,"region_code":"JN","region_name":"Jeonnam","activations":0,"last_activation":null}},{"type":"Feature","geometry":{"type":"Point","coordinates":[126.051,34.2322]},"properties":{"ref":"HL/JN-336","name":"돈대산 (Dondaesan)","name_kanji":null,"alt_m":219,"points":1,"region_code":"JN","region_name":"Jeonnam","activations":0,"last_activation":null}},{"type":"Feature","geometry":{"type":"Point","coordinates":[127.15,34.535]},"properties":{"ref":"HL/JN-337","name":"비봉산 (Bibongsan)","name_kanji":null,"alt_m":219,"points":1,"region_code":"JN","region_name":"Jeonnam","activations":2,"last_activation":"2024-02-12T00:00:00Z"}},{"type":"Feature","geometry":{"type":"Point","coordinates":[127.3551,34.1741]},"properties":{"ref":"HL/JN-338","name":"HL/JN-338","name_kanji":null,"alt_m":218,"points":1,"region_code":"JN","region_name":"Jeonnam","activations":0,"last_activation":null}},{"type":"Feature","geometry":{"type":"Point","coordinates":[127.3392,34.6803]},"properties":{"ref":"HL/JN-339","name":"복호산 (Bokhosan)","name_kanji":null,"alt_m":217,"points":1,"region_code":"JN","region_name":"Jeonnam","activations":1,"last_activation":"2024-10-11T00:00:00Z"}},{"type":"Feature","geometry":{"type":"Point","coordinates":[126.859,34.4477]},"properties":{"ref":"HL/JN-340","name":"오성산 (Oseongsan)","name_kanji":null,"alt_m":216,"points":1,"region_code":"JN","region_name":"Jeonnam","activations":1,"last_activation":"2025-05-04T00:00:00Z"}},{"type":"Feature","geometry":{"type":"Point","coordinates":[126.961,34.4826]},"properties":{"ref":"HL/JN-341","name":"HL/JN-341","name_kanji":null,"alt_m":216,"points":1,"region_code":"JN","region_name":"Jeonnam","activations":1,"last_activation":"2025-10-20T00:00:00Z"}},{"type":"Feature","geometry":{"type":"Point","coordinates":[127.4558,34.4895]},"properties":{"ref":"HL/JN-342","name":"삼암산 (Samamsan)","name_kanji":null,"alt_m":210,"points":1,"region_code":"JN","region_name":"Jeonnam","activations":1,"last_activation":"2025-08-03T00:00:00Z"}},{"type":"Feature","geometry":{"type":"Point","coordinates":[126.1503,34.6621]},"properties":{"ref":"HL/JN-343","name":"오음산 (Oeumsan)","name_kanji":null,"alt_m":208,"points":1,"region_code":"JN","region_name":"Jeonnam","activations":1,"last_activation":"2025-12-27T00:00:00Z"}},{"type":"Feature","geometry":{"type":"Point","coordinates":[127.7753,34.69]},"properties":{"ref":"HL/JN-344","name":"소미산 (Somisan)","name_kanji":null,"alt_m":208,"points":1,"region_code":"JN","region_name":"Jeonnam","activations":1,"last_activation":"2023-09-10T00:00:00Z"}},{"type":"Feature","geometry":{"type":"Point","coordinates":[127.4412,34.4735]},"properties":{"ref":"HL/JN-345","name":"봉화산 (Bonghwasan)","name_kanji":null,"alt_m":207,"points":1,"region_code":"JN","region_name":"Jeonnam","activations":1,"last_activation":"2025-08-14T00:00:00Z"}},{"type":"Feature","geometry":{"type":"Point","coordinates":[127.8123,34.4854]},"properties":{"ref":"HL/JN-346","name":"상산 (Sangsan)","name_kanji":null,"alt_m":207,"points":1,"region_code":"JN","region_name":"Jeonnam","activations":1,"last_activation":"2024-11-09T00:00:00Z"}},{"type":"Feature","geometry":{"type":"Point","coordinates":[127.3078,34.4344]},"properties":{"ref":"HL/JN-348","name":"HL/JN-348","name_kanji":null,"alt_m":203,"points":1,"region_code":"JN","region_name":"Jeonnam","activations":1,"last_activation":"2024-10-26T00:00:00Z"}},{"type":"Feature","geometry":{"type":"Point","coordinates":[125.9626,34.6636]},"properties":{"ref":"HL/JN-349","name":"근산 (Geunsan)","name_kanji":null,"alt_m":202,"points":1,"region_code":"JN","region_name":"Jeonnam","activations":0,"last_activation":null}},{"type":"Feature","geometry":{"type":"Point","coordinates":[126.1018,34.7044]},"properties":{"ref":"HL/JN-350","name":"견산 (Gyeonsan)","name_kanji":null,"alt_m":202,"points":1,"region_code":"JN","region_name":"Jeonnam","activations":1,"last_activation":"2025-10-08T00:00:00Z"}},{"type":"Feature","geometry":{"type":"Point","coordinates":[126.005,34.3285]},"properties":{"ref":"HL/JN-352","name":"돈대봉 (Dondaebong)","name_kanji":null,"alt_m":200,"points":1,"region_code":"JN","region_name":"Jeonnam","activations":1,"last_activation":"2025-11-23T00:00:00Z"}},{"type":"Feature","geometry":{"type":"Point","coordinates":[126.6169,34.2445]},"properties":{"ref":"HL/JN-353","name":"HL/JN-353","name_kanji":null,"alt_m":200,"points":1,"region_code":"JN","region_name":"Jeonnam","activations":1,"last_activation":"2025-11-30T00:00:00Z"}},{"type":"Feature","geometry":{"type":"Point","coordinates":[126.1331,34.8701]},"properties":{"ref":"HL/JN-354","name":"HL/JN-354","name_kanji":null,"alt_m":200,"points":1,"region_code":"JN","region_name":"Jeonnam","activations":0,"last_activation":null}},{"type":"Feature","geometry":{"type":"Point","coordinates":[126.1403,34.8451]},"properties":{"ref":"HL/JN-355","name":"박달산 (Bakdalsan)","name_kanji":null,"alt_m":200,"points":1,"region_code":"JN","region_name":"Jeonnam","activations":1,"last_activation":"2025-05-24T00:00:00Z"}},{"type":"Feature","geometry":{"type":"Point","coordinates":[127.2658,34.7624]},"properties":{"ref":"HL/JN-356","name":"HL/JN-356","name_kanji":null,"alt_m":200,"points":1,"region_code":"JN","region_name":"Jeonnam","activations":1,"last_activation":"2025-10-11T00:00:00Z"}},{"type":"Feature","geometry":{"type":"Point","coordinates":[127.4027,34.4777]},"properties":{"ref":"HL/JN-357","name":"HL/JN-357","name_kanji":null,"alt_m":199,"points":1,"region_code":"JN","region_name":"Jeonnam","activations":1,"last_activation":"2025-12-20T00:00:00Z"}},{"type":"Feature","geometry":{"type":"Point","coordinates":[126.546,34.4361]},"properties":{"ref":"HL/JN-358","name":"백방산 (Baekbangsan)","name_kanji":null,"alt_m":198,"points":1,"region_code":"JN","region_name":"Jeonnam","activations":1,"last_activation":"2024-11-29T00:00:00Z"}},{"type":"Feature","geometry":{"type":"Point","coordinates":[127.7522,34.9728]},"properties":{"ref":"HL/JN-359","name":"망덕산 (Mangdeoksan)","name_kanji":null,"alt_m":197,"points":1,"region_code":"JN","region_name":"Jeonnam","activations":2,"last_activation":"2025-03-30T00:00:00Z"}},{"type":"Feature","geometry":{"type":"Point","coordinates":[126.1795,35.0906]},"properties":{"ref":"HL/JN-360","name":"삼암산 (Samamsan)","name_kanji":null,"alt_m":196,"points":1,"region_code":"JN","region_name":"Jeonnam","activations":1,"last_activation":"2024-04-13T00:00:00Z"}},{"type":"Feature","geometry":{"type":"Point","coordinates":[126.2726,35.1192]},"properties":{"ref":"HL/JN-361","name":"봉대산 (Bongdaesan)","name_kanji":null,"alt_m":195,"points":1,"region_code":"JN","region_name":"Jeonnam","activations":1,"last_activation":"2015-06-09T00:00:00Z"}},{"type":"Feature","geometry":{"type":"Point","coordinates":[127.3217,34.0116]},"properties":{"ref":"HL/JN-362","name":"수월산 (Suwolsan)","name_kanji":null,"alt_m":194,"points":1,"region_code":"JN","region_name":"Jeonnam","activations":1,"last_activation":"2024-08-03T00:00:00Z"}},{"type":"Feature","geometry":{"type":"Point","coordinates":[127.3444,34.7426]},"properties":{"ref":"HL/JN-363","name":"천봉산 (Cheonbongsan)","name_kanji":null,"alt_m":193,"points":1,"region_code":"JN","region_name":"Jeonnam","activations":1,"last_activation":"2025-08-02T00:00:00Z"}},{"type":"Feature","geometry":{"type":"Point","coordinates":[126.3569,34.6842]},"properties":{"ref":"HL/JN-364","name":"금성산 (Geumseongsan)","name_kanji":null,"alt_m":186,"points":1,"region_code":"JN","region_name":"Jeonnam","activations":1,"last_activation":"2024-11-28T00:00:00Z"}},{"type":"Feature","geometry":{"type":"Point","coordinates":[126.5567,34.2781]},"properties":{"ref":"HL/JN-365","name":"상상봉 (Sangsangbong)","name_kanji":null,"alt_m":184,"points":1,"region_code":"JN","region_name":"Jeonnam","activations":1,"last_activation":"2025-11-30T00:00:00Z"}},{"type":"Feature","geometry":{"type":"Point","coordinates":[126.4036,34.7656]},"properties":{"ref":"HL/JN-366","name":"대아산 (Daeasan)","name_kanji":null,"alt_m":183,"points":1,"region_code":"JN","region_name":"Jeonnam","activations":1,"last_activation":"2025-09-13T00:00:00Z"}},{"type":"Feature","geometry":{"type":"Point","coordinates":[126.0925,34.7575]},"properties":{"ref":"HL/JN-367","name":"봉산 (Bongsan)","name_kanji":null,"alt_m":182,"points":1,"region_code":"JN","region_name":"Jeonnam","activations":1,"last_activation":"2025-10-07T00:00:00Z"}},{"type":"Feature","geometry":{"type":"Point","coordinates":[127.1662,34.2046]},"properties":{"ref":"HL/JN-368","name":"HL/JN-368","name_kanji":null,"alt_m":181,"points":1,"region_code":"JN","region_name":"Jeonnam","activations":0,"last_activation":null}},{"type":"Feature","geometry":{"type":"Point","coordinates":[126.0675,34.5429]},"properties":{"ref":"HL/JN-369","name":"천왕봉 (Cheonwangbong)","name_kanji":null,"alt_m":180,"points":1,"region_code":"JN","region_name":"Jeonnam","activations":0,"last_activation":null}},{"type":"Feature","geometry":{"type":"Point","coordinates":[126.142,34.6276]},"properties":{"ref":"HL/JN-370","name":"대성산 (Daeseongsan)","name_kanji":null,"alt_m":180,"points":1,"region_code":"JN","region_name":"Jeonnam","activations":1,"last_activation":"2025-12-27T00:00:00Z"}},{"type":"Feature","geometry":{"type":"Point","coordinates":[127.0428,34.3903]},"properties":{"ref":"HL/JN-371","name":"HL/JN-371","name_kanji":null,"alt_m":179,"points":1,"region_code":"JN","region_name":"Jeonnam","activations":0,"last_activation":null}},{"type":"Feature","geometry":{"type":"Point","coordinates":[126.1838,34.2569]},"properties":{"ref":"HL/JN-372","name":"HL/JN-372","name_kanji":null,"alt_m":178,"points":1,"region_code":"JN","region_name":"Jeonnam","activations":0,"last_activation":null}},{"type":"Feature","geometry":{"type":"Point","coordinates":[126.3652,34.5733]},"properties":{"ref":"HL/JN-373","name":"옥매산 (Okmaesan)","name_kanji":null,"alt_m":177,"points":1,"region_code":"JN","region_name":"Jeonnam","activations":1,"last_activation":"2024-11-28T00:00:00Z"}},{"type":"Feature","geometry":{"type":"Point","coordinates":[127.7576,34.7261]},"properties":{"ref":"HL/JN-374","name":"HL/JN-374","name_kanji":null,"alt_m":177,"points":1,"region_code":"JN","region_name":"Jeonnam","activations":1,"last_activation":"2023-06-19T00:00:00Z"}},{"type":"Feature","geometry":{"type":"Point","coordinates":[126.0336,35.3445]},"properties":{"ref":"HL/JN-375","name":"뒷산 (Dwitsan)","name_kanji":null,"alt_m":177,"points":1,"region_code":"JN","region_name":"Jeonnam","activations":1,"last_activation":"2026-03-22T00:00:00Z"}},{"type":"Feature","geometry":{"type":"Point","coordinates":[127.2617,34.3885]},"properties":{"ref":"HL/JN-376","name":"봉오산 (Bongosan)","name_kanji":null,"alt_m":176,"points":1,"region_code":"JN","region_name":"Jeonnam","activations":1,"last_activation":"2025-12-13T00:00:00Z"}},{"type":"Feature","geometry":{"type":"Point","coordinates":[127.1976,34.2191]},"properties":{"ref":"HL/JN-377","name":"HL/JN-377","name_kanji":null,"alt_m":174,"points":1,"region_code":"JN","region_name":"Jeonnam","activations":0,"last_activation":null}},{"type":"Feature","geometry":{"type":"Point","coordinates":[126.2919,34.3818]},"properties":{"ref":"HL/JN-378","name":"남망산 (Nammangsan)","name_kanji":null,"alt_m":164,"points":1,"region_code":"JN","region_name":"Jeonnam","activations":2,"last_activation":"2024-10-01T00:00:00Z"}},{"type":"Feature","geometry":{"type":"Point","coordinates":[126.1358,35.2835]},"properties":{"ref":"HL/JN-379","name":"왕산봉 (Wangsanbong)","name_kanji":null,"alt_m":161,"points":1,"region_code":"JN","region_name":"Jeonnam","activations":1,"last_activation":"2026-03-22T00:00:00Z"}},{"type":"Feature","geometry":{"type":"Point","coordinates":[125.47,34.2125]},"properties":{"ref":"HL/JN-380","name":"마구산 (Magusan)","name_kanji":null,"alt_m":160,"points":1,"region_code":"JN","region_name":"Jeonnam","activations":0,"last_activation":null}},{"type":"Feature","geometry":{"type":"Point","coordinates":[126.596,34.1017]},"properties":{"ref":"HL/JN-381","name":"HL/JN-381","name_kanji":null,"alt_m":160,"points":1,"region_code":"JN","region_name":"Jeonnam","activations":0,"last_activation":null}},{"type":"Feature","geometry":{"type":"Point","coordinates":[125.9809,34.2712]},"properties":{"ref":"HL/JN-382","name":"HL/JN-382","name_kanji":null,"alt_m":150,"points":1,"region_code":"JN","region_name":"Jeonnam","activations":1,"last_activation":"2015-05-19T00:00:00Z"}},{"type":"Feature","geometry":{"type":"Point","coordinates":[126.2727,34.4585]},"properties":{"ref":"HL/JN-383","name":"진밀산 (Jinmilsan)","name_kanji":null,"alt_m":280,"points":1,"region_code":"JN","region_name":"Jeonnam","activations":2,"last_activation":"2024-10-02T00:00:00Z"}},{"type":"Feature","geometry":{"type":"Point","coordinates":[127.015,37.6992]},"properties":{"ref":"HL/SL-001","name":"도봉산 (Dobongsan)","name_kanji":null,"alt_m":740,"points":4,"region_code":"SL","region_name":"Seoul","activations":47,"last_activation":"2025-09-14T00:00:00Z"}},{"type":"Feature","geometry":{"type":"Point","coordinates":[126.9641,37.4449]},"properties":{"ref":"HL/SL-002","name":"관악산 (Gwanaksan)","name_kanji":null,"alt_m":632,"points":2,"region_code":"SL","region_name":"Seoul","activations":46,"last_activation":"2025-11-30T00:00:00Z"}},{"type":"Feature","geometry":{"type":"Point","coordinates":[127.0958,37.5711]},"properties":{"ref":"HL/SL-003","name":"용마봉 (Yongmabong)","name_kanji":null,"alt_m":348,"points":1,"region_code":"SL","region_name":"Seoul","activations":30,"last_activation":"2025-08-26T00:00:00Z"}},{"type":"Feature","geometry":{"type":"Point","coordinates":[126.958,37.5848]},"properties":{"ref":"HL/SL-004","name":"인왕산 (Inwangsan)","name_kanji":null,"alt_m":338,"points":1,"region_code":"SL","region_name":"Seoul","activations":21,"last_activation":"2025-08-03T00:00:00Z"}},{"type":"Feature","geometry":{"type":"Point","coordinates":[127.0881,37.445]},"properties":{"ref":"HL/SL-005","name":"인릉산 (Illeungsan)","name_kanji":null,"alt_m":327,"points":1,"region_code":"SL","region_name":"Seoul","activations":10,"last_activation":"2026-03-26T00:00:00Z"}},{"type":"Feature","geometry":{"type":"Point","coordinates":[127.0612,37.469]},"properties":{"ref":"HL/SL-006","name":"구룡산 (Guryongsan)","name_kanji":null,"alt_m":306,"points":1,"region_code":"SL","region_name":"Seoul","activations":23,"last_activation":"2025-12-04T00:00:00Z"}},{"type":"Feature","geometry":{"type":"Point","coordinates":[127.0089,37.471]},"properties":{"ref":"HL/SL-007","name":"우면산 (Umyeonsan)","name_kanji":null,"alt_m":293,"points":1,"region_code":"SL","region_name":"Seoul","activations":17,"last_activation":"2025-07-13T00:00:00Z"}},{"type":"Feature","geometry":{"type":"Point","coordinates":[126.946,37.5767]},"properties":{"ref":"HL/SL-008","name":"안산 (Ansan)","name_kanji":null,"alt_m":280,"points":1,"region_code":"SL","region_name":"Seoul","activations":43,"last_activation":"2025-09-05T00:00:00Z"}},{"type":"Feature","geometry":{"type":"Point","coordinates":[126.9883,37.5514]},"properties":{"ref":"HL/SL-009","name":"남산 (Namsan)","name_kanji":null,"alt_m":262,"points":1,"region_code":"SL","region_name":"Seoul","activations":27,"last_activation":"2026-02-16T00:00:00Z"}},{"type":"Feature","geometry":{"type":"Point","coordinates":[126.9085,37.6295]},"properties":{"ref":"HL/SL-010","name":"앵봉산 (Aengbongsan)","name_kanji":null,"alt_m":236,"points":1,"region_code":"SL","region_name":"Seoul","activations":15,"last_activation":"2026-03-13T00:00:00Z"}},{"type":"Feature","geometry":{"type":"Point","coordinates":[126.9276,37.5906]},"properties":{"ref":"HL/SL-011","name":"백련산 (Baengnyeonsan)","name_kanji":null,"alt_m":220,"points":1,"region_code":"SL","region_name":"Seoul","activations":29,"last_activation":"2024-09-04T00:00:00Z"}},{"type":"Feature","geometry":{"type":"Point","coordinates":[126.9723,37.6322]},"properties":{"ref":"HL/SL-012","name":"문수봉 (Munsubong)","name_kanji":null,"alt_m":727,"points":4,"region_code":"SL","region_name":"Seoul","activations":50,"last_activation":"2025-08-08T00:00:00Z"}},{"type":"Feature","geometry":{"type":"Point","coordinates":[129.04828,35.540173]},"properties":{"ref":"HL/US-001","name":"신불산 (Sinbulsan)","name_kanji":null,"alt_m":1209,"points":10,"region_code":"US","region_name":"Ulsan","activations":54,"last_activation":"2026-02-15T00:00:00Z"}},{"type":"Feature","geometry":{"type":"Point","coordinates":[128.97136,35.559746]},"properties":{"ref":"HL/US-002","name":"천황산 (Cheonhwangsan)","name_kanji":null,"alt_m":1189,"points":8,"region_code":"US","region_name":"Ulsan","activations":54,"last_activation":"2026-03-07T00:00:00Z"}},{"type":"Feature","geometry":{"type":"Point","coordinates":[129.08527,35.64159]},"properties":{"ref":"HL/US-003","name":"고헌산 (Goheonsan)","name_kanji":null,"alt_m":1033,"points":8,"region_code":"US","region_name":"Ulsan","activations":39,"last_activation":"2026-01-21T00:00:00Z"}},{"type":"Feature","geometry":{"type":"Point","coordinates":[129.10321,35.671886]},"properties":{"ref":"HL/US-004","name":"백운산 (Baegunsan)","name_kanji":null,"alt_m":892,"points":6,"region_code":"US","region_name":"Ulsan","activations":11,"last_activation":"2025-02-23T00:00:00Z"}},{"type":"Feature","geometry":{"type":"Point","coordinates":[129.25797,35.683544]},"properties":{"ref":"HL/US-005","name":"묵장산 (Mukjangsan)","name_kanji":null,"alt_m":760,"points":4,"region_code":"US","region_name":"Ulsan","activations":6,"last_activation":"2025-01-30T00:00:00Z"}},{"type":"Feature","geometry":{"type":"Point","coordinates":[129.13078,35.45865]},"properties":{"ref":"HL/US-006","name":"정족산 (Jeongjoksan)","name_kanji":null,"alt_m":748,"points":4,"region_code":"US","region_name":"Ulsan","activations":20,"last_activation":"2026-01-28T00:00:00Z"}},{"type":"Feature","geometry":{"type":"Point","coordinates":[129.07188,35.67729]},"properties":{"ref":"HL/US-007","name":"불송골봉 (Bulsonggolbong)","name_kanji":null,"alt_m":740,"points":4,"region_code":"US","region_name":"Ulsan","activations":10,"last_activation":"2025-02-23T00:00:00Z"}},{"type":"Feature","geometry":{"type":"Point","coordinates":[129.13814,35.69417]},"properties":{"ref":"HL/US-008","name":"천마산 (Cheonmasan)","name_kanji":null,"alt_m":611,"points":2,"region_code":"US","region_name":"Ulsan","activations":4,"last_activation":"2026-02-01T00:00:00Z"}},{"type":"Feature","geometry":{"type":"Point","coordinates":[129.24226,35.630215]},"properties":{"ref":"HL/US-009","name":"국수봉 (Guksubong)","name_kanji":null,"alt_m":604,"points":2,"region_code":"US","region_name":"Ulsan","activations":10,"last_activation":"2026-02-10T00:00:00Z"}},{"type":"Feature","geometry":{"type":"Point","coordinates":[129.14873,35.67657]},"properties":{"ref":"HL/US-010","name":"아미산 (Amisan)","name_kanji":null,"alt_m":602,"points":2,"region_code":"US","region_name":"Ulsan","activations":7,"last_activation":"2026-02-03T00:00:00Z"}},{"type":"Feature","geometry":{"type":"Point","coordinates":[129.21524,35.534233]},"properties":{"ref":"HL/US-011","name":"문수산 (Munsusan)","name_kanji":null,"alt_m":600,"points":2,"region_code":"US","region_name":"Ulsan","activations":13,"last_activation":"2026-03-14T00:00:00Z"}},{"type":"Feature","geometry":{"type":"Point","coordinates":[129.21736,35.513325]},"properties":{"ref":"HL/US-012","name":"남암산 (Namamsan)","name_kanji":null,"alt_m":544,"points":2,"region_code":"US","region_name":"Ulsan","activations":11,"last_activation":"2026-03-14T00:00:00Z"}},{"type":"Feature","geometry":{"type":"Point","coordinates":[129.20477,35.63278]},"properties":{"ref":"HL/US-013","name":"연화산 (Yeonhwasan)","name_kanji":null,"alt_m":532,"points":2,"region_code":"US","region_name":"Ulsan","activations":11,"last_activation":"2026-01-22T00:00:00Z"}},{"type":"Feature","geometry":{"type":"Point","coordinates":[129.13057,35.64364]},"properties":{"ref":"HL/US-014","name":"마병산 (Mabyeongsan)","name_kanji":null,"alt_m":511,"points":2,"region_code":"US","region_name":"Ulsan","activations":7,"last_activation":"2026-02-04T00:00:00Z"}},{"type":"Feature","geometry":{"type":"Point","coordinates":[129.17558,35.71582]},"properties":{"ref":"HL/US-015","name":"HL/US-015","name_kanji":null,"alt_m":460,"points":1,"region_code":"US","region_name":"Ulsan","activations":2,"last_activation":"2026-03-21T00:00:00Z"}},{"type":"Feature","geometry":{"type":"Point","coordinates":[129.39827,35.590164]},"properties":{"ref":"HL/US-016","name":"무룡산 (Muryongsan)","name_kanji":null,"alt_m":451,"points":1,"region_code":"US","region_name":"Ulsan","activations":11,"last_activation":"2026-03-21T00:00:00Z"}},{"type":"Feature","geometry":{"type":"Point","coordinates":[129.19096,35.472034]},"properties":{"ref":"HL/US-017","name":"운암산 (Unamsan)","name_kanji":null,"alt_m":418,"points":1,"region_code":"US","region_name":"Ulsan","activations":2,"last_activation":"2025-11-22T00:00:00Z"}},{"type":"Feature","geometry":{"type":"Point","coordinates":[129.16498,35.694534]},"properties":{"ref":"HL/US-018","name":"HL/US-018","name_kanji":null,"alt_m":400,"points":1,"region_code":"US","region_name":"Ulsan","activations":2,"last_activation":"2026-03-21T00:00:00Z"}},{"type":"Feature","geometry":{"type":"Point","coordinates":[129.23134,35.45424]},"properties":{"ref":"HL/US-019","name":"봉화산 (Bonghwasan)","name_kanji":null,"alt_m":377,"points":1,"region_code":"US","region_name":"Ulsan","activations":3,"last_activation":"2025-11-22T00:00:00Z"}},{"type":"Feature","geometry":{"type":"Point","coordinates":[129.2499,35.45435]},"properties":{"ref":"HL/US-020","name":"화장산 (Hwajangsan)","name_kanji":null,"alt_m":362,"points":1,"region_code":"US","region_name":"Ulsan","activations":3,"last_activation":"2025-08-24T00:00:00Z"}},{"type":"Feature","geometry":{"type":"Point","coordinates":[129.10234,35.5575]},"properties":{"ref":"HL/US-021","name":"봉화산 (Bonghwasan)","name_kanji":null,"alt_m":349,"points":1,"region_code":"US","region_name":"Ulsan","activations":2,"last_activation":"2025-03-01T00:00:00Z"}}]}